ts_ms,oi
1704060000000,198101.58
1704063600000,196204.84
1704067200000,198408.32
1704070800000,200351.01
1704074400000,200056.12
1704078000000,202098.43
1704081600000,205018.61
1704085200000,205049.76
1704088800000,204602.1
1704092400000,210241.72
1704096000000,211353.98
1704099600000,211868.98
1704103200000,209132.73
1704106800000,208885.47
1704110400000,208711.77
1704114000000,212409.35
1704117600000,210258.05
1704121200000,209925.37
1704124800000,216301.62
1704128400000,216806.29
1704132000000,216542.63
1704135600000,216836.73
1704139200000,217193.36
1704142800000,216105.42
1704146400000,215875.43
1704150000000,216479.22
1704153600000,215875.78
1704157200000,213820.66
1704160800000,214016.56
1704164400000,213958.04
1704168000000,214826.5
1704171600000,214601.37
1704175200000,216925.8
1704178800000,217658.59
1704182400000,217022.03
1704186000000,216303.48
1704189600000,217767.12
1704193200000,217608.3
1704196800000,218387.92
1704200400000,219226.34
1704204000000,218313.96
1704207600000,215036.68
1704211200000,217873.05
1704214800000,219414.09
1704218400000,218841.86
1704222000000,218674.36
1704225600000,217568.42
1704229200000,218305.77
1704232800000,217684.55
1704236400000,216690.96
1704240000000,216258.28
1704243600000,215527.05
1704247200000,215156.98
1704250800000,216832.4
1704254400000,216620.34
1704258000000,217729.06
1704261600000,218077.12
1704265200000,218508.24
1704268800000,217280.23
1704272400000,217120.43
1704276000000,218768.07
1704279600000,215249.25
1704283200000,210819.48
1704286800000,157650.85999999
1704290400000,155185.72
1704294000000,151996.78
1704297600000,157934.39
1704301200000,162102.35999999
1704304800000,162464.53
1704308400000,161106.46
1704312000000,161668.48
1704315600000,161378.16
1704319200000,161452.89
1704322800000,161249.51999999
1704326400000,161189.93
1704330000000,159391.0
1704333600000,158522.53
1704337200000,158292.09
1704340800000,159539.47
1704344400000,160678.04999999
1704348000000,160828.26
1704351600000,161587.32999999
1704355200000,161443.79999999
1704358800000,161470.16
1704362400000,161879.06
1704366000000,165134.53
1704369600000,164950.39
1704373200000,164174.19
1704376800000,165750.81
1704380400000,165350.65
1704384000000,168211.76
1704387600000,167001.29999999
1704391200000,165746.54
1704394800000,165658.16
1704398400000,166457.82
1704402000000,167977.85
1704405600000,168820.0
1704409200000,169368.38
1704412800000,169623.49
1704416400000,171936.32
1704420000000,165061.98
1704423600000,166443.51999999
1704427200000,166391.79999999
1704430800000,167477.51999999
1704434400000,167203.69
1704438000000,165140.24
1704441600000,164696.59
1704445200000,164106.2
1704448800000,165153.54
1704452400000,166886.46
1704456000000,168343.99
1704459600000,168972.24
1704463200000,169489.91
1704466800000,168120.96
1704470400000,169965.81
1704474000000,170098.85
1704477600000,170019.53
1704481200000,170379.34
1704484800000,170963.37
1704488400000,171323.4
1704492000000,170750.54
1704495600000,170437.9
1704499200000,171743.26999999
1704502800000,184966.61
1704506400000,184081.76
1704510000000,184058.4
1704513600000,183361.95
1704517200000,183672.68
1704520800000,181371.48
1704524400000,183650.23
1704528000000,177944.18
1704531600000,179419.66
1704535200000,179389.11
1704538800000,179240.81
1704542400000,179824.45
1704546000000,179431.82
1704549600000,178759.03
1704553200000,177494.72
1704556800000,179128.54
1704560400000,179033.41
1704564000000,177826.91
1704567600000,177693.99
1704571200000,177754.43
1704574800000,178763.48
1704578400000,178521.23
1704582000000,178361.58
1704585600000,177979.27
1704589200000,178251.89
1704592800000,178260.52
1704596400000,178047.08
1704600000000,178424.06
1704603600000,177482.58
1704607200000,176607.62
1704610800000,176353.46
1704614400000,176335.65
1704618000000,175441.65
1704621600000,174665.60999999
1704625200000,174770.79999999
1704628800000,174707.62
1704632400000,174822.73
1704636000000,174861.98
1704639600000,174844.53
1704643200000,175220.82
1704646800000,174713.79
1704650400000,175575.73
1704654000000,175443.1
1704657600000,175466.97
1704661200000,175188.23
1704664800000,173933.57
1704668400000,173754.72
1704672000000,173536.57999999
1704675600000,174195.44
1704679200000,175475.7
1704682800000,159923.57999999
1704686400000,159251.76999999
1704690000000,158713.23
1704693600000,157006.07999999
1704697200000,155254.48
1704700800000,155491.71
1704704400000,155955.12
1704708000000,155036.25
1704711600000,155109.51
1704715200000,155087.53
1704718800000,153756.84
1704722400000,153243.53
1704726000000,152423.23
1704729600000,152536.57
1704733200000,152723.69
1704736800000,152026.64
1704740400000,151074.99
1704744000000,150981.17
1704747600000,149643.82999999
1704751200000,149634.68
1704754800000,149937.82999999
1704758400000,150770.32
1704762000000,151415.32999999
1704765600000,151676.26
1704769200000,151407.6
1704772800000,151869.91
1704776400000,150659.85
1704780000000,146429.35
1704783600000,145861.46
1704787200000,143556.4
1704790800000,140884.63
1704794400000,139201.62
1704798000000,140131.87
1704801600000,139988.85999999
1704805200000,138027.4
1704808800000,139242.96
1704812400000,137226.37
1704816000000,135429.76999999
1704819600000,134973.93
1704823200000,134880.35
1704826800000,134694.43
1704830400000,134562.62
1704834000000,134442.01
1704837600000,132481.82
1704841200000,132104.01999999
1704844800000,132071.95
1704848400000,132671.85999999
1704852000000,132410.1
1704855600000,134611.74
1704859200000,134737.9
1704862800000,134595.32
1704866400000,134315.98
1704870000000,134543.72
1704873600000,134687.51999999
1704877200000,134980.93
1704880800000,134911.35999999
1704884400000,135824.7
1704888000000,135987.71
1704891600000,134354.38
1704895200000,133753.18
1704898800000,133959.26
1704902400000,133700.14
1704906000000,133548.68
1704909600000,134696.76
1704913200000,134612.23
1704916800000,136160.04999999
1704920400000,135073.78
1704924000000,146285.98
1704927600000,155655.93
1704931200000,151769.04
1704934800000,152402.1
1704938400000,150602.31
1704942000000,151067.49
1704945600000,151268.10999999
1704949200000,152239.19
1704952800000,151425.81
1704956400000,149730.59
1704960000000,151727.2
1704963600000,157065.88
1704967200000,157237.25
1704970800000,157990.84
1704974400000,159327.34
1704978000000,160303.66
1704981600000,159062.46
1704985200000,160230.87
1704988800000,154657.51999999
1704992400000,151320.57999999
1704996000000,149794.26999999
1704999600000,149861.81
1705003200000,150189.26999999
1705006800000,150808.2
1705010400000,152046.48
1705014000000,151955.82999999
1705017600000,154350.65
1705021200000,159637.32
1705024800000,161325.44
1705028400000,162366.98
1705032000000,165420.53
1705035600000,169708.29999999
1705039200000,173277.72
1705042800000,176323.14
1705046400000,178348.82
1705050000000,179784.26
1705053600000,179869.11
1705057200000,180472.92
1705060800000,180495.48
1705064400000,180507.99
1705068000000,182273.06
1705071600000,182487.74
1705075200000,172583.21
1705078800000,162383.97
1705082400000,157354.04999999
1705086000000,156593.04999999
1705089600000,156496.29
1705093200000,157605.42
1705096800000,157830.64
1705100400000,164408.23
1705104000000,163964.37
1705107600000,163464.25
1705111200000,163588.13
1705114800000,163685.87
1705118400000,163645.06
1705122000000,164011.76
1705125600000,163896.53
1705129200000,163904.79
1705132800000,163679.35
1705136400000,164490.68
1705140000000,163936.71
1705143600000,164132.04
1705147200000,164240.42
1705150800000,164892.97
1705154400000,165331.29
1705158000000,166060.12
1705161600000,166242.0
1705165200000,167156.54
1705168800000,166940.03
1705172400000,167876.54999999
1705176000000,168674.28
1705179600000,167701.18
1705183200000,168981.04999999
1705186800000,169939.79
1705190400000,168719.43
1705194000000,167690.53
1705197600000,168727.39
1705201200000,168968.24
1705204800000,168362.18
1705208400000,168858.76999999
1705212000000,173184.81
1705215600000,175757.21
1705219200000,175975.75
1705222800000,177142.83
1705226400000,178222.09
1705230000000,179566.43
1705233600000,179947.39
1705237200000,180619.2
1705240800000,184956.58
1705244400000,185029.4
1705248000000,186268.26
1705251600000,186399.09
1705255200000,187107.27
1705258800000,188149.93
1705262400000,189693.25
1705266000000,189984.14
1705269600000,190439.16
1705273200000,191546.32
1705276800000,194547.31
1705280400000,197852.75
1705284000000,199106.93
1705287600000,199923.01
1705291200000,201889.74
1705294800000,210782.53
1705298400000,217101.8
1705302000000,229558.22
1705305600000,225257.46
1705309200000,229585.27
1705312800000,232585.6
1705316400000,231930.72
1705320000000,231802.48
1705323600000,218141.54
1705327200000,206985.0
1705330800000,194318.75
1705334400000,193013.51
1705338000000,192279.99
1705341600000,191144.67
1705345200000,190157.27
1705348800000,191936.39
1705352400000,190513.97
1705356000000,189212.41
1705359600000,190339.54
1705363200000,198277.34
1705366800000,191881.16
1705370400000,192786.5
1705374000000,191555.57
1705377600000,189932.55
1705381200000,188641.01
1705384800000,188406.09
1705388400000,189178.81
1705392000000,188588.99
1705395600000,191899.35
1705399200000,193744.26
1705402800000,195964.33
1705406400000,197580.2
1705410000000,199274.26
1705413600000,200232.51
1705417200000,197916.83
1705420800000,203825.27
1705424400000,203041.02
1705428000000,203805.27
1705431600000,203184.7
1705435200000,200749.89
1705438800000,200749.43
1705442400000,200552.8
1705446000000,199785.64
1705449600000,199507.64
1705453200000,199062.27
1705456800000,198151.4
1705460400000,199658.44
1705464000000,202849.72
1705467600000,202986.07
1705471200000,198042.53
1705474800000,198193.59
1705478400000,203190.98
1705482000000,200707.9
1705485600000,200989.35
1705489200000,202338.75
1705492800000,202632.65
1705496400000,194807.47
1705500000000,191507.91
1705503600000,189600.35
1705507200000,189758.83
1705510800000,189323.22
1705514400000,188657.89
1705518000000,178027.35
1705521600000,165845.35
1705525200000,161296.51999999
1705528800000,160903.07999999
1705532400000,160215.17
1705536000000,158722.37
1705539600000,159032.59
1705543200000,158316.39
1705546800000,156431.66
1705550400000,156133.45
1705554000000,157237.69
1705557600000,157693.76999999
1705561200000,157579.82
1705564800000,157767.60999999
1705568400000,157926.9
1705572000000,157523.38
1705575600000,157037.92
1705579200000,156982.6
1705582800000,156023.51999999
1705586400000,156813.74
1705590000000,155251.73
1705593600000,157477.59
1705597200000,155221.01999999
1705600800000,154833.68
1705604400000,154679.89
1705608000000,154963.26999999
1705611600000,155237.32999999
1705615200000,155420.07999999
1705618800000,155563.53
1705622400000,155106.01
1705626000000,152721.06
1705629600000,152392.31
1705633200000,151930.03
1705636800000,150888.29
1705640400000,151609.63
1705644000000,150814.89
1705647600000,152572.6
1705651200000,150035.79
1705654800000,152083.16
1705658400000,151799.44
1705662000000,151575.84
1705665600000,154064.57999999
1705669200000,155171.54999999
1705672800000,157633.16
1705676400000,157243.29999999
1705680000000,157751.32
1705683600000,158688.75
1705687200000,153819.93
1705690800000,152853.81
1705694400000,153510.28
1705698000000,153161.01999999
1705701600000,153105.54999999
1705705200000,152877.32999999
1705708800000,152820.49
1705712400000,152990.91
1705716000000,153653.34
1705719600000,153467.82999999
1705723200000,154393.95
1705726800000,154234.31
1705730400000,154938.23
1705734000000,154590.59
1705737600000,155096.07
1705741200000,154769.26999999
1705744800000,153701.69
1705748400000,154512.88
1705752000000,154979.37
1705755600000,155247.79999999
1705759200000,155272.67
1705762800000,154600.96
1705766400000,154056.76999999
1705770000000,154042.10999999
1705773600000,154255.95
1705777200000,154948.01
1705780800000,155072.45
1705784400000,154394.54
1705788000000,154740.07
1705791600000,153953.28
1705795200000,154897.26999999
1705798800000,157372.74
1705802400000,157701.26
1705806000000,158745.13
1705809600000,158746.79
1705813200000,159504.57
1705816800000,160720.88
1705820400000,161443.29999999
1705824000000,161494.7
1705827600000,161312.14
1705831200000,161152.04999999
1705834800000,163411.96
1705838400000,162679.31
1705842000000,163089.84
1705845600000,162944.42
1705849200000,162591.31
1705852800000,163482.95
1705856400000,164020.04999999
1705860000000,164274.07999999
1705863600000,165351.99
1705867200000,165577.26
1705870800000,166597.54999999
1705874400000,166635.19
1705878000000,166336.98
1705881600000,167128.56
1705885200000,166623.38
1705888800000,165089.03
1705892400000,165865.82
1705896000000,165037.22
1705899600000,164793.09
1705903200000,164122.54999999
1705906800000,164526.78
1705910400000,164641.39
1705914000000,164203.82999999
1705917600000,163512.32999999
1705921200000,162716.1
1705924800000,163347.5
1705928400000,163821.10999999
1705932000000,164106.19
1705935600000,164761.53
1705939200000,163842.95
1705942800000,163506.38
1705946400000,163978.39
1705950000000,163244.91
1705953600000,162700.88
1705957200000,161997.85999999
1705960800000,161875.72
1705964400000,162212.89
1705968000000,160850.91
1705971600000,160473.19
1705975200000,160351.07999999
1705978800000,159410.34
1705982400000,159277.15
1705986000000,159412.53
1705989600000,159055.97
1705993200000,159110.72
1705996800000,158394.04
1706000400000,159284.26
1706004000000,155630.45
1706007600000,154308.91
1706011200000,154436.23
1706014800000,153509.04
1706018400000,153770.64
1706022000000,154786.5
1706025600000,155161.18
1706029200000,155243.82999999
1706032800000,155062.51999999
1706036400000,155282.91
1706040000000,155828.17
1706043600000,154721.82999999
1706047200000,154246.98
1706050800000,153877.62
1706054400000,154282.51999999
1706058000000,153371.53
1706061600000,153656.65
1706065200000,153646.60999999
1706068800000,153470.03
1706072400000,154349.47
1706076000000,153803.1
1706079600000,154166.42
1706083200000,154384.5
1706086800000,157047.04999999
1706090400000,156928.10999999
1706094000000,157535.64
1706097600000,158867.04
1706101200000,162932.82999999
1706104800000,161815.49
1706108400000,162587.16
1706112000000,162397.16
1706115600000,158252.29999999
1706119200000,157732.28
1706122800000,157444.09
1706126400000,158828.32999999
1706130000000,159176.26999999
1706133600000,159000.57
1706137200000,159430.04999999
1706140800000,160427.56
1706144400000,160458.98
1706148000000,161129.78
1706151600000,161704.78
1706155200000,162456.51
1706158800000,162878.88
1706162400000,163411.38
1706166000000,163596.81
1706169600000,164588.98
1706173200000,164731.91
1706176800000,163893.48
1706180400000,161557.38
1706184000000,159340.01999999
1706187600000,155046.95
1706191200000,156314.25
1706194800000,157107.18
1706198400000,155859.32
1706202000000,154604.19
1706205600000,155129.13
1706209200000,154936.48
1706212800000,154539.74
1706216400000,154327.99
1706220000000,155064.79999999
1706223600000,154688.26999999
1706227200000,154223.35999999
1706230800000,153197.75
1706234400000,152532.23
1706238000000,153071.39
1706241600000,154188.95
1706245200000,153446.82
1706248800000,153855.66
1706252400000,153879.35999999
1706256000000,153631.31
1706259600000,153802.54999999
1706263200000,152115.10999999
1706266800000,152399.2
1706270400000,151681.04
1706274000000,151377.99
1706277600000,151054.63
1706281200000,151837.64
1706284800000,151108.6
1706288400000,152577.74
1706292000000,151992.62
1706295600000,151905.41
1706299200000,150964.41
1706302800000,150766.96
1706306400000,152032.04999999
1706310000000,150981.9
1706313600000,149519.35
1706317200000,148067.51
1706320800000,147442.03
1706324400000,146973.95
1706328000000,145573.01
1706331600000,145486.07999999
1706335200000,145288.4
1706338800000,145614.99
1706342400000,148729.35
1706346000000,148694.26
1706349600000,148896.26999999
1706353200000,148629.35
1706356800000,148867.14
1706360400000,149029.99
1706364000000,150665.10999999
1706367600000,150327.32999999
1706371200000,150947.9
1706374800000,150662.74
1706378400000,150486.2
1706382000000,148985.66
1706385600000,148520.32
1706389200000,149350.21
1706392800000,147386.99
1706396400000,146983.63
1706400000000,147210.39
1706403600000,147448.21
1706407200000,147405.29
1706410800000,147836.14
1706414400000,147676.85
1706418000000,146244.92
1706421600000,143745.79
1706425200000,144100.87
1706428800000,143942.73
1706432400000,145214.47
1706436000000,145350.89
1706439600000,145621.82
1706443200000,144787.51999999
1706446800000,144204.19
1706450400000,144222.26999999
1706454000000,144783.1
1706457600000,144696.72
1706461200000,145030.94
1706464800000,145169.64
1706468400000,144646.67
1706472000000,145025.48
1706475600000,145198.16
1706479200000,145420.99
1706482800000,145190.32999999
1706486400000,145501.54999999
1706490000000,145371.54
1706493600000,145068.84
1706497200000,145092.32
1706500800000,145448.09
1706504400000,145083.91
1706508000000,144958.46
1706511600000,144881.16
1706515200000,144967.95
1706518800000,144566.60999999
1706522400000,143660.22
1706526000000,143804.2
1706529600000,144622.72
1706533200000,144997.13
1706536800000,143373.51
1706540400000,142895.29
1706544000000,142739.34
1706547600000,141233.99
1706551200000,142153.12
1706554800000,141490.39
1706558400000,141627.6
1706562000000,141701.60999999
1706565600000,141740.5
1706569200000,141987.87
1706572800000,141753.62
1706576400000,141501.62
1706580000000,140717.07
1706583600000,140709.57999999
1706587200000,140736.68
1706590800000,140596.06
1706594400000,140339.0
1706598000000,140302.96
1706601600000,140668.03
1706605200000,140757.35
1706608800000,141447.07
1706612400000,141894.69
1706616000000,142335.49
1706619600000,140762.92
1706623200000,141902.46
1706626800000,141741.10999999
1706630400000,142209.57999999
1706634000000,141715.76
1706637600000,142532.03
1706641200000,142138.67
1706644800000,142100.68
1706648400000,142822.88
1706652000000,142235.57999999
1706655600000,141761.26999999
1706659200000,140207.59
1706662800000,139541.5
1706666400000,140131.5
1706670000000,140517.54999999
1706673600000,140620.21
1706677200000,140550.07999999
1706680800000,141431.26999999
1706684400000,141316.29
1706688000000,141701.26999999
1706691600000,141389.69
1706695200000,141006.34
1706698800000,140509.87
1706702400000,141431.93
1706706000000,141878.42
1706709600000,141431.56
1706713200000,141399.7
1706716800000,140208.18
1706720400000,140240.07999999
1706724000000,140310.5
1706727600000,140044.32
1706731200000,139990.73
1706734800000,140685.19
1706738400000,139173.89
1706742000000,139008.60999999
1706745600000,139419.25
1706749200000,139759.19
1706752800000,139915.73
1706756400000,140684.82999999
1706760000000,148949.17
1706763600000,150525.35999999
1706767200000,151412.41
1706770800000,152112.85
1706774400000,153679.82999999
1706778000000,153598.69
1706781600000,153591.21
1706785200000,153246.41
1706788800000,152201.54999999
1706792400000,145625.01
1706796000000,144995.97
1706799600000,145738.25
1706803200000,145332.97
1706806800000,145967.23
1706810400000,145011.15
1706814000000,144895.60999999
1706817600000,144561.47
1706821200000,144848.48
1706824800000,144813.42
1706828400000,144599.29999999
1706832000000,144572.93
1706835600000,143883.88
1706839200000,143953.26
1706842800000,144073.72
1706846400000,144080.66
1706850000000,144301.29
1706853600000,143829.94
1706857200000,143849.10999999
1706860800000,142801.47
1706864400000,142639.85
1706868000000,142899.95
1706871600000,143354.73
1706875200000,143188.69
1706878800000,143398.43
1706882400000,143387.16
1706886000000,143211.85999999
1706889600000,142781.39
1706893200000,142673.60999999
1706896800000,142461.06
1706900400000,142632.04999999
1706904000000,142553.29999999
1706907600000,142517.51999999
1706911200000,142659.46
1706914800000,142608.79999999
1706918400000,142841.64
1706922000000,142796.46
1706925600000,143299.76999999
1706929200000,142709.0
1706932800000,142759.18
1706936400000,142772.88
1706940000000,142834.95
1706943600000,142713.73
1706947200000,143085.82
1706950800000,143308.64
1706954400000,143576.38
1706958000000,143425.24
1706961600000,143640.85999999
1706965200000,143667.85999999
1706968800000,145757.32
1706972400000,145830.74
1706976000000,146270.88
1706979600000,146189.79999999
1706983200000,145808.9
1706986800000,146079.54
1706990400000,144868.94
1706994000000,145092.18
1706997600000,145220.29999999
1707001200000,145936.78
1707004800000,146252.97
1707008400000,147320.79999999
1707012000000,146284.79999999
1707015600000,146523.49
1707019200000,150866.84
1707022800000,151770.25
1707026400000,155337.60999999
1707030000000,155739.4
1707033600000,162721.12
1707037200000,163508.26
1707040800000,165607.34
1707044400000,173160.10999999
1707048000000,174783.57
1707051600000,174999.60999999
1707055200000,174970.56
1707058800000,179592.71
1707062400000,181177.02
1707066000000,181620.52
1707069600000,182775.29
1707073200000,183013.29
1707076800000,182647.52
1707080400000,182143.09
1707084000000,182744.8
1707087600000,184046.4
1707091200000,184661.66
1707094800000,185932.03
1707098400000,186234.85
1707102000000,187125.21
1707105600000,189753.1
1707109200000,190236.35
1707112800000,195477.21
1707116400000,198349.14
1707120000000,198453.23
1707123600000,197081.49
1707127200000,194235.01
1707130800000,193185.62
1707134400000,195989.86
1707138000000,190990.34
1707141600000,183796.34
1707145200000,170380.84
1707148800000,166950.56
1707152400000,165046.78
1707156000000,166413.06
1707159600000,166432.88
1707163200000,166324.75
1707166800000,165566.85
1707170400000,165714.76
1707174000000,164998.5
1707177600000,165219.23
1707181200000,165219.37
1707184800000,164512.53
1707188400000,164498.26
1707192000000,164526.98
1707195600000,164310.2
1707199200000,164404.1
1707202800000,164289.01
1707206400000,164459.19
1707210000000,162652.1
1707213600000,162825.35999999
1707217200000,158958.67
1707220800000,159092.82
1707224400000,158219.88
1707228000000,159095.10999999
1707231600000,157243.44
1707235200000,157797.21
1707238800000,158280.28
1707242400000,158791.14
1707246000000,158555.79999999
1707249600000,158681.01999999
1707253200000,158071.79999999
1707256800000,158155.82
1707260400000,158299.06
1707264000000,158295.01999999
1707267600000,158341.96
1707271200000,157948.94
1707274800000,158232.09
1707278400000,158459.97
1707282000000,171395.94
1707285600000,177940.68
1707289200000,178724.95
1707292800000,180146.48
1707296400000,181605.71
1707300000000,182644.8
1707303600000,186510.83
1707307200000,186287.72
1707310800000,186044.24
1707314400000,187021.5
1707318000000,191844.99
1707321600000,191464.65
1707325200000,191171.36
1707328800000,192042.91
1707332400000,192831.34
1707336000000,194735.24
1707339600000,195557.05
1707343200000,196918.11
1707346800000,196200.66
1707350400000,196290.19
1707354000000,199525.58
1707357600000,200388.92
1707361200000,198182.57
1707364800000,195218.82
1707368400000,192766.44
1707372000000,188527.24
1707375600000,187522.5
1707379200000,187884.75
1707382800000,187833.24
1707386400000,190299.76
1707390000000,189380.22
1707393600000,189731.52
1707397200000,189631.86
1707400800000,188685.66
1707404400000,185308.64
1707408000000,181472.15
1707411600000,185786.59
1707415200000,184759.95
1707418800000,183659.13
1707422400000,183441.56
1707426000000,183142.32
1707429600000,183413.82
1707433200000,183012.49
1707436800000,179861.92
1707440400000,177374.3
1707444000000,180646.81
1707447600000,178143.61
1707451200000,177350.25
1707454800000,177140.37
1707458400000,175412.1
1707462000000,175750.13
1707465600000,175201.9
1707469200000,175464.10999999
1707472800000,174931.1
1707476400000,176148.41
1707480000000,179434.65
1707483600000,178825.29
1707487200000,179915.33
1707490800000,178621.23
1707494400000,178894.68
1707498000000,177666.2
1707501600000,177659.6
1707505200000,176603.91
1707508800000,174165.96
1707512400000,174057.09
1707516000000,171990.17
1707519600000,171053.98
1707523200000,170272.35999999
1707526800000,170122.49
1707530400000,170177.35
1707534000000,168873.04999999
1707537600000,168746.51
1707541200000,169049.29
1707544800000,169236.51
1707548400000,169232.26999999
1707552000000,169581.29999999
1707555600000,168264.85999999
1707559200000,167825.85999999
1707562800000,159774.92
1707566400000,160111.92
1707570000000,159541.78
1707573600000,159984.18
1707577200000,160137.38
1707580800000,160633.56
1707584400000,159982.18
1707588000000,159594.98
1707591600000,159186.78
1707595200000,158970.65
1707598800000,158631.74
1707602400000,158828.16
1707606000000,158183.41
1707609600000,158780.85999999
1707613200000,159875.29999999
1707616800000,160652.14
1707620400000,160209.04
1707624000000,160932.94
1707627600000,159548.39
1707631200000,159804.81
1707634800000,160592.07999999
1707638400000,160389.2
1707642000000,161472.22
1707645600000,161686.07
1707649200000,162071.26999999
1707652800000,161941.18
1707656400000,162579.6
1707660000000,159507.35999999
1707663600000,155308.32999999
1707667200000,153704.2
1707670800000,153022.35999999
1707674400000,152617.57999999
1707678000000,152726.63
1707681600000,152641.25
1707685200000,153047.35999999
1707688800000,153026.54
1707692400000,152998.57999999
1707696000000,153296.76
1707699600000,152924.10999999
1707703200000,151946.78
1707706800000,151143.87
1707710400000,151592.45
1707714000000,151487.01999999
1707717600000,151778.24
1707721200000,150917.76
1707724800000,150591.82
1707728400000,150551.32
1707732000000,150308.54999999
1707735600000,150507.09
1707739200000,150625.13
1707742800000,150417.0
1707746400000,150594.35999999
1707750000000,150540.75
1707753600000,151609.38
1707757200000,150503.98
1707760800000,149904.60999999
1707764400000,150353.09
1707768000000,150250.19
1707771600000,151804.56
1707775200000,149922.13
1707778800000,149402.79999999
1707782400000,151797.28
1707786000000,150157.87
1707789600000,149365.14
1707793200000,150016.0
1707796800000,148855.57999999
1707800400000,146450.35999999
1707804000000,148819.0
1707807600000,149630.98
1707811200000,149645.88
1707814800000,150015.45
1707818400000,151225.44
1707822000000,149871.31
1707825600000,147146.93
1707829200000,146908.39
1707832800000,145497.62
1707836400000,144381.17
1707840000000,144783.38
1707843600000,143406.5
1707847200000,143144.9
1707850800000,143331.21
1707854400000,142212.79
1707858000000,142301.51999999
1707861600000,143220.44
1707865200000,142931.04999999
1707868800000,142929.82999999
1707872400000,142296.29
1707876000000,142207.39
1707879600000,142031.73
1707883200000,142788.88
1707886800000,142607.6
1707890400000,141179.10999999
1707894000000,144625.29
1707897600000,145208.75
1707901200000,144716.04999999
1707904800000,144679.85
1707908400000,144181.74
1707912000000,147568.62
1707915600000,142079.56
1707919200000,141758.28
1707922800000,141995.28
1707926400000,140995.42
1707930000000,142320.69
1707933600000,144145.69
1707937200000,142936.01
1707940800000,142792.89
1707944400000,142660.89
1707948000000,146576.87
1707951600000,146111.46
1707955200000,145870.84
1707958800000,148495.62
1707962400000,146997.25
1707966000000,146632.43
1707969600000,144919.06
1707973200000,146123.51
1707976800000,144794.73
1707980400000,143432.41
1707984000000,142648.06
1707987600000,142653.24
1707991200000,144016.87
1707994800000,145013.92
1707998400000,145279.07999999
1708002000000,147824.29
1708005600000,152595.62
1708009200000,158251.96
1708012800000,149378.24
1708016400000,146393.93
1708020000000,146691.32
1708023600000,146522.31
1708027200000,146471.85
1708030800000,145730.88
1708034400000,142509.13
1708038000000,141633.76
1708041600000,142256.25
1708045200000,142290.1
1708048800000,149053.06
1708052400000,147380.82
1708056000000,147050.5
1708059600000,148147.17
1708063200000,149062.5
1708066800000,148774.21
1708070400000,148526.12
1708074000000,153686.98
1708077600000,147850.32
1708081200000,147917.28
1708084800000,147836.57
1708088400000,147259.2
1708092000000,150025.49
1708095600000,148067.25
1708099200000,148499.98
1708102800000,147600.62
1708106400000,143866.15
1708110000000,144949.92
1708113600000,143740.99
1708117200000,143595.69
1708120800000,144075.73
1708124400000,143134.91
1708128000000,144999.57
1708131600000,146155.87
1708135200000,147151.81
1708138800000,146517.49
1708142400000,148640.29999999
1708146000000,148791.57
1708149600000,149234.51999999
1708153200000,148445.75
1708156800000,148579.97
1708160400000,148541.38
1708164000000,145813.54
1708167600000,145614.93
1708171200000,145275.28
1708174800000,144471.79999999
1708178400000,141655.91
1708182000000,142253.79
1708185600000,142284.87
1708189200000,143835.26999999
1708192800000,142784.60999999
1708196400000,142819.07
1708200000000,142889.24
1708203600000,141087.94
1708207200000,141315.28
1708210800000,140979.81
1708214400000,140406.81
1708218000000,142010.37
1708221600000,141527.17
1708225200000,142147.59
1708228800000,141741.67
1708232400000,142426.62
1708236000000,146237.5
1708239600000,144964.91
1708243200000,145194.28
1708246800000,145146.13
1708250400000,144558.76
1708254000000,143068.92
1708257600000,142714.06
1708261200000,147191.78
1708264800000,141843.09
1708268400000,141755.45
1708272000000,141404.79
1708275600000,139191.35999999
1708279200000,139137.10999999
1708282800000,139783.67
1708286400000,140261.54999999
1708290000000,141273.63
1708293600000,141453.63
1708297200000,141118.31
1708300800000,139938.57
1708304400000,138724.10999999
1708308000000,139380.93
1708311600000,139791.23
1708315200000,139403.49
1708318800000,139237.73
1708322400000,139662.97
1708326000000,140244.31
1708329600000,141109.84
1708333200000,140504.29
1708336800000,139693.88
1708340400000,139827.23
1708344000000,142515.24
1708347600000,144331.51
1708351200000,143829.85999999
1708354800000,143993.66
1708358400000,145702.51999999
1708362000000,150163.25
1708365600000,151056.60999999
1708369200000,151501.71
1708372800000,150689.49
1708376400000,151536.04999999
1708380000000,151798.42
1708383600000,153042.53
1708387200000,151243.15
1708390800000,155706.26
1708394400000,161730.26999999
1708398000000,165293.10999999
1708401600000,164904.15
1708405200000,163478.04999999
1708408800000,163853.28
1708412400000,163525.24
1708416000000,165527.54
1708419600000,165311.37
1708423200000,165818.28
1708426800000,169585.79999999
1708430400000,170170.75
1708434000000,172290.35
1708437600000,176840.34
1708441200000,173496.99
1708444800000,175425.07
1708448400000,174910.22
1708452000000,171894.45
1708455600000,174574.82
1708459200000,176183.68
1708462800000,176526.57
1708466400000,176690.47
1708470000000,177493.15
1708473600000,176178.37
1708477200000,177234.0
1708480800000,177932.16
1708484400000,177331.2
1708488000000,177733.86
1708491600000,179565.74
1708495200000,180447.4
1708498800000,181449.97
1708502400000,172230.19
1708506000000,163838.75
1708509600000,168154.62
1708513200000,172935.92
1708516800000,175087.09
1708520400000,178391.99
1708524000000,182393.74
1708527600000,181198.26
1708531200000,179259.28
1708534800000,183834.69
1708538400000,181236.75
1708542000000,177745.85
1708545600000,178554.84
1708549200000,183229.01
1708552800000,182577.33
1708556400000,181765.49
1708560000000,177789.41
1708563600000,173583.25
1708567200000,169473.16
1708570800000,163142.32999999
1708574400000,161378.12
1708578000000,160686.06
1708581600000,159104.87
1708585200000,158416.44
1708588800000,157918.9
1708592400000,159797.31
1708596000000,158774.04999999
1708599600000,160615.22
1708603200000,158632.57999999
1708606800000,161191.59
1708610400000,158464.96
1708614000000,158317.98
1708617600000,158859.54
1708621200000,158671.01
1708624800000,159807.47
1708628400000,158008.32
1708632000000,158515.16
1708635600000,161261.44
1708639200000,160465.78
1708642800000,158660.26
1708646400000,159378.48
1708650000000,158581.32999999
1708653600000,158547.96
1708657200000,157443.71
1708660800000,157777.14
1708664400000,156997.72
1708668000000,156274.64
1708671600000,156560.29
1708675200000,154101.54999999
1708678800000,154323.01
1708682400000,153878.82999999
1708686000000,152122.12
1708689600000,150774.17
1708693200000,148820.42
1708696800000,148198.01999999
1708700400000,148134.76999999
1708704000000,147206.15
1708707600000,145222.68
1708711200000,144880.14
1708714800000,144323.26999999
1708718400000,148351.7
1708722000000,147284.21
1708725600000,145799.4
1708729200000,145105.94
1708732800000,145308.9
1708736400000,145072.65
1708740000000,144676.29
1708743600000,144619.7
1708747200000,144425.29
1708750800000,146042.35
1708754400000,146155.98
1708758000000,146115.51999999
1708761600000,145707.26999999
1708765200000,144703.81
1708768800000,144786.87
1708772400000,146903.97
1708776000000,146563.17
1708779600000,145961.60999999
1708783200000,146080.17
1708786800000,146196.56
1708790400000,145945.93
1708794000000,145824.35999999
1708797600000,144489.18
1708801200000,144133.93
1708804800000,143987.38
1708808400000,144912.35999999
1708812000000,144369.26999999
1708815600000,144160.15
1708819200000,144708.1
1708822800000,144777.32999999
1708826400000,146559.35
1708830000000,145386.06
1708833600000,144921.37
1708837200000,143445.63
1708840800000,143129.93
1708844400000,143190.54999999
1708848000000,143789.85
1708851600000,143852.4
1708855200000,143949.39
1708858800000,144415.9
1708862400000,158836.45
1708866000000,161375.57
1708869600000,162802.51
1708873200000,163923.73
1708876800000,164336.10999999
1708880400000,165408.59
1708884000000,166096.6
1708887600000,165570.60999999
1708891200000,165067.41
1708894800000,164599.92
1708898400000,164980.5
1708902000000,164172.92
1708905600000,162898.92
1708909200000,160670.18
1708912800000,161632.21
1708916400000,158644.76
1708920000000,159241.15
1708923600000,160092.82
1708927200000,158891.37
1708930800000,163274.24
1708934400000,168009.01
1708938000000,169374.24
1708941600000,178633.56
1708945200000,180927.48
1708948800000,186248.17
1708952400000,186679.58
1708956000000,186243.35
1708959600000,187763.11
1708963200000,185204.01
1708966800000,175519.35999999
1708970400000,175416.60999999
1708974000000,175234.71
1708977600000,174362.04
1708981200000,169812.99
1708984800000,169138.01
1708988400000,165676.26
1708992000000,165389.94
1708995600000,165444.54
1708999200000,157555.99
1709002800000,146599.51
1709006400000,146494.18
1709010000000,148336.04
1709013600000,147584.26999999
1709017200000,146782.29
1709020800000,140827.29999999
1709024400000,140330.78
1709028000000,139154.1
1709031600000,139448.4
1709035200000,139105.84
1709038800000,138116.42
1709042400000,137678.29999999
1709046000000,139944.57999999
1709049600000,138655.07
1709053200000,137555.07999999
1709056800000,139926.81
1709060400000,139895.49
1709064000000,139937.67
1709067600000,139937.04
1709071200000,140429.95
1709074800000,139840.17
1709078400000,138826.41
1709082000000,138514.34
1709085600000,138578.74
1709089200000,138684.94
1709092800000,138422.13
1709096400000,138023.51999999
1709100000000,138109.25
1709103600000,137544.5
1709107200000,135928.60999999
1709110800000,134022.75
1709114400000,131027.7
1709118000000,130112.61
1709121600000,129387.74
1709125200000,131151.13
1709128800000,131342.82
1709132400000,131471.14
1709136000000,131503.28
1709139600000,130736.87
1709143200000,130449.44
1709146800000,132391.84
1709150400000,132795.04
1709154000000,132642.85999999
1709157600000,132792.81
1709161200000,131606.19
1709164800000,131655.85
1709168400000,132879.24
1709172000000,132829.4
1709175600000,131662.51
1709179200000,131862.01999999
1709182800000,131447.17
1709186400000,131767.21
1709190000000,130146.67
1709193600000,128921.29
1709197200000,126449.93
1709200800000,126742.8
1709204400000,126889.46
1709208000000,127922.8
1709211600000,127758.1
1709215200000,129126.57
1709218800000,130384.16
1709222400000,131567.16
1709226000000,135124.6
1709229600000,136906.89
1709233200000,137378.15
1709236800000,137100.19
1709240400000,137292.37
1709244000000,136754.67
1709247600000,133642.37
1709251200000,134326.76999999
1709254800000,134677.56
1709258400000,135410.89
1709262000000,135103.23
1709265600000,135070.82
1709269200000,134909.66
1709272800000,134798.32
1709276400000,134924.94
1709280000000,134128.19
1709283600000,134833.94
1709287200000,134988.37
1709290800000,135030.71
1709294400000,135141.79999999
1709298000000,134641.03
1709301600000,134686.31
1709305200000,133133.2
1709308800000,133168.13
1709312400000,131901.84
1709316000000,131584.78
1709319600000,131505.0
1709323200000,131272.32
1709326800000,130909.84
1709330400000,129959.63
1709334000000,129431.33
1709337600000,128664.07
1709341200000,128122.21
1709344800000,128171.32
1709348400000,128801.5
1709352000000,128668.73
1709355600000,128854.77
1709359200000,128859.06
1709362800000,129050.52
1709366400000,129702.12
1709370000000,129226.0
1709373600000,128849.17
1709377200000,127851.71
1709380800000,127500.31
1709384400000,127899.41
1709388000000,127922.85
1709391600000,127346.03
1709395200000,125775.66
1709398800000,125444.96
1709402400000,125376.3
1709406000000,124560.15
1709409600000,124355.48
1709413200000,123460.77
1709416800000,123265.21
1709420400000,122537.56
1709424000000,122166.2
1709427600000,123007.32
1709431200000,122724.75
1709434800000,122973.16
1709438400000,122837.46
1709442000000,123450.79
1709445600000,125502.53
1709449200000,124784.1
1709452800000,121439.28
1709456400000,123561.33
1709460000000,122821.26
1709463600000,123427.84
1709467200000,123368.45
1709470800000,123485.62
1709474400000,122927.44
1709478000000,122870.26
1709481600000,123995.35
1709485200000,124306.52
1709488800000,124211.64
1709492400000,123562.32
1709496000000,123218.84
1709499600000,123335.28
1709503200000,123831.38
1709506800000,122296.21
1709510400000,121963.15
1709514000000,120884.6
1709517600000,121715.92
1709521200000,122060.41
1709524800000,122085.13
1709528400000,122571.03
1709532000000,122856.04
1709535600000,123112.34
1709539200000,123294.11
1709542800000,118645.03
1709546400000,118900.1
1709550000000,117594.28
1709553600000,119330.44
1709557200000,120440.11
1709560800000,119338.09
1709564400000,118777.83
1709568000000,118770.62
1709571600000,117834.92
1709575200000,116211.11
1709578800000,115445.22
1709582400000,119249.97
1709586000000,119326.61
1709589600000,120342.34
1709593200000,120139.07
1709596800000,119248.68
1709600400000,119994.18
1709604000000,119865.9
1709607600000,119387.88
1709611200000,119043.1
1709614800000,120731.0
1709618400000,118174.8
1709622000000,116700.53
1709625600000,115325.62
1709629200000,114849.96
1709632800000,115524.43
1709636400000,116064.98
1709640000000,114986.17
1709643600000,115208.0
1709647200000,115547.11
1709650800000,117065.9
1709654400000,118100.15
1709658000000,128307.31
1709661600000,128117.62
1709665200000,128099.34
1709668800000,134604.16
1709672400000,130348.85
1709676000000,126117.59
1709679600000,123928.59
1709683200000,124553.92
1709686800000,124876.01
1709690400000,123944.89
1709694000000,123495.29
1709697600000,124484.61
1709701200000,130788.41
1709704800000,131073.51
1709708400000,130809.51
1709712000000,138211.87
1709715600000,137759.03
1709719200000,139680.39
1709722800000,129884.57
1709726400000,118503.87
1709730000000,114921.13
1709733600000,117049.36
1709737200000,117924.93
1709740800000,117979.2
1709744400000,118923.43
1709748000000,119578.51
1709751600000,119828.47
1709755200000,118969.17
1709758800000,119383.66
1709762400000,118816.03
1709766000000,119219.19
1709769600000,119274.62
1709773200000,120040.4
1709776800000,121375.53
1709780400000,121338.63
1709784000000,121108.1
1709787600000,122382.98
1709791200000,121435.16
1709794800000,121016.57
1709798400000,122073.76
1709802000000,124363.34
1709805600000,123592.09
1709809200000,125131.18
1709812800000,126546.89
1709816400000,129198.81
1709820000000,131373.4
1709823600000,130752.47
1709827200000,132095.45
1709830800000,131268.57
1709834400000,132702.60999999
1709838000000,134327.76
1709841600000,134241.82
1709845200000,134198.93
1709848800000,133341.9
1709852400000,133124.16
1709856000000,133358.04999999
1709859600000,132877.60999999
1709863200000,132658.91
1709866800000,132411.51999999
1709870400000,132932.7
1709874000000,133121.13
1709877600000,132803.29999999
1709881200000,132506.57
1709884800000,133074.13
1709888400000,133374.57999999
1709892000000,133609.89
1709895600000,133502.6
1709899200000,133253.24
1709902800000,131462.09
1709906400000,130755.79
1709910000000,130809.81
1709913600000,128456.27
1709917200000,126256.67
1709920800000,125640.08
1709924400000,126482.0
1709928000000,126987.6
1709931600000,126140.23
1709935200000,126473.45
1709938800000,126091.92
1709942400000,126269.1
1709946000000,127250.64
1709949600000,127066.2
1709953200000,127023.02
1709956800000,126793.2
1709960400000,126393.3
1709964000000,126822.48
1709967600000,127555.86
1709971200000,127057.76
1709974800000,129705.2
1709978400000,132666.25
1709982000000,136501.51999999
1709985600000,135293.73
1709989200000,134822.54999999
1709992800000,135055.21
1709996400000,134739.67
1710000000000,137888.76999999
1710003600000,138590.76999999
1710007200000,138225.63
1710010800000,138717.12
1710014400000,138817.32
1710018000000,138784.87
1710021600000,138764.0
1710025200000,138580.43
1710028800000,138812.09
1710032400000,139049.68
1710036000000,138768.95
1710039600000,138765.4
1710043200000,139024.99
1710046800000,137409.12
1710050400000,136971.59
1710054000000,136872.29999999
1710057600000,136542.64
1710061200000,137262.84
1710064800000,135079.01999999
1710068400000,136564.43
1710072000000,138181.51
1710075600000,138995.96
1710079200000,139924.5
1710082800000,141377.04999999
1710086400000,139900.91
1710090000000,138623.07999999
1710093600000,139371.51999999
1710097200000,139303.44
1710100800000,139169.07999999
1710104400000,139265.7
1710108000000,139431.42
1710111600000,139644.82999999
1710115200000,139674.74
1710118800000,137747.06
1710122400000,138161.96
1710126000000,140077.79
1710129600000,140902.99
1710133200000,140838.53
1710136800000,140795.98
1710140400000,139919.79999999
1710144000000,137283.85999999
1710147600000,137820.85999999
1710151200000,139770.9
1710154800000,141576.28
1710158400000,141667.28
1710162000000,139722.76
1710165600000,139262.59
1710169200000,140200.15
1710172800000,141652.48
1710176400000,146102.65
1710180000000,146822.6
1710183600000,147116.29
1710187200000,149312.91
1710190800000,149817.32
1710194400000,150196.25
1710198000000,156248.07999999
1710201600000,155301.6
1710205200000,159670.98
1710208800000,162481.99
1710212400000,162566.7
1710216000000,167869.26
1710219600000,168639.14
1710223200000,171836.60999999
1710226800000,174087.37
1710230400000,176752.59
1710234000000,178389.03
1710237600000,179409.44
1710241200000,178265.44
1710244800000,177014.6
1710248400000,177309.22
1710252000000,177512.26
1710255600000,163659.75
1710259200000,153903.79999999
1710262800000,149381.53
1710266400000,149564.04
1710270000000,150466.68
1710273600000,156891.66
1710277200000,153729.63
1710280800000,151982.67
1710284400000,152098.37
1710288000000,152055.87
1710291600000,151280.15
1710295200000,151527.67
1710298800000,151521.0
1710302400000,151473.74
1710306000000,152096.09
1710309600000,151338.66
1710313200000,151488.62
1710316800000,159392.73
1710320400000,160030.85
1710324000000,162271.24
1710327600000,164036.72
1710331200000,166045.78
1710334800000,167947.51999999
1710338400000,167276.98
1710342000000,163851.78
1710345600000,160899.12
1710349200000,160082.49
1710352800000,160674.63
1710356400000,160654.0
1710360000000,159205.07
1710363600000,160284.47
1710367200000,161931.14
1710370800000,165119.60999999
1710374400000,165618.54999999
1710378000000,162832.47
1710381600000,161777.5
1710385200000,160419.26999999
1710388800000,159267.12
1710392400000,155005.82999999
1710396000000,156582.07999999
1710399600000,162930.81
1710403200000,157726.4
1710406800000,157282.51
1710410400000,157637.78
1710414000000,157493.60999999
1710417600000,161505.15
1710421200000,163790.1
1710424800000,160719.01
1710428400000,161134.93
1710432000000,157721.57999999
1710435600000,161797.25
1710439200000,159683.99
1710442800000,158034.69
1710446400000,158702.71
1710450000000,158496.4
1710453600000,160415.79999999
1710457200000,159484.88
1710460800000,159760.89
1710464400000,162010.57
1710468000000,161415.76
1710471600000,160614.85999999
1710475200000,162212.66
1710478800000,164549.74
1710482400000,162350.13
1710486000000,164380.63
1710489600000,164610.62
1710493200000,163383.93
1710496800000,154924.29
1710500400000,152755.57999999
1710504000000,156093.29
1710507600000,153250.13
1710511200000,150335.62
1710514800000,147213.72
1710518400000,144628.67
1710522000000,144622.43
1710525600000,143910.29
1710529200000,144798.54
1710532800000,143513.87
1710536400000,144022.10999999
1710540000000,145080.56
1710543600000,147369.79
1710547200000,155811.54999999
1710550800000,155597.68
1710554400000,153703.79999999
1710558000000,152129.9
1710561600000,157774.39
1710565200000,158025.12
1710568800000,159248.93
1710572400000,154118.85999999
1710576000000,153973.72
1710579600000,154560.7
1710583200000,155679.42
1710586800000,157896.57
1710590400000,152944.10999999
1710594000000,150335.63
1710597600000,149689.95
1710601200000,148638.85
1710604800000,149588.51999999
1710608400000,149441.75
1710612000000,148818.01
1710615600000,148145.1
1710619200000,147117.65
1710622800000,147407.99
1710626400000,146809.65
1710630000000,146814.79
1710633600000,149393.5
1710637200000,148077.01
1710640800000,148605.84
1710644400000,150370.34
1710648000000,151268.89
1710651600000,150106.91
1710655200000,149794.89
1710658800000,148991.54
1710662400000,134778.94
1710666000000,132046.95
1710669600000,130814.91
1710673200000,129478.91
1710676800000,128132.3
1710680400000,128399.47
1710684000000,127834.2
1710687600000,127192.08
1710691200000,127257.44
1710694800000,126156.12
1710698400000,124827.4
1710702000000,123932.62
1710705600000,123586.6
1710709200000,123380.85
1710712800000,123599.8
1710716400000,123711.9
1710720000000,126612.24
1710723600000,133483.16
1710727200000,131982.21
1710730800000,132616.54999999
1710734400000,134020.31
1710738000000,135189.79
1710741600000,133437.78
1710745200000,134815.28
1710748800000,135588.76
1710752400000,134222.87
1710756000000,133160.95
1710759600000,132515.87
1710763200000,133471.57
1710766800000,133178.46
1710770400000,133164.32
1710774000000,133925.29
1710777600000,132151.45
1710781200000,130172.15
1710784800000,128458.56
1710788400000,128289.24
1710792000000,128158.39
1710795600000,128614.29
1710799200000,128328.88
1710802800000,127861.65
1710806400000,128726.73
1710810000000,128824.86
1710813600000,127085.0
1710817200000,125768.14
1710820800000,129053.55
1710824400000,129599.86
1710828000000,132310.12
1710831600000,132422.22
1710835200000,127551.45
1710838800000,128916.98
1710842400000,128408.77
1710846000000,128138.56
1710849600000,127564.57
1710853200000,125042.53
1710856800000,124518.19
1710860400000,125414.13
1710864000000,125120.6
1710867600000,122666.98
1710871200000,120578.77
1710874800000,120207.24
1710878400000,120043.53
1710882000000,120675.38
1710885600000,121224.7
1710889200000,122131.28
1710892800000,124493.05
1710896400000,123736.96
1710900000000,124381.5
1710903600000,125269.18
1710907200000,126546.63
1710910800000,126784.43
1710914400000,127594.02
1710918000000,127189.65
1710921600000,124528.99
1710925200000,124387.22
1710928800000,127467.83
1710932400000,127202.5
1710936000000,127528.24
1710939600000,124908.76
1710943200000,124484.49
1710946800000,125830.33
1710950400000,122516.61
1710954000000,123992.75
1710957600000,122799.64
1710961200000,121076.95
1710964800000,119074.39
1710968400000,118340.69
1710972000000,120601.63
1710975600000,120415.84
1710979200000,120801.43
1710982800000,120487.61
1710986400000,120992.79
1710990000000,119280.99
1710993600000,119498.46
1710997200000,120631.18
1711000800000,119531.48
1711004400000,120134.58
1711008000000,120026.78
1711011600000,120308.54
1711015200000,123674.26
1711018800000,126446.1
1711022400000,128311.91
1711026000000,125226.19
1711029600000,125093.93
1711033200000,124942.64
1711036800000,123815.41
1711040400000,121151.41
1711044000000,120027.95
1711047600000,117013.27
1711051200000,117011.23
1711054800000,116933.16
1711058400000,116355.26
1711062000000,116188.68
1711065600000,116358.5
1711069200000,117441.32
1711072800000,114948.02
1711076400000,113973.88
1711080000000,113237.69
1711083600000,112420.4
1711087200000,114507.68
1711090800000,114131.73
1711094400000,113750.79
1711098000000,114044.27
1711101600000,114715.63
1711105200000,114916.37
1711108800000,115792.58
1711112400000,117181.53
1711116000000,118002.6
1711119600000,119111.94
1711123200000,120794.33
1711126800000,120315.83
1711130400000,120456.18
1711134000000,120468.83
1711137600000,118935.8
1711141200000,119709.55
1711144800000,119577.48
1711148400000,121577.71
1711152000000,121266.8
1711155600000,127619.55
1711159200000,126707.88
1711162800000,126636.52
1711166400000,126959.17
1711170000000,126895.61
1711173600000,127911.33
1711177200000,125780.17
1711180800000,126339.03
1711184400000,126385.29
1711188000000,127839.07
1711191600000,126532.59
1711195200000,127100.6
1711198800000,125555.24
1711202400000,124375.98
1711206000000,125306.43
1711209600000,125604.64
1711213200000,124455.2
1711216800000,124216.03
1711220400000,124090.89
1711224000000,124343.76
1711227600000,124251.54
1711231200000,124385.59
1711234800000,124125.86
1711238400000,124632.06
1711242000000,124334.62
1711245600000,124697.48
1711249200000,124984.43
1711252800000,126579.52
1711256400000,127514.77
1711260000000,127747.86
1711263600000,127425.36
1711267200000,127418.48
1711270800000,128452.61
1711274400000,129084.5
1711278000000,130580.49
1711281600000,131816.76999999
1711285200000,131335.10999999
1711288800000,131500.73
1711292400000,131758.92
1711296000000,131799.84
1711299600000,131626.59
1711303200000,129909.55
1711306800000,129397.05
1711310400000,129468.88
1711314000000,129783.45
1711317600000,131207.12
1711321200000,131033.15
1711324800000,132989.04999999
1711328400000,135951.7
1711332000000,136327.76
1711335600000,145852.96
1711339200000,151680.57
1711342800000,154985.64
1711346400000,158124.57999999
1711350000000,162378.88
1711353600000,155281.26999999
1711357200000,151653.94
1711360800000,144143.57
1711364400000,137785.57999999
1711368000000,135097.99
1711371600000,134664.76
1711375200000,133796.4
1711378800000,132167.5
1711382400000,131478.31
1711386000000,129802.27
1711389600000,129051.27
1711393200000,128105.41
1711396800000,127475.93
1711400400000,126994.26
1711404000000,127039.35
1711407600000,129016.64
1711411200000,126364.58
1711414800000,128139.68
1711418400000,128412.94
1711422000000,128431.52
1711425600000,129543.08
1711429200000,128473.18
1711432800000,127812.29
1711436400000,127215.81
1711440000000,125169.7
1711443600000,124619.87
1711447200000,125208.19
1711450800000,125237.81
1711454400000,125010.05
1711458000000,125037.4
1711461600000,126038.78
1711465200000,126335.83
1711468800000,128470.9
1711472400000,127447.17
1711476000000,130000.56
1711479600000,129089.54
1711483200000,128817.85
1711486800000,129470.86
1711490400000,129620.01
1711494000000,130739.88
1711497600000,130701.9
1711501200000,130320.47
1711504800000,130228.68
1711508400000,129919.92
1711512000000,129648.18
1711515600000,130289.41
1711519200000,130238.2
1711522800000,129831.16
1711526400000,131226.17
1711530000000,131577.71
1711533600000,131685.25
1711537200000,131809.42
1711540800000,131999.29999999
1711544400000,130177.03
1711548000000,124582.43
1711551600000,132100.94
1711555200000,132194.5
1711558800000,133006.4
1711562400000,133219.14
1711566000000,133172.25
1711569600000,133760.6
1711573200000,135087.6
1711576800000,135774.04999999
1711580400000,134991.66
1711584000000,134616.54999999
1711587600000,139005.85
1711591200000,138078.0
1711594800000,139704.92
1711598400000,139201.84
1711602000000,139016.79
1711605600000,139454.97
1711609200000,140018.06
1711612800000,140493.32999999
1711616400000,140300.28
1711620000000,140249.85999999
1711623600000,140384.6
1711627200000,140738.26999999
1711630800000,140648.26999999
1711634400000,140088.71
1711638000000,140630.35
1711641600000,140578.41
1711645200000,140311.75
1711648800000,140434.29
1711652400000,139474.76999999
1711656000000,139207.06
1711659600000,139273.92
1711663200000,139484.54
1711666800000,141430.2
1711670400000,141814.57
1711674000000,143488.75
1711677600000,146116.4
1711681200000,146536.45
1711684800000,151155.46
1711688400000,153225.95
1711692000000,152181.09
1711695600000,154915.71
1711699200000,155886.79999999
1711702800000,154266.4
1711706400000,157226.34
1711710000000,157870.91
1711713600000,159817.79
1711717200000,156857.07
1711720800000,156631.92
1711724400000,156125.5
1711728000000,153948.96
1711731600000,153678.25
1711735200000,153978.82999999
1711738800000,153544.06
1711742400000,154046.38
1711746000000,153834.57
1711749600000,153762.98
1711753200000,152840.25
1711756800000,150304.23
1711760400000,149565.53
1711764000000,146396.48
1711767600000,145055.94
1711771200000,144249.79
1711774800000,144942.46
1711778400000,144153.31
1711782000000,143065.85999999
1711785600000,139359.07999999
1711789200000,131429.26
1711792800000,131779.93
1711796400000,132589.22
1711800000000,132506.34
1711803600000,131916.22
1711807200000,132231.59
1711810800000,132341.51999999
1711814400000,131707.59
1711818000000,131684.89
1711821600000,131949.47
1711825200000,132150.23
1711828800000,132171.2
1711832400000,132233.88
1711836000000,132046.14
1711839600000,131129.31
1711843200000,130468.61
1711846800000,129955.12
1711850400000,129622.36
1711854000000,129351.7
1711857600000,129582.04
1711861200000,129393.54
1711864800000,128995.52
1711868400000,129014.93
1711872000000,129204.11
1711875600000,129813.48
1711879200000,129898.06
1711882800000,129805.69
1711886400000,129687.1
1711890000000,129605.6
1711893600000,129312.75
1711897200000,129258.6
1711900800000,128453.18
1711904400000,128545.97
1711908000000,128498.09
1711911600000,127791.61
1711915200000,127864.89
1711918800000,127609.16
1711922400000,127531.62
1711926000000,127539.01
1711929600000,127694.03
1711933200000,128408.88
1711936800000,128343.01
1711940400000,128232.86
1711944000000,128377.19
1711947600000,127554.34
1711951200000,131237.35
1711954800000,132886.7
1711958400000,126905.77
1711962000000,125657.37
1711965600000,125766.92
1711969200000,125841.99
1711972800000,124829.78
1711976400000,124559.27
1711980000000,125687.98
1711983600000,126350.91
1711987200000,125987.49
1711990800000,124878.42
1711994400000,123955.64
1711998000000,123727.0
1712001600000,123037.84
1712005200000,123239.9
1712008800000,123015.67
1712012400000,123234.95
1712016000000,123419.82
1712019600000,123103.56
1712023200000,125890.57
1712026800000,127845.4
1712030400000,129197.95
1712034000000,131453.22
1712037600000,134913.12
1712041200000,134521.37
1712044800000,134543.62
1712048400000,135169.29
1712052000000,135244.64
1712055600000,134650.85
1712059200000,136835.94
1712062800000,136974.64
1712066400000,138095.76
1712070000000,138998.43
1712073600000,138944.85999999
1712077200000,139666.31
1712080800000,139694.41
1712084400000,140476.71
1712088000000,140351.88
1712091600000,141892.57999999
1712095200000,141269.53
1712098800000,141610.99
1712102400000,143011.13
1712106000000,147516.5
1712109600000,148515.56
1712113200000,148574.18
1712116800000,148968.99
1712120400000,148431.97
1712124000000,148938.44
1712127600000,148263.76
1712131200000,147899.07
1712134800000,147407.65
1712138400000,148614.79999999
1712142000000,150190.34
1712145600000,150097.53
1712149200000,151630.10999999
1712152800000,152976.64
1712156400000,155042.56
1712160000000,155245.41
1712163600000,155986.09
1712167200000,156154.16
1712170800000,156339.01
1712174400000,156529.57
1712178000000,156313.79
1712181600000,160906.32
1712185200000,162957.7
1712188800000,165204.82
1712192400000,167292.06
1712196000000,170901.10999999
1712199600000,166652.94
1712203200000,163185.81
1712206800000,163629.13
1712210400000,161029.78
1712214000000,161322.28
1712217600000,160949.44
1712221200000,157412.79
1712224800000,155734.67
1712228400000,148501.47
1712232000000,143123.91
1712235600000,138711.45
1712239200000,135754.89
1712242800000,135199.93
1712246400000,135593.51999999
1712250000000,136759.9
1712253600000,138130.98
1712257200000,138036.10999999
1712260800000,138081.63
1712264400000,136464.64
1712268000000,136108.99
1712271600000,135085.10999999
1712275200000,133738.56
1712278800000,133598.47
1712282400000,134267.21
1712286000000,134159.85
1712289600000,133727.81
1712293200000,132595.42
1712296800000,132168.88
1712300400000,131023.06
1712304000000,131794.85999999
1712307600000,129656.99
1712311200000,134005.65
1712314800000,133861.60999999
1712318400000,134683.01999999
1712322000000,134513.89
1712325600000,134238.23
1712329200000,134900.22
1712332800000,133255.38
1712336400000,133689.06
1712340000000,133082.35
1712343600000,133323.63
1712347200000,133198.85999999
1712350800000,132680.47
1712354400000,132640.07
1712358000000,132701.25
1712361600000,132649.01
1712365200000,132690.39
1712368800000,132657.49
1712372400000,132604.48
1712376000000,135627.12
1712379600000,139818.76
1712383200000,140351.71
1712386800000,139419.14
1712390400000,139973.82999999
1712394000000,142715.21
1712397600000,142618.82999999
1712401200000,142163.51
1712404800000,141941.63
1712408400000,141778.7
1712412000000,141832.79
1712415600000,142050.04999999
1712419200000,142423.2
1712422800000,142669.10999999
1712426400000,141533.35999999
1712430000000,140448.32
1712433600000,140351.72
1712437200000,140479.76999999
1712440800000,140725.37
1712444400000,142707.5
1712448000000,145036.88
1712451600000,144886.35
1712455200000,145537.01
1712458800000,147522.01999999
1712462400000,147710.87
1712466000000,147758.2
1712469600000,147117.22
1712473200000,147439.06
1712476800000,148904.03
1712480400000,149178.68
1712484000000,148791.67
1712487600000,148916.32999999
1712491200000,148745.48
1712494800000,148772.82
1712498400000,148608.35
1712502000000,148143.21
1712505600000,146918.79
1712509200000,147271.93
1712512800000,147019.67
1712516400000,146659.4
1712520000000,146711.04
1712523600000,146508.01
1712527200000,147534.14
1712530800000,146645.04999999
1712534400000,146228.87
1712538000000,146439.74
1712541600000,145715.1
1712545200000,145385.64
1712548800000,146261.67
1712552400000,145770.48
1712556000000,145351.84
1712559600000,145923.64
1712563200000,147070.24
1712566800000,150018.17
1712570400000,150743.87
1712574000000,151889.22
1712577600000,151837.01999999
1712581200000,151737.41
1712584800000,151638.4
1712588400000,149753.44
1712592000000,149224.04999999
1712595600000,148879.12
1712599200000,148708.01
1712602800000,148883.98
1712606400000,149142.12
1712610000000,150034.16
1712613600000,149692.15
1712617200000,149246.34
1712620800000,148438.71
1712624400000,148402.37
1712628000000,147505.49
1712631600000,146992.85999999
1712635200000,146500.18
1712638800000,145987.31
1712642400000,145032.99
1712646000000,143202.95
1712649600000,141234.04
1712653200000,141827.21
1712656800000,140356.53
1712660400000,140268.19
1712664000000,140477.22
1712667600000,140307.64
1712671200000,138972.35
1712674800000,137740.57999999
1712678400000,137401.51
1712682000000,136544.76
1712685600000,135123.67
1712689200000,134931.13
1712692800000,135179.78
1712696400000,134920.91
1712700000000,135104.01
1712703600000,135232.22
1712707200000,135650.88
1712710800000,135701.45
1712714400000,136356.93
1712718000000,135809.53
1712721600000,135826.51
1712725200000,135780.25
1712728800000,135575.6
1712732400000,135712.48
1712736000000,137890.01
1712739600000,137648.71
1712743200000,137861.07
1712746800000,139323.37
1712750400000,139630.37
1712754000000,136761.85999999
1712757600000,140845.43
1712761200000,145805.62
1712764800000,153548.9
1712768400000,160848.53
1712772000000,162702.5
1712775600000,160321.54
1712779200000,160220.01
1712782800000,160620.35999999
1712786400000,162014.97
1712790000000,167981.79
1712793600000,172849.9
1712797200000,180031.9
1712800800000,186229.02
1712804400000,189347.35
1712808000000,192957.36
1712811600000,193044.02
1712815200000,189909.27
1712818800000,176512.11
1712822400000,175243.21
1712826000000,166997.82
1712829600000,165956.09
1712833200000,162675.67
1712836800000,154641.63
1712840400000,159972.63
1712844000000,175582.76
1712847600000,183465.1
1712851200000,183867.02
1712854800000,182854.34
1712858400000,183208.96
1712862000000,183604.94
1712865600000,184253.43
1712869200000,185970.28
1712872800000,185946.66
1712876400000,186626.21
1712880000000,189934.76
1712883600000,195232.36
1712887200000,197579.63
1712890800000,204348.25
1712894400000,208344.28
1712898000000,213181.74
1712901600000,218196.03
1712905200000,208005.16
1712908800000,202863.03
1712912400000,199373.15
1712916000000,198852.41
1712919600000,195811.88
1712923200000,196763.68
1712926800000,196433.75
1712930400000,194699.81
1712934000000,192761.83
1712937600000,187562.6
1712941200000,188012.89
1712944800000,180578.45
1712948400000,181929.49
1712952000000,183885.39
1712955600000,184960.31
1712959200000,185273.5
1712962800000,187702.21
1712966400000,182840.81
1712970000000,181699.82
1712973600000,178888.53
1712977200000,178190.6
1712980800000,179443.54
1712984400000,174816.1
1712988000000,174324.60999999
1712991600000,173869.17
1712995200000,173944.79999999
1712998800000,173830.95
1713002400000,176623.11
1713006000000,175636.69
1713009600000,176013.25
1713013200000,174263.74
1713016800000,174460.01
1713020400000,175789.85
1713024000000,176167.47
1713027600000,176754.0
1713031200000,190618.46
1713034800000,187890.12
1713038400000,192480.67
1713042000000,180563.3
1713045600000,181045.25
1713049200000,180339.72
1713052800000,177906.94
1713056400000,178384.34
1713060000000,177633.68
1713063600000,176246.78
1713067200000,175452.0
1713070800000,174592.18
1713074400000,173994.14
1713078000000,173903.01999999
1713081600000,174444.91
1713085200000,172146.46
1713088800000,172158.18
1713092400000,172114.73
1713096000000,172248.19
1713099600000,172564.37
1713103200000,169399.82
1713106800000,170486.81
1713110400000,171637.78
1713114000000,171371.01999999
1713117600000,169861.48
1713121200000,168110.81
1713124800000,167421.18
1713128400000,166684.29999999
1713132000000,166466.23
1713135600000,168070.67
1713139200000,167718.78
1713142800000,164720.34
1713146400000,163080.29
1713150000000,163942.54
1713153600000,163935.42
1713157200000,163598.19
1713160800000,163883.24
1713164400000,170144.53
1713168000000,170775.32999999
1713171600000,170762.54
1713175200000,172757.16
1713178800000,173618.94
1713182400000,175901.74
1713186000000,175786.35
1713189600000,175562.35999999
1713193200000,173771.93
1713196800000,174884.47
1713200400000,173501.67
1713204000000,172964.5
1713207600000,171377.93
1713211200000,160213.14
1713214800000,158996.82
1713218400000,159056.03
1713222000000,159030.04999999
1713225600000,157135.99
1713229200000,153951.67
1713232800000,150075.9
1713236400000,148543.67
1713240000000,147671.47
1713243600000,148727.26999999
1713247200000,151092.54
1713250800000,149951.29
1713254400000,148773.01
1713258000000,148663.51999999
1713261600000,147831.62
1713265200000,148403.84
1713268800000,148492.43
1713272400000,148756.97
1713276000000,149940.29999999
1713279600000,149867.01
1713283200000,150577.16
1713286800000,149445.37
1713290400000,149066.97
1713294000000,149411.5
1713297600000,149533.01
1713301200000,149267.51
1713304800000,149165.29
1713308400000,149414.60999999
1713312000000,148013.32999999
1713315600000,147223.32999999
1713319200000,145853.32
1713322800000,145244.95
1713326400000,144670.2
1713330000000,143971.68
1713333600000,143724.88
1713337200000,143847.64
1713340800000,143683.35
1713344400000,143806.51999999
1713348000000,143802.5
1713351600000,144114.89
1713355200000,143772.75
1713358800000,144299.04999999
1713362400000,143536.48
1713366000000,142350.29
1713369600000,146912.85
1713373200000,142943.16
1713376800000,142046.07
1713380400000,155870.48
1713384000000,167693.9
1713387600000,172564.03
1713391200000,173095.96
1713394800000,179055.52
1713398400000,183597.67
1713402000000,188582.55
1713405600000,192833.48
1713409200000,192843.7
1713412800000,197044.52
1713416400000,202398.13
1713420000000,204140.38
1713423600000,206633.0
1713427200000,206518.21
1713430800000,194990.12
1713434400000,181662.05
1713438000000,179660.57
1713441600000,172755.24
1713445200000,172145.44
1713448800000,167431.42
1713452400000,164215.01999999
1713456000000,163243.34
1713459600000,162490.41
1713463200000,162041.2
1713466800000,161879.54999999
1713470400000,162083.2
1713474000000,162390.15
1713477600000,162365.41
1713481200000,162224.04999999
1713484800000,162310.51
1713488400000,162472.78
1713492000000,159033.22
1713495600000,155860.72
1713499200000,154164.84
1713502800000,153127.56
1713506400000,152364.29
1713510000000,152679.32
1713513600000,152487.28
1713517200000,151904.41
1713520800000,152668.94
1713524400000,152697.82
1713528000000,152973.18
1713531600000,151623.2
1713535200000,151229.72
1713538800000,149704.37
1713542400000,149692.6
1713546000000,150105.65
1713549600000,150323.07999999
1713553200000,150386.13
1713556800000,150418.35
1713560400000,150043.21
1713564000000,149887.99
1713567600000,150023.84
1713571200000,149944.79
1713574800000,150163.46
1713578400000,150146.74
1713582000000,150050.6
1713585600000,150337.53
1713589200000,150725.76999999
1713592800000,150924.6
1713596400000,150528.32
1713600000000,150575.7
1713603600000,150363.89
1713607200000,150241.43
1713610800000,151989.69
1713614400000,152084.96
1713618000000,152456.23
1713621600000,152435.57999999
1713625200000,152756.6
1713628800000,151812.63
1713632400000,151670.24
1713636000000,151722.04
1713639600000,151769.48
1713643200000,152380.96
1713646800000,150796.04999999
1713650400000,149157.72
1713654000000,149229.73
1713657600000,149052.48
1713661200000,148577.42
1713664800000,148880.2
1713668400000,148318.34
1713672000000,148960.94
1713675600000,149251.38
1713679200000,149812.28
1713682800000,148974.7
1713686400000,149269.14
1713690000000,149688.04999999
1713693600000,151741.51
1713697200000,152273.26
1713700800000,152307.41
1713704400000,151839.35
1713708000000,150542.2
1713711600000,149255.87
1713715200000,148638.95
1713718800000,151216.66
1713722400000,151997.19
1713726000000,151694.0
1713729600000,152183.07999999
1713733200000,152016.15
1713736800000,152376.39
1713740400000,152243.92
1713744000000,152512.87
1713747600000,153113.6
1713751200000,153705.89
1713754800000,155146.69
1713758400000,156464.25
1713762000000,171901.82999999
1713765600000,176911.64
1713769200000,181139.79
1713772800000,183226.71
1713776400000,186361.65
1713780000000,187380.54
1713783600000,186489.63
1713787200000,187906.59
1713790800000,178847.77
1713794400000,170717.45
1713798000000,167191.54
1713801600000,165055.85999999
1713805200000,164989.94
1713808800000,163682.93
1713812400000,163920.35
1713816000000,163265.07
1713819600000,162807.79
1713823200000,162990.25
1713826800000,179318.49
1713830400000,185242.76
1713834000000,186068.92
1713837600000,188168.28
1713841200000,189994.76
1713844800000,191415.41
1713848400000,190410.26
1713852000000,190026.45
1713855600000,191506.75
1713859200000,192626.09
1713862800000,194263.28
1713866400000,195423.46
1713870000000,183313.24
1713873600000,183103.04
1713877200000,183727.36
1713880800000,185760.75
1713884400000,180250.47
1713888000000,179659.49
1713891600000,178852.34
1713895200000,177098.72
1713898800000,177091.85
1713902400000,177257.76
1713906000000,174402.28
1713909600000,173787.31
1713913200000,173624.25
1713916800000,172743.97
1713920400000,169264.97
1713924000000,164932.32999999
1713927600000,163693.5
1713931200000,162480.06
1713934800000,160424.97
1713938400000,156626.4
1713942000000,156839.66
1713945600000,157133.1
1713949200000,156601.48
1713952800000,156130.54999999
1713956400000,156075.66
1713960000000,156226.82
1713963600000,156207.18
1713967200000,156246.25
1713970800000,171614.23
1713974400000,173080.26
1713978000000,176712.7
1713981600000,176725.85
1713985200000,176552.85
1713988800000,174876.71
1713992400000,172757.32
1713996000000,171909.54999999
1713999600000,170048.56
1714003200000,170285.10999999
1714006800000,170183.35
1714010400000,169628.31
1714014000000,169293.12
1714017600000,170457.81
1714021200000,170189.62
1714024800000,170596.48
1714028400000,170716.87
1714032000000,173130.62
1714035600000,170500.96
1714039200000,172299.1
1714042800000,171880.72
1714046400000,172911.07
1714050000000,168612.01999999
1714053600000,167334.37
1714057200000,166361.85999999
1714060800000,163869.19
1714064400000,161990.34
1714068000000,160912.32999999
1714071600000,159723.79
1714075200000,159697.97
1714078800000,158894.84
1714082400000,158047.03
1714086000000,157702.9
1714089600000,156795.82
1714093200000,158775.54
1714096800000,157424.12
1714100400000,156410.35999999
1714104000000,155061.37
1714107600000,153688.31
1714111200000,153708.10999999
1714114800000,152954.76999999
1714118400000,152936.5
1714122000000,152772.16
1714125600000,151387.1
1714129200000,152127.31
1714132800000,151547.76999999
1714136400000,150445.73
1714140000000,150511.23
1714143600000,152831.89
1714147200000,155021.59
1714150800000,155641.07
1714154400000,155744.54999999
1714158000000,156643.42
1714161600000,156595.94
1714165200000,155884.87
1714168800000,155582.25
1714172400000,154371.75
1714176000000,154786.54
1714179600000,154291.95
1714183200000,156780.63
1714186800000,156222.94
1714190400000,155514.01
1714194000000,155563.62
1714197600000,155295.25
1714201200000,154746.95
1714204800000,155111.32999999
1714208400000,155369.64
1714212000000,155318.94
1714215600000,155187.22
1714219200000,156125.04999999
1714222800000,155940.51
1714226400000,155320.60999999
1714230000000,154407.31
1714233600000,151943.57999999
1714237200000,151173.32999999
1714240800000,151091.76
1714244400000,149166.0
1714248000000,149260.79
1714251600000,149112.26
1714255200000,149027.43
1714258800000,149090.99
1714262400000,149017.09
1714266000000,148975.47
1714269600000,148389.07
1714273200000,147676.0
1714276800000,147907.60999999
1714280400000,147625.16
1714284000000,147632.28
1714287600000,148027.23
1714291200000,147700.59
1714294800000,147476.5
1714298400000,147774.26999999
1714302000000,149073.54
1714305600000,149090.22
1714309200000,148199.04999999
1714312800000,148400.56
1714316400000,149467.68
1714320000000,149331.31
1714323600000,149341.09
1714327200000,149415.87
1714330800000,149292.13
1714334400000,149685.18
1714338000000,149710.88
1714341600000,149363.85
1714345200000,149223.57
1714348800000,149071.85999999
1714352400000,149623.01999999
1714356000000,149569.92
1714359600000,148910.0
1714363200000,149472.78
1714366800000,148059.41
1714370400000,148967.99
1714374000000,152455.68
1714377600000,153372.35
1714381200000,153319.21
1714384800000,152854.06
1714388400000,150538.42
1714392000000,150947.99
1714395600000,155970.53
1714399200000,156779.23
1714402800000,157232.69
1714406400000,156905.13
1714410000000,157618.19
1714413600000,157993.62
1714417200000,157779.32
1714420800000,157608.60999999
1714424400000,157271.28
1714428000000,157090.0
1714431600000,156782.41
1714435200000,157238.76999999
1714438800000,164696.39
1714442400000,159681.26999999
1714446000000,160828.32999999
1714449600000,160894.99
1714453200000,168776.26
1714456800000,174066.35999999
1714460400000,177696.73
1714464000000,173307.87
1714467600000,164837.59
1714471200000,163900.41
1714474800000,163473.67
1714478400000,164383.44
1714482000000,163028.35
1714485600000,160958.34
1714489200000,154393.25
1714492800000,152678.26
1714496400000,154771.56
1714500000000,157432.95
1714503600000,161313.24
1714507200000,162409.07999999
1714510800000,164784.5
1714514400000,165888.63
1714518000000,164482.57999999
1714521600000,164627.48
1714525200000,156708.64
1714528800000,155673.41
1714532400000,155459.03
1714536000000,154680.31
1714539600000,150334.46
1714543200000,149481.26
1714546800000,149710.48
1714550400000,149856.68
1714554000000,149974.67
1714557600000,145683.76
1714561200000,143986.45
1714564800000,144011.64
1714568400000,141534.98
1714572000000,141140.46
1714575600000,140398.38
1714579200000,140598.22
1714582800000,140731.72
1714586400000,140481.95
1714590000000,139200.82
1714593600000,138696.44
1714597200000,137020.91
1714600800000,141086.44
1714604400000,141943.21
1714608000000,143056.78
1714611600000,144809.12
1714615200000,146708.21
1714618800000,146942.43
1714622400000,146278.54
1714626000000,146200.62
1714629600000,146294.18
1714633200000,146592.06
1714636800000,145834.78
1714640400000,145076.71
1714644000000,144990.26999999
1714647600000,144960.74
1714651200000,143117.7
1714654800000,142371.1
1714658400000,143148.99
1714662000000,143027.92
1714665600000,143201.79
1714669200000,143104.53
1714672800000,142905.09
1714676400000,142739.53
1714680000000,142499.1
1714683600000,142608.76999999
1714687200000,142184.88
1714690800000,141653.48
1714694400000,141597.34
1714698000000,140035.75
1714701600000,140722.87
1714705200000,140558.49
1714708800000,139515.7
1714712400000,139203.72
1714716000000,139123.17
1714719600000,139700.5
1714723200000,142076.17
1714726800000,144559.82
1714730400000,143935.09
1714734000000,144210.07
1714737600000,143170.89
1714741200000,139499.21
1714744800000,137778.69
1714748400000,137209.95
1714752000000,137135.53
1714755600000,137511.37
1714759200000,138819.03
1714762800000,137854.96
1714766400000,138051.73
1714770000000,137426.85999999
1714773600000,137195.92
1714777200000,136929.51
1714780800000,137060.01999999
1714784400000,136788.69
1714788000000,137136.93
1714791600000,138995.5
1714795200000,138911.46
1714798800000,141281.12
1714802400000,141108.7
1714806000000,141470.78
1714809600000,141285.44
1714813200000,142037.82
1714816800000,141727.32
1714820400000,144004.74
1714824000000,143451.87
1714827600000,143534.65
1714831200000,143654.85
1714834800000,143709.32999999
1714838400000,143502.16
1714842000000,144276.42
1714845600000,143603.09
1714849200000,143577.22
1714852800000,143280.04999999
1714856400000,144594.13
1714860000000,144872.56
1714863600000,145051.07999999
1714867200000,145008.94
1714870800000,146497.41
1714874400000,149237.84
1714878000000,146924.4
1714881600000,148933.51
1714885200000,149114.41
1714888800000,148515.2
1714892400000,148495.29
1714896000000,148303.07
1714899600000,148146.34
1714903200000,147551.35
1714906800000,149133.60999999
1714910400000,148905.66
1714914000000,148803.93
1714917600000,148071.79
1714921200000,148693.63
1714924800000,148146.79999999
1714928400000,147994.9
1714932000000,147863.62
1714935600000,148341.75
1714939200000,148315.63
1714942800000,148649.76
1714946400000,148577.95
1714950000000,148398.13
1714953600000,147987.28
1714957200000,148290.60999999
1714960800000,147709.13
1714964400000,147827.51999999
1714968000000,148333.63
1714971600000,148288.78
1714975200000,147634.85
1714978800000,148184.03
1714982400000,147659.49
1714986000000,149937.15
1714989600000,151805.79
1714993200000,153555.89
1714996800000,154167.46
1715000400000,155311.18
1715004000000,157249.19
1715007600000,157028.49
1715011200000,157118.53
1715014800000,156414.22
1715018400000,156594.78
1715022000000,157613.73
1715025600000,157662.03
1715029200000,157716.07
1715032800000,158841.73
1715036400000,158888.73
1715040000000,158147.78
1715043600000,157580.66
1715047200000,157777.35999999
1715050800000,157996.26999999
1715054400000,157726.31
1715058000000,156820.79999999
1715061600000,156925.6
1715065200000,157076.35999999
1715068800000,156744.48
1715072400000,155411.32
1715076000000,156575.6
1715079600000,156029.64
1715083200000,156043.38
1715086800000,156201.01
1715090400000,155721.42
1715094000000,155906.12
1715097600000,156728.24
1715101200000,156460.75
1715104800000,156136.5
1715108400000,155325.09
1715112000000,154474.6
1715115600000,139656.67
1715119200000,137840.73
1715122800000,137976.14
1715126400000,137382.56
1715130000000,136667.54999999
1715133600000,136195.41
1715137200000,135880.91
1715140800000,135224.74
1715144400000,134689.48
1715148000000,135209.0
1715151600000,134685.07999999
1715155200000,133021.93
1715158800000,131363.35999999
1715162400000,131572.64
1715166000000,131427.6
1715169600000,132124.91
1715173200000,131803.42
1715176800000,131965.53
1715180400000,136709.07
1715184000000,135251.76
1715187600000,135165.62
1715191200000,135086.62
1715194800000,135282.79
1715198400000,135589.51999999
1715202000000,132998.24
1715205600000,142815.03
1715209200000,143912.93
1715212800000,144001.78
1715216400000,146255.54999999
1715220000000,147171.01999999
1715223600000,147831.72
1715227200000,151484.74
1715230800000,152379.72
1715234400000,149976.10999999
1715238000000,152288.29
1715241600000,153733.19
1715245200000,158191.15
1715248800000,162192.26
1715252400000,163304.17
1715256000000,164980.76999999
1715259600000,165631.73
1715263200000,165280.7
1715266800000,165447.14
1715270400000,159173.76999999
1715274000000,157119.32
1715277600000,155090.59
1715281200000,154338.92
1715284800000,155090.22
1715288400000,155561.64
1715292000000,155906.63
1715295600000,155525.51999999
1715299200000,154722.54999999
1715302800000,153567.04999999
1715306400000,153450.37
1715310000000,153105.79
1715313600000,154341.41
1715317200000,154321.19
1715320800000,154496.94
1715324400000,154040.25
1715328000000,154244.75
1715331600000,154906.78
1715335200000,154960.04999999
1715338800000,155316.48
1715342400000,155554.89
1715346000000,155320.85
1715349600000,154501.14
1715353200000,153609.63
1715356800000,151578.12
1715360400000,150924.91
1715364000000,148659.99
1715367600000,148411.29999999
1715371200000,148361.10999999
1715374800000,148462.34
1715378400000,149573.95
1715382000000,149458.39
1715385600000,149398.07
1715389200000,149501.48
1715392800000,149231.25
1715396400000,148713.04
1715400000000,148410.44
1715403600000,148380.85
1715407200000,148284.44
1715410800000,148309.16
1715414400000,148368.09
1715418000000,148477.17
1715421600000,149104.01
1715425200000,148686.09
1715428800000,147991.4
1715432400000,149005.51
1715436000000,148829.0
1715439600000,149677.32999999
1715443200000,149575.37
1715446800000,148379.96
1715450400000,148236.60999999
1715454000000,149124.2
1715457600000,149089.69
1715461200000,150650.57
1715464800000,150661.71
1715468400000,149817.09
1715472000000,149224.93
1715475600000,149010.07
1715479200000,149116.56
1715482800000,148881.78
1715486400000,148653.88
1715490000000,148658.75
1715493600000,148516.04999999
1715497200000,148494.96
1715500800000,147993.04999999
1715504400000,147906.59
1715508000000,147763.97
1715511600000,147740.78
1715515200000,147991.01999999
1715518800000,147961.10999999
1715522400000,147926.85
1715526000000,147791.09
1715529600000,143878.1
1715533200000,143287.91
1715536800000,143335.76999999
1715540400000,142413.25
1715544000000,142460.01
1715547600000,142086.07
1715551200000,141409.9
1715554800000,140424.45
1715558400000,140396.5
1715562000000,139574.29
1715565600000,138300.53
1715569200000,137126.46
1715572800000,137595.17
1715576400000,136209.41
1715580000000,136100.48
1715583600000,134774.73
1715587200000,133242.29999999
1715590800000,133160.74
1715594400000,129163.17
1715598000000,127341.45
1715601600000,128206.56
1715605200000,128119.47
1715608800000,128855.87
1715612400000,128427.79
1715616000000,127689.39
1715619600000,126876.83
1715623200000,127677.69
1715626800000,126752.53
1715630400000,127666.56
1715634000000,127115.16
1715637600000,127435.73
1715641200000,125784.95
1715644800000,125506.6
1715648400000,125211.11
1715652000000,123819.33
1715655600000,124371.1
1715659200000,124194.65
1715662800000,124346.65
1715666400000,123526.53
1715670000000,121997.02
1715673600000,121419.53
1715677200000,121550.23
1715680800000,121161.38
1715684400000,121610.34
1715688000000,121472.82
1715691600000,119386.48
1715695200000,125146.0
1715698800000,133113.21
1715702400000,133220.54
1715706000000,133556.32999999
1715709600000,134003.59
1715713200000,134375.04
1715716800000,134553.24
1715720400000,134665.56
1715724000000,134408.14
1715727600000,134821.12
1715731200000,134677.29
1715734800000,134581.78
1715738400000,134373.35
1715742000000,133853.92
1715745600000,134198.01
1715749200000,135307.28
1715752800000,135728.13
1715756400000,135989.2
1715760000000,135890.07
1715763600000,135461.01999999
1715767200000,135193.56
1715770800000,137885.24
1715774400000,137788.48
1715778000000,140093.42
1715781600000,139983.17
1715785200000,140203.04
1715788800000,140135.23
1715792400000,140607.07
1715796000000,139897.25
1715799600000,139582.69
1715803200000,138495.89
1715806800000,144627.76
1715810400000,143082.12
1715814000000,141532.95
1715817600000,141832.35999999
1715821200000,140337.06
1715824800000,133507.91
1715828400000,132812.01
1715832000000,135907.95
1715835600000,135634.23
1715839200000,137613.79999999
1715842800000,137168.28
1715846400000,137485.35999999
1715850000000,140376.03
1715853600000,141335.24
1715857200000,140597.99
1715860800000,140148.32
1715864400000,137654.44
1715868000000,133151.29
1715871600000,133561.15
1715875200000,136781.1
1715878800000,137434.4
1715882400000,137666.92
1715886000000,138598.57999999
1715889600000,138584.53
1715893200000,138794.17
1715896800000,139486.57999999
1715900400000,139981.35
1715904000000,140283.53
1715907600000,140799.48
1715911200000,140764.69
1715914800000,140935.5
1715918400000,140726.4
1715922000000,140781.51999999
1715925600000,142866.92
1715929200000,142384.04
1715932800000,135115.66
1715936400000,134298.25
1715940000000,134759.14
1715943600000,134939.03
1715947200000,135215.57999999
1715950800000,136155.41
1715954400000,135872.95
1715958000000,135266.85999999
1715961600000,133355.24
1715965200000,133480.26999999
1715968800000,133450.63
1715972400000,133298.29
1715976000000,133428.17
1715979600000,133523.99
1715983200000,133395.22
1715986800000,133470.07
1715990400000,133335.06
1715994000000,133334.7
1715997600000,132272.57999999
1716001200000,132930.01
1716004800000,132596.16
1716008400000,132567.97
1716012000000,132539.15
1716015600000,132532.95
1716019200000,132260.74
1716022800000,132453.76999999
1716026400000,132379.16
1716030000000,132391.53
1716033600000,132879.07999999
1716037200000,132705.2
1716040800000,133879.6
1716044400000,134007.23
1716048000000,134144.73
1716051600000,133982.29999999
1716055200000,133706.24
1716058800000,133700.10999999
1716062400000,133657.76999999
1716066000000,133520.07
1716069600000,133476.59
1716073200000,133398.38
1716076800000,132565.14
1716080400000,132715.87
1716084000000,133006.23
1716087600000,133628.1
1716091200000,133810.53
1716094800000,133799.23
1716098400000,133740.46
1716102000000,133661.78
1716105600000,133475.18
1716109200000,133690.62
1716112800000,133194.22
1716116400000,132678.79999999
1716120000000,133658.35999999
1716123600000,133007.41
1716127200000,132707.87
1716130800000,132737.48
1716134400000,132470.96
1716138000000,133753.42
1716141600000,132722.53
1716145200000,132816.65
1716148800000,133356.62
1716152400000,133517.96
1716156000000,134340.1
1716159600000,133787.21
1716163200000,133323.03
1716166800000,134421.88
1716170400000,134710.13
1716174000000,132587.06
1716177600000,131928.78
1716181200000,130402.62
1716184800000,127853.61
1716188400000,128293.47
1716192000000,129290.18
1716195600000,129528.45
1716199200000,130601.3
1716202800000,131669.48
1716206400000,133283.26
1716210000000,136018.60999999
1716213600000,135995.12
1716217200000,138046.24
1716220800000,137279.1
1716224400000,133062.97
1716228000000,131798.14
1716231600000,131499.2
1716235200000,131066.63
1716238800000,128041.68
1716242400000,128505.13
1716246000000,128829.17
1716249600000,129513.32
1716253200000,129624.95
1716256800000,129645.52
1716260400000,129847.45
1716264000000,130376.09
1716267600000,130478.89
1716271200000,131616.82
1716274800000,138591.65
1716278400000,140456.75
1716282000000,141311.73
1716285600000,143176.79
1716289200000,144259.10999999
1716292800000,144769.4
1716296400000,152570.73
1716300000000,155434.79
1716303600000,155396.98
1716307200000,156679.32
1716310800000,156255.37
1716314400000,156325.81
1716318000000,156442.64
1716321600000,161072.12
1716325200000,165001.56
1716328800000,170754.92
1716332400000,175582.69
1716336000000,176301.13
1716339600000,177594.71
1716343200000,178889.4
1716346800000,182117.25
1716350400000,184013.88
1716354000000,187611.47
1716357600000,193312.64
1716361200000,194937.98
1716364800000,197129.71
1716368400000,197507.52
1716372000000,197769.05
1716375600000,197930.81
1716379200000,198614.43
1716382800000,199675.86
1716386400000,197510.52
1716390000000,196500.76
1716393600000,186499.32
1716397200000,187961.57
1716400800000,189132.46
1716404400000,188627.31
1716408000000,187427.62
1716411600000,187757.87
1716415200000,190058.08
1716418800000,189833.04
1716422400000,190657.99
1716426000000,192278.84
1716429600000,193612.97
1716433200000,195266.49
1716436800000,196261.42
1716440400000,196396.39
1716444000000,194642.02
1716447600000,189082.85
1716451200000,187238.62
1716454800000,186126.83
1716458400000,183541.05
1716462000000,179561.61
1716465600000,178462.76
1716469200000,173497.87
1716472800000,167685.4
1716476400000,166768.07
1716480000000,166059.93
1716483600000,163792.07
1716487200000,163860.67
1716490800000,163468.96
1716494400000,162594.35999999
1716498000000,157200.19
1716501600000,153967.04999999
1716505200000,153329.89
1716508800000,153127.39
1716512400000,150652.95
1716516000000,150047.7
1716519600000,148876.39
1716523200000,148881.73
1716526800000,148861.74
1716530400000,150036.31
1716534000000,153531.97
1716537600000,154251.89
1716541200000,150110.21
1716544800000,150210.64
1716548400000,149681.95
1716552000000,149384.51999999
1716555600000,146557.26999999
1716559200000,145782.89
1716562800000,145575.31
1716566400000,144585.59
1716570000000,144317.76999999
1716573600000,143412.39
1716577200000,142992.65
1716580800000,143558.54999999
1716584400000,143351.0
1716588000000,143197.16
1716591600000,143371.35
1716595200000,141882.74
1716598800000,141292.39
1716602400000,139700.26999999
1716606000000,138601.0
1716609600000,138014.68
1716613200000,137837.09
1716616800000,137919.35
1716620400000,138046.67
1716624000000,137881.85999999
1716627600000,137621.37
1716631200000,138059.81
1716634800000,137880.42
1716638400000,138459.66
1716642000000,137872.28
1716645600000,137926.26999999
1716649200000,137838.64
1716652800000,137758.64
1716656400000,137891.81
1716660000000,138013.72
1716663600000,138070.9
1716667200000,137019.87
1716670800000,136788.32
1716674400000,136657.39
1716678000000,136746.26
1716681600000,136790.66
1716685200000,136667.35999999
1716688800000,136632.72
1716692400000,137052.85999999
1716696000000,136759.5
1716699600000,136909.7
1716703200000,137284.98
1716706800000,137626.37
1716710400000,137025.01
1716714000000,136879.51999999
1716717600000,136350.92
1716721200000,136453.56
1716724800000,136920.68
1716728400000,136726.2
1716732000000,136554.01
1716735600000,136514.09
1716739200000,136699.12
1716742800000,137471.04999999
1716746400000,137368.91
1716750000000,137568.04999999
1716753600000,138020.60999999
1716757200000,137736.0
1716760800000,137718.14
1716764400000,137502.97
1716768000000,137524.06
1716771600000,137370.35
1716775200000,137836.37
1716778800000,137924.71
1716782400000,138171.6
1716786000000,138477.16
1716789600000,138248.76
1716793200000,138285.97
1716796800000,138499.31
1716800400000,139242.6
1716804000000,140288.74
1716807600000,140315.35999999
1716811200000,140556.64
1716814800000,141135.01
1716818400000,142256.79999999
1716822000000,141758.82
1716825600000,141221.96
1716829200000,144218.57999999
1716832800000,144902.17
1716836400000,144725.57999999
1716840000000,142723.17
1716843600000,143687.98
1716847200000,143617.68
1716850800000,143553.31
1716854400000,144660.97
1716858000000,145727.57
1716861600000,146829.26
1716865200000,148964.32
1716868800000,148709.94
1716872400000,151072.54
1716876000000,150897.29
1716879600000,151603.37
1716883200000,151807.68
1716886800000,152717.71
1716890400000,151846.41
1716894000000,150360.88
1716897600000,150111.95
1716901200000,150453.57999999
1716904800000,149988.94
1716908400000,150845.54999999
1716912000000,150437.1
1716915600000,150297.45
1716919200000,149718.54999999
1716922800000,149556.23
1716926400000,150097.2
1716930000000,150223.44
1716933600000,150298.71
1716937200000,150267.49
1716940800000,150135.04999999
1716944400000,150079.47
1716948000000,150286.23
1716951600000,149778.74
1716955200000,144826.51
1716958800000,141596.68
1716962400000,141311.54
1716966000000,140844.88
1716969600000,140405.24
1716973200000,142812.16
1716976800000,143510.35
1716980400000,143570.76
1716984000000,143344.0
1716987600000,143335.56
1716991200000,143503.21
1716994800000,144319.23
1716998400000,143985.57
1717002000000,147095.45
1717005600000,147557.13
1717009200000,147324.81
1717012800000,146884.24
1717016400000,147039.48
1717020000000,148475.57999999
1717023600000,148426.18
1717027200000,148613.76999999
1717030800000,148405.12
1717034400000,148628.43
1717038000000,149013.88
1717041600000,149358.57
1717045200000,149727.45
1717048800000,150458.76999999
1717052400000,148978.38
1717056000000,149256.91
1717059600000,145019.41
1717063200000,143085.2
1717066800000,143230.14
1717070400000,143782.84
1717074000000,139467.6
1717077600000,138253.56
1717081200000,138239.51999999
1717084800000,138034.0
1717088400000,137683.24
1717092000000,137480.46
1717095600000,138356.91
1717099200000,137197.22
1717102800000,137235.41
1717106400000,137231.93
1717110000000,137449.59
1717113600000,137455.35999999
1717117200000,137432.5
1717120800000,137835.01999999
1717124400000,137998.5
1717128000000,138076.6
1717131600000,138103.28
1717135200000,139284.26
1717138800000,140090.01999999
1717142400000,140246.26999999
1717146000000,140855.13
1717149600000,140981.84
1717153200000,140160.73
1717156800000,138773.57
1717160400000,138309.07
1717164000000,139436.31
1717167600000,140933.45
1717171200000,142655.76999999
1717174800000,141096.88
1717178400000,141889.9
1717182000000,141487.6
1717185600000,141011.22
1717189200000,140593.54
1717192800000,141225.32999999
1717196400000,140156.24
1717200000000,140111.1
1717203600000,140152.19
1717207200000,140263.35999999
1717210800000,140014.19
1717214400000,140454.17
1717218000000,139961.43
1717221600000,139794.63
1717225200000,139765.84
1717228800000,140196.60999999
1717232400000,140215.46
1717236000000,140269.56
1717239600000,140305.18
1717243200000,140297.98
1717246800000,139964.79
1717250400000,139136.04
1717254000000,137700.01
1717257600000,137560.42
1717261200000,138752.32999999
1717264800000,138696.04
1717268400000,138497.98
1717272000000,138793.85999999
1717275600000,140380.04
1717279200000,140353.07
1717282800000,138872.91
1717286400000,138630.78
1717290000000,140600.81
1717293600000,139851.29
1717297200000,138703.35
1717300800000,138145.97
1717304400000,140010.54999999
1717308000000,138583.85999999
1717311600000,138884.88
1717315200000,137880.91
1717318800000,138273.4
1717322400000,139469.46
1717326000000,140376.04
1717329600000,140167.28
1717333200000,141327.75
1717336800000,141256.87
1717340400000,141447.43
1717344000000,140784.57999999
1717347600000,140478.07
1717351200000,140505.14
1717354800000,141077.42
1717358400000,141231.29999999
1717362000000,142402.75
1717365600000,143004.19
1717369200000,143279.99
1717372800000,143031.41
1717376400000,143741.54
1717380000000,142655.65
1717383600000,146348.09
1717387200000,146491.49
1717390800000,153819.07999999
1717394400000,158325.54999999
1717398000000,159178.10999999
1717401600000,158985.25
1717405200000,164420.64
1717408800000,169676.13
1717412400000,176195.38
1717416000000,174841.04999999
1717419600000,177445.01
1717423200000,179453.84
1717426800000,182085.16
1717430400000,180510.68
1717434000000,180580.25
1717437600000,182732.02
1717441200000,183192.27
1717444800000,184750.14
1717448400000,186308.86
1717452000000,184730.01
1717455600000,184811.4
1717459200000,185371.62
1717462800000,187807.69
1717466400000,188524.5
1717470000000,188537.09
1717473600000,190140.2
1717477200000,193998.87
1717480800000,201638.75
1717484400000,205159.42
1717488000000,207993.62
1717491600000,210012.87
1717495200000,212079.39
1717498800000,199566.33
1717502400000,197149.04
1717506000000,201873.49
1717509600000,207846.67
1717513200000,204267.97
1717516800000,206271.5
1717520400000,205604.69
1717524000000,208083.76
1717527600000,211377.88
1717531200000,211389.39
1717534800000,212766.74
1717538400000,212354.11
1717542000000,218705.04
1717545600000,221204.32
1717549200000,218958.91
1717552800000,219552.07
1717556400000,222936.75
1717560000000,221808.8
1717563600000,223894.06
1717567200000,219841.66
1717570800000,220533.16
1717574400000,226541.92
1717578000000,221470.15
1717581600000,224675.7
1717585200000,224218.15
1717588800000,222146.55
1717592400000,221750.29
1717596000000,220808.5
1717599600000,220802.92
1717603200000,228548.15
1717606800000,228339.8
1717610400000,229154.2
1717614000000,228129.17
1717617600000,231819.01
1717621200000,232312.01
1717624800000,233711.6
1717628400000,236028.39
1717632000000,239099.62
1717635600000,240993.08
1717639200000,242098.02
1717642800000,243937.4
1717646400000,243809.39
1717650000000,241008.7
1717653600000,243009.86
1717657200000,243066.61
1717660800000,243637.01
1717664400000,247690.68
1717668000000,251493.12
1717671600000,251587.12
1717675200000,250906.24
1717678800000,245899.67
1717682400000,254652.24
1717686000000,256229.68
1717689600000,254868.07
1717693200000,256367.49
1717696800000,256429.32
1717700400000,256675.69
1717704000000,253370.34
1717707600000,255877.3
1717711200000,252465.33
1717714800000,254875.17
1717718400000,255368.79
1717722000000,254566.39
1717725600000,252256.32
1717729200000,251327.12
1717732800000,252405.96
1717736400000,253876.74
1717740000000,255057.15
1717743600000,256023.96
1717747200000,252271.13
1717750800000,250117.89
1717754400000,250529.19
1717758000000,250628.05
1717761600000,249789.37
1717765200000,244278.01
1717768800000,243071.0
1717772400000,242322.41
1717776000000,238015.96
1717779600000,237505.65
1717783200000,232685.12
1717786800000,217058.57
1717790400000,215195.16
1717794000000,214056.48
1717797600000,214388.11
1717801200000,215953.14
1717804800000,214748.79
1717808400000,215197.66
1717812000000,217948.01
1717815600000,218252.22
1717819200000,218606.15
1717822800000,218619.03
1717826400000,218007.64
1717830000000,218220.69
1717833600000,218028.27
1717837200000,218898.29
1717840800000,219308.88
1717844400000,217918.96
1717848000000,215988.33
1717851600000,212600.8
1717855200000,207338.88
1717858800000,211103.02
1717862400000,211027.84
1717866000000,210809.58
1717869600000,209947.29
1717873200000,210539.98
1717876800000,210206.47
1717880400000,210068.99
1717884000000,209569.09
1717887600000,208173.96
1717891200000,207043.81
1717894800000,206144.34
1717898400000,206212.67
1717902000000,199972.14
1717905600000,199702.24
1717909200000,199992.64
1717912800000,201179.55
1717916400000,201251.8
1717920000000,200849.0
1717923600000,200509.7
1717927200000,198961.64
1717930800000,198553.01
1717934400000,198085.6
1717938000000,197677.44
1717941600000,197742.22
1717945200000,196496.42
1717948800000,196016.15
1717952400000,195475.31
1717956000000,195304.19
1717959600000,194948.47
1717963200000,194473.86
1717966800000,193810.58
1717970400000,193228.0
1717974000000,193213.88
1717977600000,193102.69
1717981200000,192545.71
1717984800000,193015.73
1717988400000,192440.97
1717992000000,191241.75
1717995600000,192173.11
1717999200000,191658.8
1718002800000,186105.24
1718006400000,192277.88
1718010000000,192837.18
1718013600000,191120.4
1718017200000,190523.22
1718020800000,191412.07
1718024400000,193168.0
1718028000000,194935.08
1718031600000,194897.67
1718035200000,197750.23
1718038800000,196366.71
1718042400000,196565.22
1718046000000,198547.66
1718049600000,198399.69
1718053200000,196266.69
1718056800000,196504.2
1718060400000,194168.8
1718064000000,193849.66
1718067600000,193060.9
1718071200000,191226.64
1718074800000,191298.59
1718078400000,188927.71
1718082000000,185292.52
1718085600000,186735.57
1718089200000,185288.83
1718092800000,193861.58
1718096400000,195622.99
1718100000000,195969.61
1718103600000,198444.25
1718107200000,200030.29
1718110800000,199621.24
1718114400000,201011.58
1718118000000,199445.07
1718121600000,197871.69
1718125200000,197989.31
1718128800000,201175.63
1718132400000,203285.06
1718136000000,202990.57
1718139600000,202324.95
1718143200000,201821.4
1718146800000,200315.09
1718150400000,195433.65
1718154000000,192860.35
1718157600000,190039.52
1718161200000,191632.49
1718164800000,191755.4
1718168400000,192007.53
1718172000000,193376.19
1718175600000,193352.7
1718179200000,188627.7
1718182800000,186887.6
1718186400000,186097.01
1718190000000,181728.34
1718193600000,179746.97
1718197200000,179465.74
1718200800000,180034.38
1718204400000,179303.12
1718208000000,174455.23
1718211600000,174162.35999999
1718215200000,174091.15
1718218800000,173140.03
1718222400000,169637.74
1718226000000,168227.10999999
1718229600000,168068.73
1718233200000,168155.89
1718236800000,168276.76999999
1718240400000,168367.13
1718244000000,170907.03
1718247600000,171574.57
1718251200000,172921.34
1718254800000,170448.01999999
1718258400000,170551.71
1718262000000,170140.89
1718265600000,168456.32999999
1718269200000,168235.85999999
1718272800000,168923.0
1718276400000,168930.6
1718280000000,171399.66
1718283600000,169775.96
1718287200000,169671.4
1718290800000,169167.31
1718294400000,170559.29999999
1718298000000,169710.1
1718301600000,170338.93
1718305200000,169804.98
1718308800000,169387.81
1718312400000,170491.09
1718316000000,169251.96
1718319600000,169356.1
1718323200000,169431.82999999
1718326800000,169816.56
1718330400000,173150.68
1718334000000,173742.26999999
1718337600000,172959.73
1718341200000,172990.57999999
1718344800000,170258.89
1718348400000,170214.26999999
1718352000000,168963.9
1718355600000,166961.01999999
1718359200000,166875.91
1718362800000,166371.95
1718366400000,164270.79
1718370000000,163387.25
1718373600000,163119.72
1718377200000,161758.39
1718380800000,161073.99
1718384400000,161876.26
1718388000000,161068.82999999
1718391600000,161233.82999999
1718395200000,160205.69
1718398800000,160454.59
1718402400000,160417.35
1718406000000,161362.85
1718409600000,161439.13
1718413200000,161081.35999999
1718416800000,160989.16
1718420400000,160269.91
1718424000000,159840.24
1718427600000,162161.21
1718431200000,163565.94
1718434800000,162258.82
1718438400000,163286.26999999
1718442000000,162817.92
1718445600000,163198.28
1718449200000,163513.19
1718452800000,163683.10999999
1718456400000,163104.84
1718460000000,163046.89
1718463600000,163898.66
1718467200000,163531.32999999
1718470800000,163887.57999999
1718474400000,164225.79999999
1718478000000,163806.32
1718481600000,163798.29
1718485200000,163360.16
1718488800000,163174.0
1718492400000,164012.46
1718496000000,163577.4
1718499600000,163615.62
1718503200000,163875.34
1718506800000,163930.85
1718510400000,164240.38
1718514000000,164077.13
1718517600000,164363.76
1718521200000,164998.92
1718524800000,164222.26
1718528400000,163840.35
1718532000000,163889.99
1718535600000,164405.74
1718539200000,164460.2
1718542800000,164366.75
1718546400000,164704.87
1718550000000,164123.99
1718553600000,163004.91
1718557200000,163404.89
1718560800000,163600.37
1718564400000,164567.57999999
1718568000000,166626.54999999
1718571600000,167098.46
1718575200000,166594.88
1718578800000,167458.91
1718582400000,167859.12
1718586000000,168737.5
1718589600000,167424.60999999
1718593200000,168094.22
1718596800000,168603.91
1718600400000,168698.87
1718604000000,168488.01
1718607600000,169923.48
1718611200000,170457.82999999
1718614800000,170906.64
1718618400000,172469.87
1718622000000,176158.52
1718625600000,178236.14
1718629200000,179619.29
1718632800000,179186.62
1718636400000,178475.11
1718640000000,177385.16
1718643600000,176742.16
1718647200000,177082.63
1718650800000,176987.4
1718654400000,176837.59
1718658000000,176749.62
1718661600000,176880.66
1718665200000,176823.79
1718668800000,176321.18
1718672400000,175315.84
1718676000000,170241.29
1718679600000,169563.4
1718683200000,170437.47
1718686800000,169665.06
1718690400000,169086.87
1718694000000,169007.60999999
1718697600000,170018.82
1718701200000,170401.82
1718704800000,171392.48
1718708400000,171971.7
1718712000000,172056.49
1718715600000,171374.0
1718719200000,170854.85999999
1718722800000,169669.85999999
1718726400000,169175.53
1718730000000,168740.04999999
1718733600000,168864.92
1718737200000,168153.03
1718740800000,168782.06
1718744400000,169842.42
1718748000000,173201.1
1718751600000,172946.51
1718755200000,172759.31
1718758800000,171901.35999999
1718762400000,172433.03
1718766000000,172011.72
1718769600000,172343.24
1718773200000,173438.31
1718776800000,171839.7
1718780400000,177009.11
1718784000000,178741.49
1718787600000,178724.99
1718791200000,178453.31
1718794800000,178474.36
1718798400000,177941.35
1718802000000,177029.74
1718805600000,175733.07
1718809200000,169931.29
1718812800000,173039.65
1718816400000,171549.29999999
1718820000000,171262.57
1718823600000,170016.96
1718827200000,171037.03
1718830800000,169419.4
1718834400000,169545.12
1718838000000,169068.03
1718841600000,168989.31
1718845200000,169072.64
1718848800000,168795.23
1718852400000,168038.03
1718856000000,169938.51999999
1718859600000,168169.24
1718863200000,167123.79
1718866800000,166868.91
1718870400000,165337.7
1718874000000,159373.45
1718877600000,159871.35
1718881200000,158672.26
1718884800000,157787.04999999
1718888400000,157985.98
1718892000000,159042.68
1718895600000,158288.81
1718899200000,157327.32
1718902800000,157969.65
1718906400000,159061.79
1718910000000,159811.28
1718913600000,161765.99
1718917200000,161637.1
1718920800000,160802.91
1718924400000,160556.01999999
1718928000000,161986.93
1718931600000,162536.28
1718935200000,162775.12
1718938800000,162716.22
1718942400000,162566.01999999
1718946000000,164743.89
1718949600000,164444.44
1718953200000,163905.76999999
1718956800000,162922.54999999
1718960400000,163064.53
1718964000000,162833.65
1718967600000,164810.35
1718971200000,163773.56
1718974800000,164650.04
1718978400000,164911.78
1718982000000,163089.07
1718985600000,164096.93
1718989200000,163802.04
1718992800000,164332.79
1718996400000,164696.48
1719000000000,164157.56
1719003600000,164099.35
1719007200000,164095.56
1719010800000,165178.37
1719014400000,164995.13
1719018000000,165568.46
1719021600000,164688.19
1719025200000,163940.63
1719028800000,163953.97
1719032400000,163973.85
1719036000000,164078.82
1719039600000,163093.07999999
1719043200000,163203.06
1719046800000,163132.57999999
1719050400000,162732.99
1719054000000,162616.98
1719057600000,163079.94
1719061200000,163111.23
1719064800000,163218.75
1719068400000,163285.79
1719072000000,163525.44
1719075600000,163747.85999999
1719079200000,163762.89
1719082800000,162359.34
1719086400000,162611.64
1719090000000,163012.98
1719093600000,163971.85
1719097200000,167950.63
1719100800000,168312.01
1719104400000,167541.59
1719108000000,168748.60999999
1719111600000,169236.72
1719115200000,169477.89
1719118800000,169600.64
1719122400000,169814.75
1719126000000,169813.99
1719129600000,170115.09
1719133200000,170250.53
1719136800000,170675.18
1719140400000,170518.41
1719144000000,171285.45
1719147600000,171575.01999999
1719151200000,171657.76999999
1719154800000,170991.44
1719158400000,170366.7
1719162000000,169364.04
1719165600000,169508.31
1719169200000,169675.98
1719172800000,170165.76999999
1719176400000,168979.07
1719180000000,168691.24
1719183600000,168654.57999999
1719187200000,169709.95
1719190800000,171848.7
1719194400000,171505.98
1719198000000,171553.26999999
1719201600000,171502.31
1719205200000,171566.01999999
1719208800000,168481.31
1719212400000,166267.43
1719216000000,164689.38
1719219600000,163454.71
1719223200000,162071.45
1719226800000,161162.29999999
1719230400000,161040.04999999
1719234000000,161422.59
1719237600000,161305.51
1719241200000,161550.1
1719244800000,161320.97
1719248400000,160397.69
1719252000000,160736.49
1719255600000,160823.35
1719259200000,160740.79999999
1719262800000,161920.56
1719266400000,162386.82
1719270000000,162183.95
1719273600000,161964.07
1719277200000,162064.64
1719280800000,162088.95
1719284400000,160498.32999999
1719288000000,158320.57999999
1719291600000,158118.38
1719295200000,158816.37
1719298800000,158903.72
1719302400000,158915.81
1719306000000,158311.92
1719309600000,158422.47
1719313200000,158371.68
1719316800000,158355.07999999
1719320400000,158084.76
1719324000000,158020.79999999
1719327600000,158036.10999999
1719331200000,158215.85
1719334800000,157827.42
1719338400000,157952.2
1719342000000,158605.06
1719345600000,158842.88
1719349200000,158985.69
1719352800000,159182.6
1719356400000,157778.26
1719360000000,157210.35999999
1719363600000,156221.21
1719367200000,156088.35
1719370800000,155494.95
1719374400000,156033.91
1719378000000,155439.88
1719381600000,155335.39
1719385200000,155682.87
1719388800000,155572.35
1719392400000,155892.7
1719396000000,155265.47
1719399600000,154693.7
1719403200000,154413.4
1719406800000,154980.24
1719410400000,155209.95
1719414000000,153811.42
1719417600000,153721.26999999
1719421200000,153657.64
1719424800000,153289.71
1719428400000,153538.87
1719432000000,154498.68
1719435600000,154530.94
1719439200000,154458.72
1719442800000,154088.53
1719446400000,154018.03
1719450000000,153583.07999999
1719453600000,153533.25
1719457200000,153384.1
1719460800000,153152.54
1719464400000,153101.10999999
1719468000000,153188.99
1719471600000,154041.31
1719475200000,154141.81
1719478800000,154352.54
1719482400000,154627.45
1719486000000,155538.99
1719489600000,156095.48
1719493200000,156363.37
1719496800000,156073.82
1719500400000,151358.5
1719504000000,150250.73
1719507600000,150208.44
1719511200000,150045.98
1719514800000,149795.0
1719518400000,149916.28
1719522000000,149887.63
1719525600000,149569.39
1719529200000,149332.42
1719532800000,149250.66
1719536400000,149426.07
1719540000000,149088.7
1719543600000,148996.51
1719547200000,148618.44
1719550800000,148696.29
1719554400000,148621.60999999
1719558000000,148444.79999999
1719561600000,148955.69
1719565200000,148924.03
1719568800000,148796.07999999
1719572400000,149882.13
1719576000000,149929.57
1719579600000,150313.79999999
1719583200000,150280.13
1719586800000,149644.41
1719590400000,149291.48
1719594000000,152066.62
1719597600000,151587.22
1719601200000,151639.49
1719604800000,151755.98
1719608400000,151264.22
1719612000000,150142.51
1719615600000,150797.9
1719619200000,150780.04
1719622800000,150637.01
1719626400000,149473.89
1719630000000,150054.04
1719633600000,149774.81
1719637200000,146980.71
1719640800000,146363.06
1719644400000,146694.88
1719648000000,147475.26999999
1719651600000,146426.79
1719655200000,146723.79
1719658800000,146808.15
1719662400000,147103.78
1719666000000,147093.35999999
1719669600000,147313.38
1719673200000,150296.79
1719676800000,150263.21
1719680400000,150322.48
1719684000000,150055.68
1719687600000,150137.82999999
1719691200000,149983.99
1719694800000,150058.63
1719698400000,149899.53
1719702000000,149773.43
1719705600000,149810.45
1719709200000,149665.85999999
1719712800000,150718.81
1719716400000,150242.87
1719720000000,149463.04999999
1719723600000,149327.29999999
1719727200000,148943.32
1719730800000,148819.84
1719734400000,147096.18
1719738000000,146760.29
1719741600000,146211.60999999
1719745200000,146149.7
1719748800000,146155.18
1719752400000,146451.13
1719756000000,145422.79
1719759600000,145842.35
1719763200000,145851.79
1719766800000,145681.13
1719770400000,145948.03
1719774000000,144964.60999999
1719777600000,145025.47
1719781200000,144931.64
1719784800000,144792.57999999
1719788400000,144186.6
