ts_ms,oi
1704060000000,57650.525
1704063600000,56986.229
1704067200000,57333.868
1704070800000,57372.416
1704074400000,57110.981
1704078000000,57163.047
1704081600000,57661.197
1704085200000,57963.466
1704088800000,57798.264
1704092400000,57657.712
1704096000000,57520.986
1704099600000,57571.516
1704103200000,57518.797
1704106800000,57335.265
1704110400000,57230.758
1704114000000,57238.266
1704117600000,57309.154
1704121200000,57301.766
1704124800000,57490.497
1704128400000,57765.005
1704132000000,57760.117
1704135600000,56631.985
1704139200000,56528.961
1704142800000,57292.226
1704146400000,57284.859
1704150000000,57269.139
1704153600000,57100.658
1704157200000,55695.037
1704160800000,55101.438
1704164400000,56141.407
1704168000000,56604.672
1704171600000,57518.104
1704175200000,57689.267
1704178800000,57857.613
1704182400000,58012.255
1704186000000,58249.731
1704189600000,58563.177
1704193200000,59177.035
1704196800000,58584.483
1704200400000,59188.264
1704204000000,59273.172
1704207600000,59469.564
1704211200000,60110.072
1704214800000,60402.196
1704218400000,60539.329
1704222000000,61104.275
1704225600000,61062.324
1704229200000,60237.266
1704232800000,60403.823
1704236400000,59669.469
1704240000000,59520.831
1704243600000,58935.291
1704247200000,59496.582
1704250800000,59466.745
1704254400000,59581.839
1704258000000,59716.543
1704261600000,59673.931
1704265200000,59703.419
1704268800000,59604.942
1704272400000,59802.514
1704276000000,59748.136
1704279600000,59522.543
1704283200000,60012.081
1704286800000,55376.378
1704290400000,57275.461
1704294000000,58221.102
1704297600000,57831.186
1704301200000,58679.741
1704304800000,58819.531
1704308400000,55651.217
1704312000000,56854.362
1704315600000,57254.291
1704319200000,57422.05
1704322800000,57994.314
1704326400000,57947.856
1704330000000,58244.608
1704333600000,58360.378
1704337200000,58546.826
1704340800000,59001.531
1704344400000,59327.972
1704348000000,58962.069
1704351600000,58856.533
1704355200000,59045.21
1704358800000,58662.679
1704362400000,58274.58
1704366000000,57884.477
1704369600000,58335.797
1704373200000,58770.851
1704376800000,59898.891
1704380400000,60478.174
1704384000000,60434.133
1704387600000,59322.847
1704391200000,59325.71
1704394800000,59415.718
1704398400000,58369.382
1704402000000,58404.428
1704405600000,58397.815
1704409200000,57917.284
1704412800000,57238.537
1704416400000,57886.616
1704420000000,55523.075
1704423600000,55048.879
1704427200000,54898.177
1704430800000,55308.416
1704434400000,54893.002
1704438000000,54885.566
1704441600000,55141.943
1704445200000,55123.178
1704448800000,55807.856
1704452400000,54118.923
1704456000000,55219.468
1704459600000,55731.492
1704463200000,55216.8
1704466800000,55242.154
1704470400000,55949.625
1704474000000,55332.358
1704477600000,55633.866
1704481200000,55515.095
1704484800000,55618.017
1704488400000,55931.728
1704492000000,55119.135
1704495600000,54901.422
1704499200000,55341.066
1704502800000,55247.953
1704506400000,55629.286
1704510000000,55681.838
1704513600000,55452.125
1704517200000,55545.746
1704520800000,56347.772
1704524400000,56621.103
1704528000000,56366.513
1704531600000,56640.704
1704535200000,56700.806
1704538800000,56827.329
1704542400000,56706.853
1704546000000,56781.05
1704549600000,56805.829
1704553200000,56797.76
1704556800000,56711.839
1704560400000,56528.163
1704564000000,56608.08
1704567600000,56951.487
1704571200000,57162.835
1704574800000,56673.832
1704578400000,56445.634
1704582000000,56368.278
1704585600000,56317.492
1704589200000,56141.649
1704592800000,56521.994
1704596400000,56817.436
1704600000000,56551.66
1704603600000,56721.746
1704607200000,56922.989
1704610800000,56923.099
1704614400000,56981.16
1704618000000,57100.832
1704621600000,57480.537
1704625200000,57652.379
1704628800000,57537.179
1704632400000,57853.141
1704636000000,58512.968
1704639600000,58614.254
1704643200000,57697.836
1704646800000,57405.126
1704650400000,57340.412
1704654000000,57622.755
1704657600000,57475.294
1704661200000,57408.098
1704664800000,57177.422
1704668400000,56648.332
1704672000000,56475.498
1704675600000,56838.59
1704679200000,56515.044
1704682800000,56392.429
1704686400000,57719.959
1704690000000,58169.974
1704693600000,58337.618
1704697200000,57968.288
1704700800000,58074.818
1704704400000,58320.038
1704708000000,58247.915
1704711600000,58350.858
1704715200000,59022.162
1704718800000,58705.702
1704722400000,59267.227
1704726000000,59427.355
1704729600000,57726.497
1704733200000,58301.215
1704736800000,57851.98
1704740400000,57337.213
1704744000000,57221.57
1704747600000,56927.253
1704751200000,56871.799
1704754800000,57087.671
1704758400000,57254.75
1704762000000,58190.077
1704765600000,58888.018
1704769200000,58683.378
1704772800000,58649.42
1704776400000,58441.732
1704780000000,58466.891
1704783600000,58412.626
1704787200000,58667.632
1704790800000,58957.188
1704794400000,59371.346
1704798000000,59347.469
1704801600000,59567.322
1704805200000,57137.589
1704808800000,58602.901
1704812400000,58473.468
1704816000000,57619.06
1704819600000,57653.968
1704823200000,57482.809
1704826800000,57601.805
1704830400000,57564.559
1704834000000,57341.407
1704837600000,55826.346
1704841200000,55802.062
1704844800000,56057.527
1704848400000,54949.707
1704852000000,55045.178
1704855600000,54884.983
1704859200000,54986.461
1704862800000,54934.494
1704866400000,54934.37
1704870000000,55217.889
1704873600000,55207.631
1704877200000,56109.084
1704880800000,56188.974
1704884400000,56187.638
1704888000000,56039.135
1704891600000,56929.601
1704895200000,58780.456
1704898800000,58733.715
1704902400000,58846.199
1704906000000,58947.597
1704909600000,59550.397
1704913200000,59732.316
1704916800000,59298.535
1704920400000,59149.969
1704924000000,57926.915
1704927600000,57154.149
1704931200000,56708.579
1704934800000,55839.071
1704938400000,55793.023
1704942000000,55747.097
1704945600000,54815.458
1704949200000,54558.076
1704952800000,53953.333
1704956400000,53994.353
1704960000000,54759.631
1704963600000,54987.966
1704967200000,54958.592
1704970800000,54594.913
1704974400000,55475.78
1704978000000,56115.394
1704981600000,55492.402
1704985200000,57720.884
1704988800000,56369.337
1704992400000,57363.537
1704996000000,56629.385
1704999600000,57951.851
1705003200000,57469.796
1705006800000,57350.252
1705010400000,57366.939
1705014000000,57455.475
1705017600000,57419.599
1705021200000,56758.957
1705024800000,56214.097
1705028400000,56360.713
1705032000000,56464.469
1705035600000,56741.721
1705039200000,57024.463
1705042800000,57462.416
1705046400000,58092.356
1705050000000,58528.489
1705053600000,58013.704
1705057200000,57901.626
1705060800000,57769.464
1705064400000,57846.958
1705068000000,58939.259
1705071600000,61408.35
1705075200000,63524.596
1705078800000,62790.234
1705082400000,64124.77
1705086000000,65292.249
1705089600000,65458.601
1705093200000,65626.014
1705096800000,64564.199
1705100400000,58726.964
1705104000000,58518.189
1705107600000,58766.95
1705111200000,58359.423
1705114800000,58549.75
1705118400000,58556.376
1705122000000,58322.296
1705125600000,59254.59
1705129200000,59235.868
1705132800000,59456.87
1705136400000,59687.344
1705140000000,59522.263
1705143600000,59731.48
1705147200000,60023.943
1705150800000,60214.852
1705154400000,60124.341
1705158000000,60081.99
1705161600000,60483.669
1705165200000,60223.274
1705168800000,60099.555
1705172400000,59789.752
1705176000000,59845.979
1705179600000,59598.597
1705183200000,59468.985
1705186800000,59392.042
1705190400000,59421.751
1705194000000,59511.508
1705197600000,59434.066
1705201200000,59403.015
1705204800000,59549.853
1705208400000,59803.948
1705212000000,59767.318
1705215600000,60120.162
1705219200000,60201.1
1705222800000,60454.734
1705226400000,60323.759
1705230000000,60473.372
1705233600000,60349.264
1705237200000,61557.634
1705240800000,61316.253
1705244400000,61934.739
1705248000000,61886.089
1705251600000,61924.637
1705255200000,61873.002
1705258800000,61786.271
1705262400000,61681.485
1705266000000,61420.616
1705269600000,61496.32
1705273200000,61619.65
1705276800000,61092.757
1705280400000,60861.673
1705284000000,60924.97
1705287600000,60925.125
1705291200000,59521.717
1705294800000,59655.432
1705298400000,60608.865
1705302000000,60667.471
1705305600000,60665.173
1705309200000,60696.758
1705312800000,61022.16
1705316400000,59792.36
1705320000000,59750.265
1705323600000,59825.973
1705327200000,59619.504
1705330800000,60113.287
1705334400000,60068.655
1705338000000,59597.909
1705341600000,59264.163
1705345200000,58989.99
1705348800000,58902.266
1705352400000,58911.09
1705356000000,58989.037
1705359600000,58673.326
1705363200000,59472.029
1705366800000,59481.118
1705370400000,59684.5
1705374000000,59672.245
1705377600000,59572.696
1705381200000,59857.279
1705384800000,59845.185
1705388400000,59964.136
1705392000000,59589.095
1705395600000,58908.653
1705399200000,58674.112
1705402800000,58399.639
1705406400000,58691.25
1705410000000,58753.647
1705413600000,58685.532
1705417200000,61201.026
1705420800000,58727.382
1705424400000,58638.933
1705428000000,58657.969
1705431600000,57986.564
1705435200000,58026.611
1705438800000,58169.8
1705442400000,57675.372
1705446000000,57408.12
1705449600000,57586.097
1705453200000,57611.51
1705456800000,57626.346
1705460400000,57670.206
1705464000000,57759.928
1705467600000,57930.741
1705471200000,58024.761
1705474800000,58380.622
1705478400000,58736.819
1705482000000,59545.026
1705485600000,59581.613
1705489200000,59815.207
1705492800000,59951.305
1705496400000,59023.663
1705500000000,59830.692
1705503600000,58959.648
1705507200000,59145.187
1705510800000,59390.535
1705514400000,59510.681
1705518000000,59162.773
1705521600000,59070.585
1705525200000,58169.773
1705528800000,58309.884
1705532400000,57885.79
1705536000000,57985.309
1705539600000,57813.221
1705543200000,57883.241
1705546800000,57917.603
1705550400000,57975.459
1705554000000,58026.553
1705557600000,58195.06
1705561200000,58087.833
1705564800000,58129.056
1705568400000,58201.561
1705572000000,57983.771
1705575600000,57592.072
1705579200000,58130.862
1705582800000,58615.966
1705586400000,58866.045
1705590000000,58171.84
1705593600000,58116.578
1705597200000,57442.824
1705600800000,58105.24
1705604400000,58962.184
1705608000000,57980.425
1705611600000,59032.76
1705615200000,59095.446
1705618800000,59396.14
1705622400000,59436.602
1705626000000,59264.922
1705629600000,59168.569
1705633200000,58868.583
1705636800000,58981.547
1705640400000,58936.975
1705644000000,59142.04
1705647600000,59029.463
1705651200000,58962.319
1705654800000,58788.328
1705658400000,58947.145
1705662000000,59392.44
1705665600000,59401.424
1705669200000,59683.707
1705672800000,59873.044
1705676400000,60673.578
1705680000000,59815.081
1705683600000,59399.121
1705687200000,60006.509
1705690800000,58843.998
1705694400000,58872.53
1705698000000,57936.353
1705701600000,57630.065
1705705200000,57572.175
1705708800000,57680.951
1705712400000,56133.136
1705716000000,56201.414
1705719600000,56514.659
1705723200000,56974.64
1705726800000,57323.604
1705730400000,57181.003
1705734000000,57605.97
1705737600000,57613.666
1705741200000,57906.225
1705744800000,58124.816
1705748400000,58076.724
1705752000000,57885.882
1705755600000,57851.146
1705759200000,58044.559
1705762800000,58236.178
1705766400000,58169.429
1705770000000,58183.063
1705773600000,58151.976
1705777200000,58056.613
1705780800000,58118.171
1705784400000,57901.764
1705788000000,57728.314
1705791600000,57666.555
1705795200000,57596.626
1705798800000,57768.334
1705802400000,57735.077
1705806000000,57850.227
1705809600000,58148.016
1705813200000,58032.138
1705816800000,57817.596
1705820400000,57756.467
1705824000000,57645.399
1705827600000,57624.159
1705831200000,57507.615
1705834800000,58226.304
1705838400000,58261.433
1705842000000,58476.077
1705845600000,58762.521
1705849200000,59049.502
1705852800000,59417.907
1705856400000,59372.753
1705860000000,59255.238
1705863600000,58906.514
1705867200000,58843.824
1705870800000,58958.767
1705874400000,58816.582
1705878000000,58791.506
1705881600000,58946.21
1705885200000,58705.027
1705888800000,58159.322
1705892400000,58418.61
1705896000000,57817.0
1705899600000,56385.916
1705903200000,57238.603
1705906800000,57925.266
1705910400000,58181.507
1705914000000,58214.368
1705917600000,58116.14
1705921200000,57610.481
1705924800000,58935.58
1705928400000,59380.929
1705932000000,59699.405
1705935600000,59134.356
1705939200000,59368.203
1705942800000,60085.473
1705946400000,59658.753
1705950000000,57534.717
1705953600000,57487.715
1705957200000,56615.365
1705960800000,56323.587
1705964400000,56152.409
1705968000000,56553.682
1705971600000,56802.97
1705975200000,56688.877
1705978800000,56375.334
1705982400000,56370.002
1705986000000,56418.778
1705989600000,56602.702
1705993200000,56817.052
1705996800000,57429.478
1706000400000,57729.458
1706004000000,58852.117
1706007600000,58945.423
1706011200000,58831.926
1706014800000,59380.337
1706018400000,59495.404
1706022000000,60105.274
1706025600000,58357.448
1706029200000,58593.103
1706032800000,58248.82
1706036400000,58294.359
1706040000000,58080.07
1706043600000,58420.455
1706047200000,58558.769
1706050800000,58403.133
1706054400000,57594.538
1706058000000,57313.832
1706061600000,57586.779
1706065200000,57418.708
1706068800000,57534.901
1706072400000,57725.288
1706076000000,57786.533
1706079600000,57895.889
1706083200000,57742.139
1706086800000,58297.05
1706090400000,58775.977
1706094000000,59573.494
1706097600000,59848.512
1706101200000,59815.982
1706104800000,59102.422
1706108400000,59788.689
1706112000000,60496.862
1706115600000,60368.308
1706119200000,60988.465
1706122800000,60527.577
1706126400000,60090.736
1706130000000,60530.554
1706133600000,60598.089
1706137200000,60789.464
1706140800000,60410.63
1706144400000,60711.822
1706148000000,60871.397
1706151600000,60926.313
1706155200000,60796.738
1706158800000,60784.301
1706162400000,60380.084
1706166000000,60456.922
1706169600000,60394.875
1706173200000,60530.274
1706176800000,60856.228
1706180400000,60803.187
1706184000000,61586.096
1706187600000,61313.028
1706191200000,61991.534
1706194800000,62022.97
1706198400000,60577.117
1706202000000,61410.086
1706205600000,61672.565
1706209200000,62114.148
1706212800000,62079.642
1706216400000,62064.543
1706220000000,61821.531
1706223600000,61953.81
1706227200000,61715.294
1706230800000,61703.991
1706234400000,61687.873
1706238000000,62517.346
1706241600000,62084.954
1706245200000,62516.115
1706248800000,62442.833
1706252400000,61742.477
1706256000000,61588.553
1706259600000,62093.592
1706263200000,62964.331
1706266800000,62741.782
1706270400000,63527.35
1706274000000,63543.587
1706277600000,63069.68
1706281200000,62770.714
1706284800000,62978.079
1706288400000,62964.609
1706292000000,62878.42
1706295600000,61950.584
1706299200000,61968.13
1706302800000,61405.432
1706306400000,61092.825
1706310000000,61127.488
1706313600000,61007.776
1706317200000,60809.693
1706320800000,60686.318
1706324400000,60845.843
1706328000000,61126.088
1706331600000,61108.011
1706335200000,61146.02
1706338800000,61280.285
1706342400000,61439.911
1706346000000,60559.126
1706349600000,60408.867
1706353200000,60412.05
1706356800000,60469.265
1706360400000,60325.21
1706364000000,60377.125
1706367600000,60366.185
1706371200000,60246.08
1706374800000,60175.734
1706378400000,60219.327
1706382000000,60223.67
1706385600000,60110.91
1706389200000,60057.735
1706392800000,60217.118
1706396400000,60339.585
1706400000000,60360.304
1706403600000,60572.098
1706407200000,60692.978
1706410800000,61338.628
1706414400000,61096.82
1706418000000,60244.219
1706421600000,59585.627
1706425200000,59868.155
1706428800000,59644.721
1706432400000,59617.37
1706436000000,59483.16
1706439600000,59675.218
1706443200000,59750.744
1706446800000,59897.465
1706450400000,60030.169
1706454000000,60029.249
1706457600000,59467.723
1706461200000,59378.347
1706464800000,59117.772
1706468400000,58792.481
1706472000000,58286.43
1706475600000,57809.334
1706479200000,57685.037
1706482800000,57667.592
1706486400000,57779.419
1706490000000,57597.225
1706493600000,57586.528
1706497200000,58347.994
1706500800000,58220.235
1706504400000,58405.59
1706508000000,58622.309
1706511600000,58849.882
1706515200000,58739.279
1706518800000,58743.663
1706522400000,58648.067
1706526000000,58626.22
1706529600000,58884.022
1706533200000,59020.276
1706536800000,59622.746
1706540400000,59862.182
1706544000000,58692.994
1706547600000,58422.453
1706551200000,59432.963
1706554800000,59506.359
1706558400000,60070.871
1706562000000,60021.662
1706565600000,60006.705
1706569200000,60093.307
1706572800000,58383.425
1706576400000,58421.842
1706580000000,60121.911
1706583600000,60287.496
1706587200000,60393.804
1706590800000,60451.889
1706594400000,60274.748
1706598000000,60032.143
1706601600000,60260.928
1706605200000,59342.135
1706608800000,59413.854
1706612400000,59788.446
1706616000000,60047.966
1706619600000,59856.131
1706623200000,59912.391
1706626800000,60025.075
1706630400000,59718.302
1706634000000,59514.689
1706637600000,59329.477
1706641200000,59323.496
1706644800000,58832.802
1706648400000,58304.3
1706652000000,58489.956
1706655600000,58977.024
1706659200000,58098.574
1706662800000,57541.178
1706666400000,58037.84
1706670000000,57973.389
1706673600000,57742.675
1706677200000,57850.547
1706680800000,58021.478
1706684400000,58295.817
1706688000000,58472.475
1706691600000,58694.779
1706695200000,58625.572
1706698800000,59021.394
1706702400000,58888.231
1706706000000,59598.554
1706709600000,59348.833
1706713200000,59576.099
1706716800000,59921.407
1706720400000,59709.671
1706724000000,59912.277
1706727600000,59558.991
1706731200000,58968.798
1706734800000,58423.98
1706738400000,58212.478
1706742000000,58154.011
1706745600000,58124.945
1706749200000,57644.398
1706752800000,57301.294
1706756400000,56927.095
1706760000000,57061.182
1706763600000,57510.368
1706767200000,57858.405
1706770800000,58043.346
1706774400000,58583.734
1706778000000,58925.808
1706781600000,58971.027
1706785200000,58840.092
1706788800000,59463.983
1706792400000,59338.753
1706796000000,59207.572
1706799600000,58507.385
1706803200000,60696.537
1706806800000,60151.618
1706810400000,58816.442
1706814000000,58764.611
1706817600000,56738.441
1706821200000,56655.603
1706824800000,56214.946
1706828400000,56216.498
1706832000000,56334.298
1706835600000,55867.942
1706839200000,56311.41
1706842800000,56511.661
1706846400000,56742.171
1706850000000,56965.272
1706853600000,56945.538
1706857200000,57349.371
1706860800000,57540.067
1706864400000,57282.49
1706868000000,57636.02
1706871600000,57860.004
1706875200000,57751.435
1706878800000,57854.94
1706882400000,58223.486
1706886000000,58511.847
1706889600000,58177.491
1706893200000,57709.376
1706896800000,57373.564
1706900400000,57111.886
1706904000000,57264.746
1706907600000,56676.462
1706911200000,56495.663
1706914800000,56316.703
1706918400000,56329.555
1706922000000,56217.26
1706925600000,56468.724
1706929200000,56465.464
1706932800000,56561.756
1706936400000,56610.237
1706940000000,56756.813
1706943600000,57016.163
1706947200000,57062.881
1706950800000,57080.903
1706954400000,56714.393
1706958000000,56868.479
1706961600000,57130.92
1706965200000,56748.909
1706968800000,56820.08
1706972400000,56866.281
1706976000000,56749.947
1706979600000,57040.661
1706983200000,57093.238
1706986800000,56714.003
1706990400000,56734.667
1706994000000,56754.033
1706997600000,56740.797
1707001200000,56826.455
1707004800000,56874.396
1707008400000,56887.022
1707012000000,56914.153
1707015600000,56968.139
1707019200000,57019.575
1707022800000,57194.36
1707026400000,57145.167
1707030000000,56961.921
1707033600000,57232.333
1707037200000,57371.582
1707040800000,57182.817
1707044400000,57326.912
1707048000000,57088.8
1707051600000,57469.906
1707055200000,57493.858
1707058800000,57492.071
1707062400000,57455.861
1707066000000,57539.629
1707069600000,57491.859
1707073200000,57618.565
1707076800000,58009.194
1707080400000,57492.047
1707084000000,57409.001
1707087600000,57323.02
1707091200000,57505.922
1707094800000,58156.091
1707098400000,58028.938
1707102000000,58251.643
1707105600000,58203.325
1707109200000,58362.396
1707112800000,58449.798
1707116400000,58833.78
1707120000000,58801.107
1707123600000,59106.813
1707127200000,59187.707
1707130800000,59652.592
1707134400000,59956.63
1707138000000,60119.402
1707141600000,60356.388
1707145200000,60301.077
1707148800000,60500.286
1707152400000,60591.9
1707156000000,60216.231
1707159600000,59860.293
1707163200000,59970.541
1707166800000,60396.943
1707170400000,60178.117
1707174000000,60369.567
1707177600000,59804.987
1707181200000,60045.229
1707184800000,59883.22
1707188400000,59384.964
1707192000000,59228.803
1707195600000,59477.112
1707199200000,59481.03
1707202800000,59682.489
1707206400000,59785.716
1707210000000,59522.327
1707213600000,59644.254
1707217200000,59724.101
1707220800000,60010.732
1707224400000,59856.202
1707228000000,59865.351
1707231600000,59728.183
1707235200000,59594.315
1707238800000,59043.728
1707242400000,58988.409
1707246000000,58798.378
1707249600000,58991.157
1707253200000,58881.955
1707256800000,58854.444
1707260400000,58776.322
1707264000000,58730.778
1707267600000,58734.165
1707271200000,58726.272
1707274800000,58573.855
1707278400000,58132.486
1707282000000,57996.363
1707285600000,57893.988
1707289200000,58060.896
1707292800000,58029.476
1707296400000,58452.539
1707300000000,58907.165
1707303600000,58453.186
1707307200000,58635.961
1707310800000,58491.284
1707314400000,59030.09
1707318000000,59021.061
1707321600000,59401.226
1707325200000,59289.652
1707328800000,59531.09
1707332400000,60354.849
1707336000000,60305.521
1707339600000,60061.005
1707343200000,60386.887
1707346800000,60621.136
1707350400000,60925.882
1707354000000,60598.283
1707357600000,60285.343
1707361200000,59663.351
1707364800000,59636.578
1707368400000,59661.294
1707372000000,59782.692
1707375600000,59978.471
1707379200000,59961.889
1707382800000,60737.977
1707386400000,61195.432
1707390000000,61795.242
1707393600000,61919.881
1707397200000,61880.27
1707400800000,62070.883
1707404400000,62752.669
1707408000000,62990.908
1707411600000,62155.839
1707415200000,62203.722
1707418800000,62786.554
1707422400000,62112.156
1707426000000,61263.619
1707429600000,60841.662
1707433200000,61063.267
1707436800000,61027.805
1707440400000,61210.559
1707444000000,61295.581
1707447600000,59578.22
1707451200000,60236.328
1707454800000,59586.244
1707458400000,59693.283
1707462000000,59912.143
1707465600000,59888.068
1707469200000,59910.076
1707472800000,60270.021
1707476400000,60513.277
1707480000000,61001.432
1707483600000,60037.167
1707487200000,60404.614
1707490800000,59705.539
1707494400000,60203.01
1707498000000,60455.397
1707501600000,60282.311
1707505200000,58512.477
1707508800000,58583.495
1707512400000,58341.037
1707516000000,57910.593
1707519600000,57639.768
1707523200000,57939.289
1707526800000,58009.534
1707530400000,57774.516
1707534000000,57533.721
1707537600000,57121.643
1707541200000,57266.209
1707544800000,57527.82
1707548400000,57724.511
1707552000000,58011.812
1707555600000,58662.998
1707559200000,58982.251
1707562800000,59541.912
1707566400000,59502.652
1707570000000,59491.374
1707573600000,59340.389
1707577200000,59300.139
1707580800000,59369.184
1707584400000,59296.909
1707588000000,59184.613
1707591600000,59184.365
1707595200000,58447.053
1707598800000,58139.592
1707602400000,58331.159
1707606000000,58583.392
1707609600000,58797.208
1707613200000,59064.514
1707616800000,58976.021
1707620400000,59104.652
1707624000000,58686.362
1707627600000,59058.602
1707631200000,58890.154
1707634800000,58939.318
1707638400000,58960.188
1707642000000,58933.381
1707645600000,59360.748
1707649200000,58951.44
1707652800000,59532.146
1707656400000,59848.668
1707660000000,59408.125
1707663600000,59703.251
1707667200000,59711.33
1707670800000,59549.502
1707674400000,59246.659
1707678000000,58999.782
1707681600000,59231.798
1707685200000,59440.626
1707688800000,59660.651
1707692400000,59468.583
1707696000000,59689.399
1707699600000,60413.695
1707703200000,60515.868
1707706800000,60043.403
1707710400000,60504.656
1707714000000,60467.36
1707717600000,60586.778
1707721200000,59904.428
1707724800000,59881.037
1707728400000,60151.005
1707732000000,60509.291
1707735600000,60841.899
1707739200000,61432.415
1707742800000,61526.996
1707746400000,61759.622
1707750000000,62905.94
1707753600000,63116.03
1707757200000,63451.189
1707760800000,62907.197
1707764400000,62933.458
1707768000000,62467.557
1707771600000,62293.579
1707775200000,61997.62
1707778800000,62197.738
1707782400000,62240.683
1707786000000,62539.582
1707789600000,62472.281
1707793200000,62056.717
1707796800000,61797.742
1707800400000,62024.266
1707804000000,61877.488
1707807600000,62102.255
1707811200000,62639.469
1707814800000,63098.862
1707818400000,63035.754
1707822000000,61754.614
1707825600000,61542.003
1707829200000,61724.939
1707832800000,61051.225
1707836400000,60686.436
1707840000000,61525.776
1707843600000,61885.484
1707847200000,62255.512
1707850800000,62668.405
1707854400000,62447.572
1707858000000,61298.665
1707861600000,60663.406
1707865200000,60321.507
1707868800000,59962.329
1707872400000,60007.249
1707876000000,59897.806
1707879600000,59726.562
1707883200000,59788.614
1707886800000,59515.908
1707890400000,59809.761
1707894000000,59932.1
1707897600000,59863.541
1707901200000,59563.184
1707904800000,59671.437
1707908400000,60047.589
1707912000000,60303.625
1707915600000,60457.212
1707919200000,60892.734
1707922800000,61439.861
1707926400000,61556.893
1707930000000,60998.521
1707933600000,61091.089
1707937200000,61301.558
1707940800000,60746.847
1707944400000,60900.903
1707948000000,60519.516
1707951600000,60671.816
1707955200000,60777.621
1707958800000,60779.999
1707962400000,61087.97
1707966000000,60863.417
1707969600000,61087.326
1707973200000,60866.593
1707976800000,60407.831
1707980400000,60936.694
1707984000000,61343.026
1707987600000,61372.884
1707991200000,61629.03
1707994800000,61582.628
1707998400000,61652.208
1708002000000,62361.39
1708005600000,62965.239
1708009200000,62799.774
1708012800000,61234.874
1708016400000,61993.802
1708020000000,60518.981
1708023600000,60498.236
1708027200000,60706.413
1708030800000,59479.141
1708034400000,58848.985
1708038000000,58826.831
1708041600000,58965.252
1708045200000,59072.565
1708048800000,59358.192
1708052400000,59720.557
1708056000000,59589.169
1708059600000,59497.983
1708063200000,59508.123
1708066800000,59581.428
1708070400000,59956.138
1708074000000,60374.845
1708077600000,60526.145
1708081200000,59835.656
1708084800000,59843.796
1708088400000,60180.053
1708092000000,60279.273
1708095600000,60621.043
1708099200000,60383.645
1708102800000,60014.918
1708106400000,60208.828
1708110000000,60145.27
1708113600000,59809.993
1708117200000,59713.944
1708120800000,59651.603
1708124400000,59836.095
1708128000000,59306.276
1708131600000,59418.757
1708135200000,59227.652
1708138800000,59269.642
1708142400000,59301.387
1708146000000,59430.076
1708149600000,59572.724
1708153200000,59571.112
1708156800000,59486.86
1708160400000,59875.371
1708164000000,60274.757
1708167600000,60595.62
1708171200000,60393.45
1708174800000,60282.142
1708178400000,60932.594
1708182000000,61308.08
1708185600000,61007.381
1708189200000,61245.429
1708192800000,61239.367
1708196400000,61391.075
1708200000000,60972.451
1708203600000,60766.512
1708207200000,61124.145
1708210800000,61497.602
1708214400000,61754.633
1708218000000,61745.485
1708221600000,61574.325
1708225200000,59462.273
1708228800000,59714.752
1708232400000,60478.69
1708236000000,60238.423
1708239600000,59833.476
1708243200000,59851.62
1708246800000,59901.659
1708250400000,60059.882
1708254000000,59929.815
1708257600000,59911.917
1708261200000,60103.184
1708264800000,60483.748
1708268400000,60811.284
1708272000000,60896.339
1708275600000,60976.508
1708279200000,60696.795
1708282800000,60912.153
1708286400000,60748.791
1708290000000,60669.361
1708293600000,60585.468
1708297200000,59672.471
1708300800000,59907.154
1708304400000,59794.125
1708308000000,59912.573
1708311600000,59953.333
1708315200000,60008.841
1708318800000,60015.006
1708322400000,60172.861
1708326000000,60970.454
1708329600000,61200.038
1708333200000,60905.947
1708336800000,61413.793
1708340400000,61377.853
1708344000000,62098.026
1708347600000,61885.981
1708351200000,61573.993
1708354800000,61614.865
1708358400000,61254.512
1708362000000,60649.525
1708365600000,61045.084
1708369200000,60873.078
1708372800000,61211.578
1708376400000,61033.28
1708380000000,60782.708
1708383600000,60238.158
1708387200000,60742.016
1708390800000,60460.782
1708394400000,60829.15
1708398000000,61081.486
1708401600000,61067.951
1708405200000,60836.458
1708408800000,61109.46
1708412400000,61060.236
1708416000000,60856.519
1708419600000,61084.784
1708423200000,60984.77
1708426800000,60975.925
1708430400000,61010.36
1708434000000,61244.202
1708437600000,61196.124
1708441200000,60839.464
1708444800000,60541.966
1708448400000,60794.469
1708452000000,59602.091
1708455600000,59183.454
1708459200000,58888.026
1708462800000,59060.799
1708466400000,58936.086
1708470000000,58624.86
1708473600000,58537.153
1708477200000,58825.976
1708480800000,59092.831
1708484400000,59029.04
1708488000000,59008.579
1708491600000,58812.844
1708495200000,58243.939
1708498800000,58537.123
1708502400000,58788.037
1708506000000,58991.299
1708509600000,59320.358
1708513200000,59839.462
1708516800000,60165.18
1708520400000,61039.468
1708524000000,60927.661
1708527600000,60849.035
1708531200000,60712.426
1708534800000,61743.367
1708538400000,60939.302
1708542000000,61133.902
1708545600000,60513.998
1708549200000,60013.872
1708552800000,60110.969
1708556400000,59983.793
1708560000000,59194.865
1708563600000,58652.494
1708567200000,58303.333
1708570800000,58540.458
1708574400000,58918.234
1708578000000,58948.123
1708581600000,58784.683
1708585200000,58835.941
1708588800000,58704.07
1708592400000,58832.139
1708596000000,58874.666
1708599600000,58942.151
1708603200000,58994.689
1708606800000,59116.025
1708610400000,59842.253
1708614000000,59706.02
1708617600000,59111.727
1708621200000,59419.306
1708624800000,59234.842
1708628400000,58898.416
1708632000000,58757.62
1708635600000,58227.096
1708639200000,57865.922
1708642800000,57739.689
1708646400000,58115.785
1708650000000,58442.58
1708653600000,58378.385
1708657200000,58085.422
1708660800000,58942.113
1708664400000,59020.613
1708668000000,58827.22
1708671600000,59080.486
1708675200000,59848.747
1708678800000,60259.035
1708682400000,60620.82
1708686000000,60756.24
1708689600000,60497.152
1708693200000,60129.614
1708696800000,59890.071
1708700400000,60096.852
1708704000000,60828.218
1708707600000,60358.896
1708711200000,60349.178
1708714800000,60428.025
1708718400000,60372.166
1708722000000,60089.83
1708725600000,59962.877
1708729200000,60258.684
1708732800000,60358.504
1708736400000,60470.039
1708740000000,61238.71
1708743600000,61242.252
1708747200000,61110.025
1708750800000,60180.935
1708754400000,60652.78
1708758000000,60805.48
1708761600000,60665.462
1708765200000,60539.024
1708768800000,60429.166
1708772400000,60501.85
1708776000000,61203.52
1708779600000,61314.196
1708783200000,61623.22
1708786800000,61649.624
1708790400000,61685.767
1708794000000,61362.686
1708797600000,60291.263
1708801200000,60582.566
1708804800000,60638.491
1708808400000,60743.696
1708812000000,60752.227
1708815600000,60628.696
1708819200000,60690.089
1708822800000,60623.035
1708826400000,60389.159
1708830000000,59949.674
1708833600000,60137.159
1708837200000,60135.245
1708840800000,60258.986
1708844400000,60576.838
1708848000000,60871.201
1708851600000,60817.595
1708855200000,60813.116
1708858800000,60985.196
1708862400000,60989.632
1708866000000,60995.2
1708869600000,61024.983
1708873200000,60799.981
1708876800000,60365.341
1708880400000,60138.367
1708884000000,59956.326
1708887600000,60016.943
1708891200000,59717.548
1708894800000,59407.322
1708898400000,59461.925
1708902000000,59473.894
1708905600000,60229.845
1708909200000,60762.599
1708912800000,60804.085
1708916400000,61104.925
1708920000000,61103.187
1708923600000,61203.315
1708927200000,61361.629
1708930800000,61447.541
1708934400000,62231.787
1708938000000,62587.112
1708941600000,62416.9
1708945200000,62644.266
1708948800000,62714.233
1708952400000,62759.802
1708956000000,62458.326
1708959600000,61457.301
1708963200000,62184.443
1708966800000,61068.927
1708970400000,62022.63
1708974000000,62628.751
1708977600000,61252.164
1708981200000,60602.397
1708984800000,60610.561
1708988400000,61455.604
1708992000000,61584.14
1708995600000,62106.355
1708999200000,59435.89
1709002800000,56309.573
1709006400000,55532.473
1709010000000,55862.639
1709013600000,56351.09
1709017200000,56635.254
1709020800000,57079.044
1709024400000,57277.235
1709028000000,57301.436
1709031600000,57655.728
1709035200000,57862.879
1709038800000,57508.284
1709042400000,57634.812
1709046000000,57805.477
1709049600000,57532.248
1709053200000,57417.953
1709056800000,58014.764
1709060400000,58423.813
1709064000000,57788.713
1709067600000,57310.093
1709071200000,57208.137
1709074800000,57167.132
1709078400000,56708.558
1709082000000,56921.485
1709085600000,56981.991
1709089200000,57065.317
1709092800000,57316.651
1709096400000,57340.082
1709100000000,57879.823
1709103600000,58059.449
1709107200000,58470.026
1709110800000,59560.671
1709114400000,58892.295
1709118000000,58900.079
1709121600000,60557.537
1709125200000,61335.429
1709128800000,58626.354
1709132400000,58140.294
1709136000000,58483.186
1709139600000,57491.201
1709143200000,54144.978
1709146800000,52780.812
1709150400000,52356.545
1709154000000,53908.08
1709157600000,53734.6
1709161200000,54002.605
1709164800000,54392.096
1709168400000,54465.736
1709172000000,54650.141
1709175600000,55043.391
1709179200000,54873.951
1709182800000,54888.024
1709186400000,55565.398
1709190000000,56053.502
1709193600000,56566.019
1709197200000,56544.974
1709200800000,56319.664
1709204400000,56496.291
1709208000000,56970.017
1709211600000,57435.933
1709215200000,57596.962
1709218800000,57740.013
1709222400000,57783.119
1709226000000,57079.84
1709229600000,55955.305
1709233200000,56416.036
1709236800000,56967.158
1709240400000,56397.266
1709244000000,54577.186
1709247600000,54168.445
1709251200000,53825.766
1709254800000,53918.605
1709258400000,53860.629
1709262000000,53584.44
1709265600000,53835.587
1709269200000,54272.187
1709272800000,54434.662
1709276400000,54489.724
1709280000000,54964.054
1709283600000,54334.024
1709287200000,55765.895
1709290800000,55326.33
1709294400000,55404.305
1709298000000,55342.529
1709301600000,55523.802
1709305200000,54883.931
1709308800000,55145.752
1709312400000,55284.284
1709316000000,54856.872
1709319600000,54878.534
1709323200000,54964.19
1709326800000,54669.638
1709330400000,54505.782
1709334000000,54188.744
1709337600000,54373.816
1709341200000,54272.05
1709344800000,53681.34
1709348400000,53402.432
1709352000000,53666.238
1709355600000,53458.355
1709359200000,53815.393
1709362800000,53682.7
1709366400000,53703.287
1709370000000,53573.462
1709373600000,53709.694
1709377200000,53517.312
1709380800000,53771.399
1709384400000,53736.586
1709388000000,53823.348
1709391600000,54101.572
1709395200000,53893.291
1709398800000,53833.656
1709402400000,53859.646
1709406000000,54246.882
1709409600000,54330.975
1709413200000,54629.025
1709416800000,54556.275
1709420400000,54768.84
1709424000000,54865.344
1709427600000,54653.426
1709431200000,54626.817
1709434800000,54568.483
1709438400000,54479.689
1709442000000,54197.905
1709445600000,54328.129
1709449200000,54268.889
1709452800000,54253.928
1709456400000,54371.619
1709460000000,54666.424
1709463600000,54720.448
1709467200000,54575.886
1709470800000,54453.354
1709474400000,54576.854
1709478000000,54990.73
1709481600000,55237.355
1709485200000,55336.3
1709488800000,54937.835
1709492400000,55111.636
1709496000000,54844.001
1709499600000,54788.327
1709503200000,54735.273
1709506800000,54607.399
1709510400000,54649.405
1709514000000,55006.231
1709517600000,55216.761
1709521200000,55548.878
1709524800000,55578.086
1709528400000,55864.535
1709532000000,56426.411
1709535600000,56377.039
1709539200000,56434.215
1709542800000,56732.472
1709546400000,57669.334
1709550000000,57570.424
1709553600000,57659.286
1709557200000,58249.862
1709560800000,58341.686
1709564400000,59174.896
1709568000000,58925.651
1709571600000,59764.072
1709575200000,58513.246
1709578800000,57795.688
1709582400000,57736.534
1709586000000,58056.05
1709589600000,58638.848
1709593200000,59782.185
1709596800000,60033.374
1709600400000,60002.838
1709604000000,60283.108
1709607600000,60820.582
1709611200000,59287.345
1709614800000,59331.891
1709618400000,60221.154
1709622000000,61640.62
1709625600000,59799.887
1709629200000,59986.422
1709632800000,59447.499
1709636400000,59498.024
1709640000000,59368.523
1709643600000,60209.092
1709647200000,60621.784
1709650800000,62020.299
1709654400000,61140.804
1709658000000,61130.288
1709661600000,60281.548
1709665200000,60325.437
1709668800000,55834.131
1709672400000,58084.313
1709676000000,57923.28
1709679600000,58377.621
1709683200000,58433.408
1709686800000,58510.601
1709690400000,58372.754
1709694000000,58198.681
1709697600000,58084.542
1709701200000,57757.451
1709704800000,59268.757
1709708400000,59670.309
1709712000000,59451.275
1709715600000,59461.824
1709719200000,59351.8
1709722800000,59955.102
1709726400000,60254.072
1709730000000,56547.777
1709733600000,56363.94
1709737200000,54833.699
1709740800000,54207.259
1709744400000,54427.553
1709748000000,54509.449
1709751600000,54025.334
1709755200000,54176.944
1709758800000,54371.166
1709762400000,54097.638
1709766000000,54016.059
1709769600000,53871.839
1709773200000,53688.417
1709776800000,53416.305
1709780400000,53758.416
1709784000000,53662.93
1709787600000,53643.558
1709791200000,53831.941
1709794800000,53781.97
1709798400000,53827.339
1709802000000,54148.046
1709805600000,54528.949
1709809200000,54555.847
1709812800000,54101.266
1709816400000,54101.406
1709820000000,54174.118
1709823600000,54704.672
1709827200000,54485.255
1709830800000,54422.947
1709834400000,55152.46
1709838000000,55152.0
1709841600000,54829.742
1709845200000,54889.336
1709848800000,54338.386
1709852400000,54219.184
1709856000000,53924.015
1709859600000,53413.241
1709863200000,53438.487
1709866800000,53306.987
1709870400000,53376.08
1709874000000,53294.417
1709877600000,53342.409
1709881200000,53627.081
1709884800000,54426.243
1709888400000,54330.551
1709892000000,54696.954
1709895600000,54807.827
1709899200000,55411.809
1709902800000,55603.62
1709906400000,55423.912
1709910000000,56703.65
1709913600000,56059.432
1709917200000,55659.431
1709920800000,55381.438
1709924400000,55407.307
1709928000000,55373.021
1709931600000,55707.541
1709935200000,54004.018
1709938800000,53721.901
1709942400000,53518.485
1709946000000,53083.582
1709949600000,52868.694
1709953200000,52940.569
1709956800000,52926.64
1709960400000,53152.425
1709964000000,53343.183
1709967600000,52896.462
1709971200000,53008.885
1709974800000,53169.517
1709978400000,53038.936
1709982000000,53326.08
1709985600000,53231.182
1709989200000,53303.323
1709992800000,53500.906
1709996400000,53515.08
1710000000000,53538.404
1710003600000,53748.612
1710007200000,53736.764
1710010800000,53563.586
1710014400000,53636.501
1710018000000,53654.324
1710021600000,53573.029
1710025200000,53535.1
1710028800000,53762.638
1710032400000,54079.515
1710036000000,55126.855
1710039600000,55063.58
1710043200000,54742.517
1710046800000,55572.592
1710050400000,55647.056
1710054000000,55679.849
1710057600000,55976.778
1710061200000,57185.823
1710064800000,57829.075
1710068400000,58045.979
1710072000000,58226.835
1710075600000,58599.369
1710079200000,57804.194
1710082800000,57604.046
1710086400000,57900.567
1710090000000,58155.907
1710093600000,58047.63
1710097200000,57466.384
1710100800000,57133.885
1710104400000,57032.521
1710108000000,56992.597
1710111600000,56202.586
1710115200000,56125.156
1710118800000,55190.84
1710122400000,55532.831
1710126000000,55364.778
1710129600000,55197.353
1710133200000,55170.68
1710136800000,55295.324
1710140400000,55365.856
1710144000000,57369.204
1710147600000,57684.955
1710151200000,58586.755
1710154800000,58314.705
1710158400000,57796.796
1710162000000,58468.409
1710165600000,59090.764
1710169200000,59020.33
1710172800000,58084.129
1710176400000,57563.51
1710180000000,57399.983
1710183600000,57132.904
1710187200000,57335.762
1710190800000,57036.476
1710194400000,56750.95
1710198000000,57194.117
1710201600000,56868.26
1710205200000,56760.17
1710208800000,56486.391
1710212400000,56887.689
1710216000000,56804.605
1710219600000,57091.894
1710223200000,57212.241
1710226800000,56976.839
1710230400000,57242.427
1710234000000,57167.434
1710237600000,57039.766
1710241200000,57083.127
1710244800000,57184.685
1710248400000,57339.37
1710252000000,57925.017
1710255600000,58998.844
1710259200000,58337.895
1710262800000,58517.371
1710266400000,58213.415
1710270000000,58526.454
1710273600000,58044.413
1710277200000,57496.0
1710280800000,57527.784
1710284400000,57360.008
1710288000000,57503.471
1710291600000,57346.564
1710295200000,57447.922
1710298800000,57962.81
1710302400000,58069.369
1710306000000,58369.053
1710309600000,58290.473
1710313200000,59542.233
1710316800000,59387.739
1710320400000,58830.287
1710324000000,58113.522
1710327600000,58265.437
1710331200000,58324.149
1710334800000,58794.924
1710338400000,57784.844
1710342000000,58428.744
1710345600000,57980.271
1710349200000,57823.668
1710352800000,57576.522
1710356400000,57655.018
1710360000000,57079.439
1710363600000,56788.094
1710367200000,56181.003
1710370800000,56076.002
1710374400000,56000.519
1710378000000,56234.18
1710381600000,56247.429
1710385200000,56497.646
1710388800000,56614.853
1710392400000,56030.812
1710396000000,56631.363
1710399600000,57161.967
1710403200000,57215.754
1710406800000,57397.313
1710410400000,57368.931
1710414000000,57617.338
1710417600000,57732.074
1710421200000,58012.171
1710424800000,60063.861
1710428400000,60586.21
1710432000000,59900.193
1710435600000,59570.27
1710439200000,59288.583
1710442800000,58614.336
1710446400000,60969.069
1710450000000,61259.99
1710453600000,61352.351
1710457200000,61907.318
1710460800000,61551.704
1710464400000,60195.893
1710468000000,60455.496
1710471600000,58210.88
1710475200000,58007.862
1710478800000,57804.287
1710482400000,57871.216
1710486000000,58422.981
1710489600000,58114.873
1710493200000,57201.669
1710496800000,56361.389
1710500400000,56768.354
1710504000000,56854.987
1710507600000,57632.288
1710511200000,57688.989
1710514800000,58204.809
1710518400000,57712.373
1710522000000,57466.6
1710525600000,57204.963
1710529200000,56069.806
1710532800000,55485.544
1710536400000,55035.369
1710540000000,55032.338
1710543600000,55051.313
1710547200000,55211.492
1710550800000,55451.748
1710554400000,54927.558
1710558000000,54997.387
1710561600000,55119.515
1710565200000,55208.196
1710568800000,55347.709
1710572400000,55612.436
1710576000000,56370.353
1710579600000,55934.185
1710583200000,55781.632
1710586800000,56352.194
1710590400000,56059.811
1710594000000,56177.984
1710597600000,56145.632
1710601200000,56177.883
1710604800000,56000.995
1710608400000,55669.718
1710612000000,55171.258
1710615600000,55126.468
1710619200000,55298.183
1710622800000,54996.756
1710626400000,54772.775
1710630000000,55039.138
1710633600000,55491.413
1710637200000,54979.246
1710640800000,55322.1
1710644400000,56057.974
1710648000000,55877.38
1710651600000,55624.542
1710655200000,55230.317
1710658800000,54936.923
1710662400000,55288.112
1710666000000,54589.607
1710669600000,54864.568
1710673200000,56007.989
1710676800000,56408.868
1710680400000,55875.034
1710684000000,55309.253
1710687600000,54800.924
1710691200000,55282.92
1710694800000,55578.113
1710698400000,55800.885
1710702000000,55931.453
1710705600000,55759.99
1710709200000,55997.031
1710712800000,55984.58
1710716400000,55432.776
1710720000000,55678.743
1710723600000,55955.372
1710727200000,55565.014
1710730800000,55040.635
1710734400000,55213.846
1710738000000,55431.049
1710741600000,55808.876
1710745200000,55735.872
1710748800000,55999.231
1710752400000,55249.97
1710756000000,55386.223
1710759600000,55369.415
1710763200000,55293.629
1710766800000,55654.61
1710770400000,55877.437
1710774000000,55477.053
1710777600000,56796.351
1710781200000,57363.873
1710784800000,56739.381
1710788400000,56270.06
1710792000000,56386.493
1710795600000,55849.437
1710799200000,56011.605
1710802800000,55707.1
1710806400000,55334.748
1710810000000,55349.435
1710813600000,55119.143
1710817200000,54889.161
1710820800000,54605.499
1710824400000,55070.497
1710828000000,55397.85
1710831600000,55475.157
1710835200000,55435.366
1710838800000,54868.738
1710842400000,54515.503
1710846000000,54076.33
1710849600000,54252.107
1710853200000,55992.135
1710856800000,55522.136
1710860400000,55902.237
1710864000000,55815.419
1710867600000,55241.988
1710871200000,54216.983
1710874800000,53991.952
1710878400000,53938.49
1710882000000,53455.476
1710885600000,52809.539
1710889200000,52943.075
1710892800000,53255.222
1710896400000,53496.083
1710900000000,53338.737
1710903600000,53781.904
1710907200000,54465.584
1710910800000,53405.953
1710914400000,54016.147
1710918000000,54181.205
1710921600000,54829.206
1710925200000,55258.55
1710928800000,55452.722
1710932400000,55996.628
1710936000000,56549.577
1710939600000,56308.898
1710943200000,55956.195
1710946800000,55733.309
1710950400000,55285.388
1710954000000,53362.082
1710957600000,52627.767
1710961200000,54042.821
1710964800000,53888.787
1710968400000,54808.049
1710972000000,53932.448
1710975600000,54552.586
1710979200000,54554.642
1710982800000,54327.276
1710986400000,54557.072
1710990000000,54895.468
1710993600000,55469.971
1710997200000,55716.716
1711000800000,55306.352
1711004400000,55117.532
1711008000000,55254.38
1711011600000,54396.634
1711015200000,54841.402
1711018800000,54644.142
1711022400000,54054.566
1711026000000,54343.064
1711029600000,53916.083
1711033200000,53741.936
1711036800000,53175.534
1711040400000,53229.862
1711044000000,52606.491
1711047600000,53098.368
1711051200000,53011.48
1711054800000,53084.468
1711058400000,53107.5
1711062000000,53279.288
1711065600000,53448.488
1711069200000,53707.363
1711072800000,52866.934
1711076400000,53364.095
1711080000000,53260.155
1711083600000,52832.578
1711087200000,53593.749
1711090800000,53856.261
1711094400000,53848.26
1711098000000,53964.197
1711101600000,53894.976
1711105200000,54204.109
1711108800000,55075.856
1711112400000,54410.756
1711116000000,55253.571
1711119600000,55161.541
1711123200000,55060.665
1711126800000,54663.415
1711130400000,54892.723
1711134000000,54724.349
1711137600000,54595.697
1711141200000,54699.259
1711144800000,54177.665
1711148400000,54377.174
1711152000000,54002.997
1711155600000,54481.516
1711159200000,54312.08
1711162800000,54874.67
1711166400000,54843.609
1711170000000,54807.617
1711173600000,54872.304
1711177200000,55032.07
1711180800000,54925.396
1711184400000,54815.671
1711188000000,55504.175
1711191600000,55629.642
1711195200000,55880.803
1711198800000,55825.358
1711202400000,55358.959
1711206000000,54904.988
1711209600000,54676.712
1711213200000,54785.702
1711216800000,54434.296
1711220400000,54778.009
1711224000000,54649.833
1711227600000,54250.273
1711231200000,54056.095
1711234800000,54021.873
1711238400000,54154.843
1711242000000,53955.649
1711245600000,54157.893
1711249200000,54252.22
1711252800000,54324.952
1711256400000,54220.024
1711260000000,54084.977
1711263600000,54310.227
1711267200000,54211.859
1711270800000,53676.887
1711274400000,53894.787
1711278000000,54225.963
1711281600000,54476.665
1711285200000,54624.561
1711288800000,54312.97
1711292400000,54580.021
1711296000000,54522.652
1711299600000,54583.398
1711303200000,54620.508
1711306800000,54107.982
1711310400000,53163.544
1711314000000,53180.154
1711317600000,52875.258
1711321200000,53081.678
1711324800000,53049.8
1711328400000,53053.263
1711332000000,53183.717
1711335600000,53277.292
1711339200000,53389.919
1711342800000,53777.978
1711346400000,53948.848
1711350000000,54308.527
1711353600000,54179.206
1711357200000,54133.502
1711360800000,54375.344
1711364400000,54054.309
1711368000000,54216.309
1711371600000,54069.794
1711375200000,54328.245
1711378800000,56440.821
1711382400000,57349.373
1711386000000,57139.971
1711389600000,56849.765
1711393200000,57016.658
1711396800000,57199.577
1711400400000,57256.552
1711404000000,55719.679
1711407600000,56238.451
1711411200000,55794.408
1711414800000,55854.05
1711418400000,56571.216
1711422000000,56363.166
1711425600000,56776.479
1711429200000,56634.137
1711432800000,56414.859
1711436400000,56464.703
1711440000000,56527.905
1711443600000,56658.889
1711447200000,57020.698
1711450800000,57343.48
1711454400000,57264.915
1711458000000,57730.524
1711461600000,58699.584
1711465200000,59908.994
1711468800000,60469.34
1711472400000,59852.161
1711476000000,59699.588
1711479600000,59600.49
1711483200000,59514.763
1711486800000,58920.166
1711490400000,60109.199
1711494000000,59856.148
1711497600000,59776.923
1711501200000,59884.66
1711504800000,59622.255
1711508400000,59656.442
1711512000000,59697.83
1711515600000,59296.383
1711519200000,59619.389
1711522800000,59630.856
1711526400000,59918.959
1711530000000,59886.513
1711533600000,59819.346
1711537200000,60419.184
1711540800000,60635.137
1711544400000,60854.774
1711548000000,60645.092
1711551600000,59788.055
1711555200000,59859.277
1711558800000,59481.637
1711562400000,58433.607
1711566000000,58877.686
1711569600000,58332.531
1711573200000,57951.247
1711576800000,58166.205
1711580400000,59097.094
1711584000000,59294.167
1711587600000,58695.585
1711591200000,58952.551
1711594800000,58920.341
1711598400000,59235.51
1711602000000,60054.599
1711605600000,59737.682
1711609200000,58616.416
1711612800000,58198.751
1711616400000,58265.655
1711620000000,58802.824
1711623600000,59008.013
1711627200000,59095.697
1711630800000,58835.578
1711634400000,59100.503
1711638000000,58976.575
1711641600000,59703.83
1711645200000,59735.145
1711648800000,59726.946
1711652400000,59442.65
1711656000000,59741.4
1711659600000,59525.277
1711663200000,59670.702
1711666800000,60014.701
1711670400000,60206.77
1711674000000,59965.295
1711677600000,59961.867
1711681200000,59630.026
1711684800000,59457.032
1711688400000,59520.555
1711692000000,58965.34
1711695600000,58978.006
1711699200000,59341.106
1711702800000,59578.4
1711706400000,59926.132
1711710000000,59795.604
1711713600000,59890.827
1711717200000,60436.664
1711720800000,60391.376
1711724400000,60430.178
1711728000000,58900.7
1711731600000,58417.243
1711735200000,58531.727
1711738800000,58391.264
1711742400000,58256.777
1711746000000,58298.101
1711749600000,58052.498
1711753200000,57797.482
1711756800000,57739.79
1711760400000,57819.134
1711764000000,58456.943
1711767600000,58590.224
1711771200000,58653.607
1711774800000,58525.119
1711778400000,58366.952
1711782000000,58480.848
1711785600000,58364.033
1711789200000,58429.872
1711792800000,58520.696
1711796400000,58577.881
1711800000000,58485.774
1711803600000,58525.835
1711807200000,58454.079
1711810800000,58374.346
1711814400000,58312.598
1711818000000,58221.447
1711821600000,58302.939
1711825200000,57991.418
1711828800000,57853.54
1711832400000,57794.934
1711836000000,57657.949
1711839600000,57981.24
1711843200000,57638.366
1711846800000,57781.329
1711850400000,57617.191
1711854000000,57532.097
1711857600000,57418.306
1711861200000,57619.965
1711864800000,57273.732
1711868400000,57324.904
1711872000000,57342.588
1711875600000,57942.659
1711879200000,57927.276
1711882800000,58143.942
1711886400000,58251.327
1711890000000,58279.39
1711893600000,58050.405
1711897200000,58004.238
1711900800000,57453.416
1711904400000,57443.426
1711908000000,57364.486
1711911600000,57142.429
1711915200000,57943.72
1711918800000,57931.89
1711922400000,57985.035
1711926000000,57947.556
1711929600000,57981.218
1711933200000,57634.186
1711936800000,57668.629
1711940400000,57984.983
1711944000000,57914.615
1711947600000,57898.237
1711951200000,57148.862
1711954800000,57632.553
1711958400000,57236.302
1711962000000,56801.545
1711965600000,56685.505
1711969200000,56522.988
1711972800000,56331.325
1711976400000,57248.474
1711980000000,57601.371
1711983600000,57242.871
1711987200000,57561.617
1711990800000,57485.125
1711994400000,57824.908
1711998000000,58013.165
1712001600000,57534.076
1712005200000,56801.511
1712008800000,56103.898
1712012400000,55845.013
1712016000000,56630.976
1712019600000,57341.077
1712023200000,57529.839
1712026800000,53704.127
1712030400000,54581.186
1712034000000,54815.165
1712037600000,54779.379
1712041200000,55417.576
1712044800000,55779.149
1712048400000,55528.092
1712052000000,55730.548
1712055600000,55406.038
1712059200000,56949.095
1712062800000,56475.705
1712066400000,57657.012
1712070000000,58053.268
1712073600000,58340.919
1712077200000,58530.255
1712080800000,58575.498
1712084400000,58749.768
1712088000000,57815.635
1712091600000,57491.408
1712095200000,56946.28
1712098800000,57060.258
1712102400000,56904.631
1712106000000,56088.712
1712109600000,56501.333
1712113200000,56946.209
1712116800000,57183.862
1712120400000,57510.124
1712124000000,57669.519
1712127600000,57567.078
1712131200000,57648.538
1712134800000,57255.417
1712138400000,57407.182
1712142000000,57204.944
1712145600000,56526.068
1712149200000,56823.781
1712152800000,56934.765
1712156400000,56482.061
1712160000000,56785.527
1712163600000,56132.511
1712167200000,56115.394
1712170800000,56276.771
1712174400000,55947.715
1712178000000,56148.718
1712181600000,56674.059
1712185200000,56825.313
1712188800000,56963.56
1712192400000,56992.105
1712196000000,56640.128
1712199600000,56679.295
1712203200000,56443.112
1712206800000,55724.682
1712210400000,55530.418
1712214000000,55319.698
1712217600000,55220.977
1712221200000,55131.381
1712224800000,56320.165
1712228400000,56335.36
1712232000000,56475.609
1712235600000,57024.825
1712239200000,57158.741
1712242800000,56792.539
1712246400000,56855.498
1712250000000,56990.443
1712253600000,56536.385
1712257200000,56626.716
1712260800000,56985.389
1712264400000,55698.191
1712268000000,55217.281
1712271600000,54863.921
1712275200000,54856.332
1712278800000,54537.521
1712282400000,54612.387
1712286000000,54100.058
1712289600000,53324.03
1712293200000,53836.617
1712296800000,53160.622
1712300400000,53088.159
1712304000000,53368.826
1712307600000,53639.763
1712311200000,52984.639
1712314800000,54069.541
1712318400000,53299.473
1712322000000,54248.667
1712325600000,55372.207
1712329200000,54794.088
1712332800000,55363.651
1712336400000,55151.489
1712340000000,54917.863
1712343600000,54945.37
1712347200000,54934.889
1712350800000,54564.699
1712354400000,54603.794
1712358000000,54521.366
1712361600000,54407.443
1712365200000,54290.437
1712368800000,54688.636
1712372400000,54783.152
1712376000000,54630.796
1712379600000,54633.42
1712383200000,54441.268
1712386800000,54509.359
1712390400000,54572.721
1712394000000,54305.219
1712397600000,54367.341
1712401200000,54337.402
1712404800000,54222.89
1712408400000,54362.993
1712412000000,54504.573
1712415600000,54378.415
1712419200000,54490.396
1712422800000,54452.105
1712426400000,54483.879
1712430000000,54433.762
1712433600000,54405.058
1712437200000,54329.676
1712440800000,54254.698
1712444400000,54271.833
1712448000000,54651.064
1712451600000,54472.112
1712455200000,55135.589
1712458800000,55470.357
1712462400000,55448.053
1712466000000,55366.828
1712469600000,55361.593
1712473200000,55491.191
1712476800000,55452.157
1712480400000,55666.343
1712484000000,55831.848
1712487600000,55892.355
1712491200000,55878.784
1712494800000,55968.295
1712498400000,56044.57
1712502000000,55837.638
1712505600000,55553.535
1712509200000,56643.274
1712512800000,57230.046
1712516400000,56365.743
1712520000000,55287.752
1712523600000,55365.951
1712527200000,55163.018
1712530800000,55148.314
1712534400000,55837.298
1712538000000,56154.317
1712541600000,55632.27
1712545200000,55568.118
1712548800000,55941.507
1712552400000,55895.941
1712556000000,56164.477
1712559600000,56856.744
1712563200000,55696.595
1712566800000,56343.652
1712570400000,57451.57
1712574000000,57482.425
1712577600000,57864.104
1712581200000,58007.394
1712584800000,57676.462
1712588400000,56689.633
1712592000000,56984.442
1712595600000,57083.052
1712599200000,57143.738
1712602800000,57197.985
1712606400000,57236.834
1712610000000,57090.372
1712613600000,56855.16
1712617200000,56718.707
1712620800000,56652.097
1712624400000,56838.641
1712628000000,56521.187
1712631600000,56565.464
1712635200000,56464.54
1712638800000,56375.493
1712642400000,55945.834
1712646000000,55328.553
1712649600000,55408.534
1712653200000,55462.557
1712656800000,55135.386
1712660400000,55415.164
1712664000000,55818.813
1712667600000,55918.071
1712671200000,56019.086
1712674800000,56075.839
1712678400000,57210.282
1712682000000,57433.064
1712685600000,57292.634
1712689200000,57587.083
1712692800000,57897.243
1712696400000,58499.424
1712700000000,58246.028
1712703600000,57937.263
1712707200000,57416.542
1712710800000,57294.228
1712714400000,56546.304
1712718000000,56369.294
1712721600000,56912.613
1712725200000,57033.786
1712728800000,57075.722
1712732400000,57064.853
1712736000000,57115.69
1712739600000,56535.87
1712743200000,56487.254
1712746800000,56280.809
1712750400000,55875.902
1712754000000,56696.813
1712757600000,58222.892
1712761200000,56651.629
1712764800000,56669.647
1712768400000,55951.545
1712772000000,55658.466
1712775600000,56071.039
1712779200000,56657.574
1712782800000,56272.734
1712786400000,56307.717
1712790000000,55875.525
1712793600000,56370.876
1712797200000,56469.191
1712800800000,56649.811
1712804400000,56422.403
1712808000000,56534.476
1712811600000,56298.571
1712815200000,56272.22
1712818800000,56639.078
1712822400000,56577.62
1712826000000,56468.03
1712829600000,56412.335
1712833200000,56463.58
1712836800000,56646.793
1712840400000,56610.945
1712844000000,55931.888
1712847600000,55978.991
1712851200000,55778.063
1712854800000,55633.326
1712858400000,55307.011
1712862000000,55024.603
1712865600000,55018.608
1712869200000,54855.687
1712872800000,54827.655
1712876400000,54704.43
1712880000000,54430.1
1712883600000,54684.62
1712887200000,54585.51
1712890800000,54988.32
1712894400000,56481.242
1712898000000,57178.191
1712901600000,57114.826
1712905200000,56678.535
1712908800000,56472.127
1712912400000,56627.345
1712916000000,56282.811
1712919600000,56291.573
1712923200000,56645.741
1712926800000,56610.392
1712930400000,55425.869
1712934000000,55667.387
1712937600000,55803.765
1712941200000,56315.47
1712944800000,56659.829
1712948400000,53102.087
1712952000000,55375.898
1712955600000,54804.951
1712959200000,54734.138
1712962800000,54686.19
1712966400000,54862.912
1712970000000,54930.368
1712973600000,54629.574
1712977200000,54724.433
1712980800000,54744.92
1712984400000,54128.136
1712988000000,54331.448
1712991600000,54760.961
1712995200000,54559.94
1712998800000,54543.598
1713002400000,54719.817
1713006000000,54941.869
1713009600000,54784.446
1713013200000,54744.501
1713016800000,54619.93
1713020400000,54302.047
1713024000000,54172.916
1713027600000,54079.788
1713031200000,53276.004
1713034800000,53454.664
1713038400000,52750.001
1713042000000,50120.236
1713045600000,49899.925
1713049200000,50571.165
1713052800000,48677.269
1713056400000,49004.866
1713060000000,49111.084
1713063600000,49304.772
1713067200000,49009.634
1713070800000,49948.537
1713074400000,49859.548
1713078000000,49793.344
1713081600000,49908.214
1713085200000,50545.601
1713088800000,50679.174
1713092400000,50884.0
1713096000000,50951.431
1713099600000,50642.837
1713103200000,50821.645
1713106800000,51981.847
1713110400000,51908.987
1713114000000,51854.4
1713117600000,51555.374
1713121200000,51590.159
1713124800000,51463.212
1713128400000,50730.114
1713132000000,50152.068
1713135600000,50409.611
1713139200000,50226.129
1713142800000,50380.68
1713146400000,50219.361
1713150000000,50344.068
1713153600000,50183.987
1713157200000,50482.742
1713160800000,50289.024
1713164400000,50094.955
1713168000000,49642.289
1713171600000,49292.367
1713175200000,50816.879
1713178800000,50538.695
1713182400000,50632.967
1713186000000,50961.408
1713189600000,51234.772
1713193200000,50294.475
1713196800000,51041.255
1713200400000,52020.645
1713204000000,50228.454
1713207600000,50396.539
1713211200000,49922.496
1713214800000,49817.025
1713218400000,49897.773
1713222000000,49957.184
1713225600000,49711.883
1713229200000,49810.777
1713232800000,49596.869
1713236400000,49632.491
1713240000000,49381.134
1713243600000,49032.484
1713247200000,49275.091
1713250800000,49151.416
1713254400000,48785.929
1713258000000,49354.347
1713261600000,49615.184
1713265200000,50683.63
1713268800000,51045.103
1713272400000,51006.598
1713276000000,51311.119
1713279600000,51169.856
1713283200000,51447.641
1713286800000,51436.969
1713290400000,50625.098
1713294000000,51225.575
1713297600000,50940.021
1713301200000,50813.02
1713304800000,50471.67
1713308400000,50528.931
1713312000000,50616.857
1713315600000,50360.138
1713319200000,50726.11
1713322800000,50627.493
1713326400000,50740.609
1713330000000,51078.535
1713333600000,50894.427
1713337200000,51235.819
1713340800000,51685.98
1713344400000,51839.046
1713348000000,52163.305
1713351600000,52348.85
1713355200000,51893.567
1713358800000,51687.269
1713362400000,51473.218
1713366000000,50188.535
1713369600000,51077.562
1713373200000,50939.401
1713376800000,51635.943
1713380400000,51260.775
1713384000000,51987.02
1713387600000,52494.815
1713391200000,51925.425
1713394800000,52172.979
1713398400000,52079.45
1713402000000,52424.69
1713405600000,52446.994
1713409200000,52361.583
1713412800000,52546.814
1713416400000,52420.969
1713420000000,51543.931
1713423600000,51806.824
1713427200000,51920.611
1713430800000,51755.29
1713434400000,51769.181
1713438000000,51219.074
1713441600000,51007.499
1713445200000,50389.297
1713448800000,50425.261
1713452400000,50478.962
1713456000000,50655.561
1713459600000,50183.481
1713463200000,49826.384
1713466800000,49361.44
1713470400000,49230.351
1713474000000,49405.185
1713477600000,49395.196
1713481200000,49583.639
1713484800000,49418.08
1713488400000,49601.549
1713492000000,50012.53
1713495600000,51172.425
1713499200000,51908.208
1713502800000,52020.224
1713506400000,52469.869
1713510000000,51824.308
1713513600000,52223.478
1713517200000,51988.711
1713520800000,52430.461
1713524400000,52310.331
1713528000000,52334.718
1713531600000,52969.767
1713535200000,53012.453
1713538800000,52585.004
1713542400000,52646.541
1713546000000,52880.799
1713549600000,52378.347
1713553200000,52273.956
1713556800000,52476.89
1713560400000,52174.877
1713564000000,52362.986
1713567600000,51982.115
1713571200000,50921.963
1713574800000,50945.96
1713578400000,51078.501
1713582000000,51086.195
1713585600000,51082.28
1713589200000,50464.974
1713592800000,50664.894
1713596400000,50873.682
1713600000000,51038.035
1713603600000,50711.848
1713607200000,50317.191
1713610800000,50026.441
1713614400000,50221.841
1713618000000,50507.023
1713621600000,50755.978
1713625200000,50835.487
1713628800000,50771.736
1713632400000,51117.872
1713636000000,50944.515
1713639600000,51032.273
1713643200000,51590.565
1713646800000,51320.249
1713650400000,51675.757
1713654000000,51662.549
1713657600000,51732.87
1713661200000,51783.644
1713664800000,51862.8
1713668400000,52038.624
1713672000000,52066.557
1713675600000,52073.26
1713679200000,52185.512
1713682800000,52206.893
1713686400000,52358.167
1713690000000,52635.243
1713693600000,52848.829
1713697200000,52598.341
1713700800000,52569.669
1713704400000,52608.771
1713708000000,52806.297
1713711600000,52716.269
1713715200000,52639.373
1713718800000,52682.232
1713722400000,52648.516
1713726000000,52892.457
1713729600000,52656.61
1713733200000,52347.286
1713736800000,51952.693
1713740400000,51544.218
1713744000000,51505.362
1713747600000,51695.952
1713751200000,52037.4
1713754800000,52201.865
1713758400000,51731.762
1713762000000,52110.173
1713765600000,52558.703
1713769200000,52764.713
1713772800000,52827.273
1713776400000,52878.815
1713780000000,52936.58
1713783600000,52907.438
1713787200000,52339.373
1713790800000,52619.883
1713794400000,52067.08
1713798000000,52411.176
1713801600000,51853.374
1713805200000,52068.837
1713808800000,52921.101
1713812400000,52805.89
1713816000000,52430.284
1713819600000,52142.809
1713823200000,52143.717
1713826800000,51987.614
1713830400000,52788.86
1713834000000,53020.071
1713837600000,53072.439
1713841200000,53148.002
1713844800000,53338.357
1713848400000,53480.356
1713852000000,53294.382
1713855600000,53196.948
1713859200000,53983.527
1713862800000,54052.265
1713866400000,53753.635
1713870000000,53757.283
1713873600000,53920.542
1713877200000,53926.451
1713880800000,54382.772
1713884400000,53707.085
1713888000000,53274.862
1713891600000,53376.327
1713895200000,53273.212
1713898800000,53330.364
1713902400000,53046.392
1713906000000,52954.552
1713909600000,52966.857
1713913200000,53013.823
1713916800000,52935.671
1713920400000,52698.941
1713924000000,53269.077
1713927600000,53724.477
1713931200000,53598.525
1713934800000,53454.442
1713938400000,53913.591
1713942000000,53904.29
1713945600000,54293.604
1713949200000,54274.212
1713952800000,53904.119
1713956400000,54073.146
1713960000000,54544.566
1713963600000,54605.08
1713967200000,54845.251
1713970800000,55020.33
1713974400000,55842.847
1713978000000,56254.757
1713981600000,56218.639
1713985200000,55554.104
1713988800000,55149.06
1713992400000,55267.822
1713996000000,55122.873
1713999600000,55130.422
1714003200000,55103.774
1714006800000,54824.251
1714010400000,54920.316
1714014000000,54951.627
1714017600000,54725.234
1714021200000,54901.808
1714024800000,55870.012
1714028400000,55891.057
1714032000000,55249.452
1714035600000,55278.677
1714039200000,55339.349
1714042800000,55062.677
1714046400000,54991.3
1714050000000,54662.595
1714053600000,55534.167
1714057200000,55488.08
1714060800000,54778.03
1714064400000,56359.299
1714068000000,55670.417
1714071600000,56019.512
1714075200000,55842.242
1714078800000,54528.583
1714082400000,53843.063
1714086000000,53885.672
1714089600000,53619.221
1714093200000,54028.739
1714096800000,53965.766
1714100400000,54107.484
1714104000000,54255.065
1714107600000,54313.484
1714111200000,55665.996
1714114800000,55596.406
1714118400000,54496.946
1714122000000,54305.17
1714125600000,54363.466
1714129200000,54656.543
1714132800000,54933.258
1714136400000,54997.221
1714140000000,55040.495
1714143600000,54944.2
1714147200000,55553.071
1714150800000,55038.125
1714154400000,55291.995
1714158000000,55142.675
1714161600000,54619.828
1714165200000,54485.452
1714168800000,54312.964
1714172400000,53745.658
1714176000000,53606.808
1714179600000,53404.83
1714183200000,53710.069
1714186800000,54235.225
1714190400000,54316.964
1714194000000,54829.138
1714197600000,54968.872
1714201200000,55382.78
1714204800000,55364.764
1714208400000,55303.617
1714212000000,55002.403
1714215600000,55489.884
1714219200000,55718.778
1714222800000,55702.482
1714226400000,56197.727
1714230000000,56047.201
1714233600000,56377.93
1714237200000,57241.677
1714240800000,57212.117
1714244400000,57108.044
1714248000000,56927.108
1714251600000,56714.629
1714255200000,56614.784
1714258800000,56626.27
1714262400000,56962.269
1714266000000,56767.874
1714269600000,56645.745
1714273200000,55373.776
1714276800000,55564.995
1714280400000,55365.075
1714284000000,55486.756
1714287600000,56053.945
1714291200000,56027.942
1714294800000,56219.655
1714298400000,56285.775
1714302000000,56624.114
1714305600000,56278.6
1714309200000,56337.215
1714312800000,56097.615
1714316400000,55982.712
1714320000000,55899.641
1714323600000,55900.377
1714327200000,55937.782
1714330800000,55802.671
1714334400000,55728.606
1714338000000,55633.03
1714341600000,55539.939
1714345200000,54613.031
1714348800000,54360.316
1714352400000,54754.67
1714356000000,54853.368
1714359600000,54791.446
1714363200000,53281.883
1714366800000,53808.989
1714370400000,53510.766
1714374000000,53736.197
1714377600000,54154.715
1714381200000,54411.467
1714384800000,54045.372
1714388400000,53566.923
1714392000000,53269.582
1714395600000,53615.425
1714399200000,54794.451
1714402800000,54251.98
1714406400000,53754.462
1714410000000,53463.186
1714413600000,53517.083
1714417200000,53242.184
1714420800000,54038.061
1714424400000,54198.394
1714428000000,54271.198
1714431600000,53793.647
1714435200000,54171.829
1714438800000,54589.4
1714442400000,53854.299
1714446000000,54174.084
1714449600000,54109.118
1714453200000,54126.547
1714456800000,54555.182
1714460400000,54597.828
1714464000000,54631.521
1714467600000,53434.694
1714471200000,55440.779
1714474800000,55969.488
1714478400000,54900.813
1714482000000,55146.77
1714485600000,56066.412
1714489200000,56347.825
1714492800000,55998.299
1714496400000,55365.864
1714500000000,55852.372
1714503600000,56682.982
1714507200000,56079.409
1714510800000,55899.545
1714514400000,56421.759
1714518000000,56031.119
1714521600000,56175.096
1714525200000,55600.26
1714528800000,55152.896
1714532400000,54498.044
1714536000000,54532.086
1714539600000,54859.126
1714543200000,55037.14
1714546800000,55022.734
1714550400000,55405.81
1714554000000,56185.65
1714557600000,56577.12
1714561200000,57042.679
1714564800000,56977.008
1714568400000,56300.46
1714572000000,56495.67
1714575600000,55228.819
1714579200000,55079.441
1714582800000,54606.74
1714586400000,54349.105
1714590000000,53709.656
1714593600000,54120.894
1714597200000,54723.849
1714600800000,55528.601
1714604400000,55674.389
1714608000000,55995.56
1714611600000,55910.017
1714615200000,55026.443
1714618800000,55252.31
1714622400000,55317.318
1714626000000,55335.869
1714629600000,55284.449
1714633200000,55904.461
1714636800000,55736.48
1714640400000,56027.231
1714644000000,56087.4
1714647600000,56332.337
1714651200000,56453.694
1714654800000,55299.412
1714658400000,55440.339
1714662000000,55343.318
1714665600000,55415.681
1714669200000,55283.466
1714672800000,54827.756
1714676400000,54539.215
1714680000000,54168.592
1714683600000,54324.554
1714687200000,54286.46
1714690800000,54232.971
1714694400000,54240.965
1714698000000,53816.017
1714701600000,53930.867
1714705200000,54189.113
1714708800000,54486.415
1714712400000,54660.934
1714716000000,54295.694
1714719600000,54115.521
1714723200000,54025.685
1714726800000,53700.582
1714730400000,54377.335
1714734000000,54127.901
1714737600000,53614.288
1714741200000,53954.287
1714744800000,55133.389
1714748400000,55530.031
1714752000000,55346.445
1714755600000,54430.689
1714759200000,54425.128
1714762800000,54394.15
1714766400000,54169.837
1714770000000,54721.289
1714773600000,55235.322
1714777200000,55362.804
1714780800000,55722.279
1714784400000,55657.506
1714788000000,55536.485
1714791600000,55487.743
1714795200000,55411.388
1714798800000,54922.269
1714802400000,54853.344
1714806000000,54841.574
1714809600000,54581.637
1714813200000,54801.67
1714816800000,54985.301
1714820400000,54258.571
1714824000000,54069.466
1714827600000,54126.708
1714831200000,54028.848
1714834800000,54624.666
1714838400000,54511.675
1714842000000,54426.255
1714845600000,53925.22
1714849200000,54509.488
1714852800000,54314.801
1714856400000,54231.457
1714860000000,54573.928
1714863600000,54148.855
1714867200000,54271.213
1714870800000,54293.32
1714874400000,54323.874
1714878000000,54289.461
1714881600000,54787.444
1714885200000,54666.026
1714888800000,54671.47
1714892400000,54514.214
1714896000000,54442.807
1714899600000,54050.808
1714903200000,54036.061
1714906800000,54167.551
1714910400000,54796.573
1714914000000,54475.473
1714917600000,54774.073
1714921200000,54649.601
1714924800000,54411.524
1714928400000,54486.232
1714932000000,54461.431
1714935600000,54886.728
1714939200000,54732.325
1714942800000,54982.539
1714946400000,54609.165
1714950000000,54421.899
1714953600000,54329.085
1714957200000,54467.191
1714960800000,54787.633
1714964400000,54750.981
1714968000000,55055.251
1714971600000,55045.459
1714975200000,55408.351
1714978800000,55791.015
1714982400000,55925.933
1714986000000,56173.106
1714989600000,57273.403
1714993200000,57134.574
1714996800000,57679.904
1715000400000,56751.935
1715004000000,58869.287
1715007600000,57167.083
1715011200000,56805.058
1715014800000,56893.604
1715018400000,55696.785
1715022000000,55117.352
1715025600000,53945.09
1715029200000,54278.208
1715032800000,54701.555
1715036400000,54711.709
1715040000000,55174.696
1715043600000,56020.586
1715047200000,55820.919
1715050800000,55764.885
1715054400000,54764.797
1715058000000,54767.231
1715061600000,55010.499
1715065200000,55260.717
1715068800000,55494.978
1715072400000,55641.964
1715076000000,56262.214
1715079600000,55989.665
1715083200000,56069.572
1715086800000,56172.563
1715090400000,55956.319
1715094000000,55283.726
1715097600000,55193.91
1715101200000,55088.385
1715104800000,55208.958
1715108400000,55377.053
1715112000000,55571.145
1715115600000,55619.614
1715119200000,55679.745
1715122800000,56170.693
1715126400000,56606.516
1715130000000,57612.263
1715133600000,57505.836
1715137200000,57379.889
1715140800000,57640.263
1715144400000,56753.209
1715148000000,56481.79
1715151600000,56663.035
1715155200000,56667.8
1715158800000,56829.904
1715162400000,56649.805
1715166000000,57185.937
1715169600000,56837.52
1715173200000,56982.827
1715176800000,56585.092
1715180400000,56260.276
1715184000000,55839.06
1715187600000,56027.7
1715191200000,56343.174
1715194800000,56792.126
1715198400000,55697.164
1715202000000,55566.5
1715205600000,56076.421
1715209200000,56262.829
1715212800000,56281.379
1715216400000,56388.179
1715220000000,56371.656
1715223600000,56552.252
1715227200000,56032.171
1715230800000,56616.388
1715234400000,56453.778
1715238000000,56548.336
1715241600000,56508.264
1715245200000,56571.385
1715248800000,57180.522
1715252400000,56243.879
1715256000000,56136.702
1715259600000,56402.154
1715263200000,56497.43
1715266800000,56350.734
1715270400000,57345.68
1715274000000,57329.759
1715277600000,57158.151
1715281200000,57250.874
1715284800000,56166.614
1715288400000,56177.76
1715292000000,55846.762
1715295600000,55034.231
1715299200000,55302.657
1715302800000,55022.802
1715306400000,55079.428
1715310000000,55245.997
1715313600000,55286.486
1715317200000,55359.634
1715320800000,55499.155
1715324400000,55438.658
1715328000000,55753.313
1715331600000,55863.625
1715335200000,56122.611
1715338800000,56392.248
1715342400000,56273.974
1715346000000,56220.51
1715349600000,56376.339
1715353200000,57673.064
1715356800000,58356.114
1715360400000,58661.551
1715364000000,59492.956
1715367600000,60213.681
1715371200000,60025.533
1715374800000,59851.485
1715378400000,59845.583
1715382000000,60021.827
1715385600000,59957.969
1715389200000,60132.332
1715392800000,59661.607
1715396400000,59649.482
1715400000000,59843.645
1715403600000,59927.244
1715407200000,59723.456
1715410800000,59737.031
1715414400000,59787.636
1715418000000,60526.024
1715421600000,60137.286
1715425200000,60186.024
1715428800000,60342.158
1715432400000,60425.805
1715436000000,60177.746
1715439600000,61027.786
1715443200000,60696.588
1715446800000,60756.476
1715450400000,61068.707
1715454000000,61023.385
1715457600000,60960.699
1715461200000,60236.182
1715464800000,60180.822
1715468400000,60247.047
1715472000000,60191.363
1715475600000,60070.491
1715479200000,60030.43
1715482800000,60061.303
1715486400000,60118.071
1715490000000,59994.047
1715493600000,59988.155
1715497200000,60001.66
1715500800000,60104.13
1715504400000,59978.79
1715508000000,59969.306
1715511600000,59884.675
1715515200000,59891.811
1715518800000,60039.432
1715522400000,60141.158
1715526000000,60312.756
1715529600000,60374.203
1715533200000,60051.301
1715536800000,60022.526
1715540400000,59957.587
1715544000000,59833.979
1715547600000,59789.423
1715551200000,59386.253
1715554800000,59431.377
1715558400000,59818.46
1715562000000,59870.987
1715565600000,59715.184
1715569200000,60769.823
1715572800000,60422.767
1715576400000,60254.509
1715580000000,59756.636
1715583600000,59111.887
1715587200000,59437.601
1715590800000,59962.582
1715594400000,59671.682
1715598000000,59212.407
1715601600000,59353.854
1715605200000,59441.706
1715608800000,59148.845
1715612400000,59437.869
1715616000000,59543.265
1715619600000,59108.064
1715623200000,58541.959
1715626800000,58483.548
1715630400000,57753.142
1715634000000,57897.513
1715637600000,57933.805
1715641200000,58136.711
1715644800000,58060.72
1715648400000,58022.404
1715652000000,58375.153
1715655600000,58070.774
1715659200000,58316.282
1715662800000,58282.765
1715666400000,58210.772
1715670000000,57473.158
1715673600000,57355.33
1715677200000,58041.943
1715680800000,57970.558
1715684400000,57658.706
1715688000000,58114.631
1715691600000,57803.71
1715695200000,57921.559
1715698800000,57857.612
1715702400000,57684.866
1715706000000,57871.132
1715709600000,58019.979
1715713200000,57985.604
1715716800000,57777.158
1715720400000,57762.861
1715724000000,57645.29
1715727600000,57684.39
1715731200000,57687.817
1715734800000,58026.024
1715738400000,57863.645
1715742000000,57914.775
1715745600000,57985.377
1715749200000,58172.375
1715752800000,58221.884
1715756400000,58341.631
1715760000000,58783.207
1715763600000,58776.853
1715767200000,58802.126
1715770800000,58328.206
1715774400000,58039.911
1715778000000,57882.664
1715781600000,58316.095
1715785200000,58988.108
1715788800000,59265.352
1715792400000,60015.148
1715796000000,60318.938
1715799600000,58849.553
1715803200000,57942.011
1715806800000,57811.559
1715810400000,57760.701
1715814000000,57826.598
1715817600000,57794.079
1715821200000,57979.904
1715824800000,57853.65
1715828400000,57834.834
1715832000000,57935.531
1715835600000,58345.213
1715839200000,58492.753
1715842800000,58394.697
1715846400000,58220.68
1715850000000,58237.449
1715853600000,58589.137
1715857200000,58868.202
1715860800000,58939.922
1715864400000,59455.458
1715868000000,59386.532
1715871600000,58840.954
1715875200000,59151.678
1715878800000,58484.743
1715882400000,58355.284
1715886000000,58837.834
1715889600000,58277.926
1715893200000,58233.08
1715896800000,58091.789
1715900400000,58014.25
1715904000000,58211.252
1715907600000,58026.709
1715911200000,58284.255
1715914800000,58332.621
1715918400000,57870.328
1715922000000,57823.394
1715925600000,57883.228
1715929200000,58238.195
1715932800000,58621.712
1715936400000,58752.071
1715940000000,59078.472
1715943600000,59210.457
1715947200000,59479.976
1715950800000,59801.824
1715954400000,59638.252
1715958000000,59060.466
1715961600000,58862.968
1715965200000,58049.541
1715968800000,57073.654
1715972400000,56205.777
1715976000000,56048.664
1715979600000,56153.336
1715983200000,56038.403
1715986800000,56109.571
1715990400000,56054.455
1715994000000,56136.13
1715997600000,56189.748
1716001200000,56440.772
1716004800000,56576.892
1716008400000,56509.354
1716012000000,56585.731
1716015600000,56511.654
1716019200000,56506.548
1716022800000,56234.234
1716026400000,56495.79
1716030000000,56420.976
1716033600000,56421.916
1716037200000,56355.015
1716040800000,56547.983
1716044400000,56224.561
1716048000000,56437.609
1716051600000,56319.762
1716055200000,56212.529
1716058800000,56126.855
1716062400000,56004.559
1716066000000,56029.215
1716069600000,56000.462
1716073200000,55980.628
1716076800000,55948.867
1716080400000,55824.088
1716084000000,55781.228
1716087600000,55638.592
1716091200000,56116.244
1716094800000,56154.242
1716098400000,56258.619
1716102000000,56374.689
1716105600000,56444.762
1716109200000,56274.198
1716112800000,56803.828
1716116400000,56501.851
1716120000000,56563.462
1716123600000,57383.048
1716127200000,57298.695
1716130800000,57300.71
1716134400000,57287.567
1716138000000,57021.758
1716141600000,57025.193
1716145200000,56912.896
1716148800000,55995.878
1716152400000,55829.658
1716156000000,55652.299
1716159600000,55756.854
1716163200000,55576.206
1716166800000,55569.426
1716170400000,55734.554
1716174000000,55997.224
1716177600000,55892.331
1716181200000,55772.292
1716184800000,55938.067
1716188400000,55488.747
1716192000000,55526.149
1716195600000,55787.094
1716199200000,56116.48
1716202800000,56222.92
1716206400000,56395.742
1716210000000,56636.459
1716213600000,56888.086
1716217200000,57214.846
1716220800000,57965.628
1716224400000,57153.453
1716228000000,57431.307
1716231600000,57721.294
1716235200000,55074.534
1716238800000,54490.763
1716242400000,54066.37
1716246000000,54558.961
1716249600000,55683.393
1716253200000,55220.995
1716256800000,55409.721
1716260400000,55362.366
1716264000000,54972.957
1716267600000,54945.32
1716271200000,55085.687
1716274800000,55169.843
1716278400000,55036.332
1716282000000,55114.788
1716285600000,54932.147
1716289200000,54885.623
1716292800000,54774.861
1716296400000,55628.959
1716300000000,54733.679
1716303600000,54360.974
1716307200000,53812.049
1716310800000,53327.428
1716314400000,53575.311
1716318000000,53472.26
1716321600000,52930.413
1716325200000,52987.373
1716328800000,52903.151
1716332400000,52837.268
1716336000000,52578.876
1716339600000,52262.618
1716343200000,52414.745
1716346800000,52637.549
1716350400000,52675.007
1716354000000,52940.474
1716357600000,52874.092
1716361200000,52888.195
1716364800000,52797.994
1716368400000,53302.427
1716372000000,53109.139
1716375600000,53120.532
1716379200000,52867.015
1716382800000,53117.733
1716386400000,53363.432
1716390000000,53834.253
1716393600000,54178.68
1716397200000,53739.308
1716400800000,53105.719
1716404400000,53342.308
1716408000000,53533.227
1716411600000,53708.392
1716415200000,52673.643
1716418800000,52863.76
1716422400000,52984.011
1716426000000,52921.618
1716429600000,52959.928
1716433200000,53455.71
1716436800000,53471.396
1716440400000,53647.176
1716444000000,53587.869
1716447600000,53610.45
1716451200000,53565.929
1716454800000,53760.73
1716458400000,53842.64
1716462000000,53804.273
1716465600000,53138.836
1716469200000,52444.241
1716472800000,53244.014
1716476400000,54055.068
1716480000000,55501.841
1716483600000,55627.555
1716487200000,55427.975
1716490800000,55634.213
1716494400000,55046.167
1716498000000,55256.33
1716501600000,54056.892
1716505200000,54278.341
1716508800000,54639.494
1716512400000,54480.807
1716516000000,54597.289
1716519600000,54686.952
1716523200000,54055.996
1716526800000,54093.252
1716530400000,53858.53
1716534000000,53744.612
1716537600000,53355.28
1716541200000,53534.982
1716544800000,53305.448
1716548400000,53222.772
1716552000000,53093.293
1716555600000,52972.261
1716559200000,53089.913
1716562800000,53071.07
1716566400000,54226.927
1716570000000,54692.722
1716573600000,54277.476
1716577200000,53857.415
1716580800000,53913.35
1716584400000,54172.15
1716588000000,54141.746
1716591600000,53908.734
1716595200000,53881.893
1716598800000,53784.87
1716602400000,53838.18
1716606000000,54159.787
1716609600000,54471.196
1716613200000,54523.811
1716616800000,54594.074
1716620400000,54658.057
1716624000000,54653.969
1716627600000,54688.732
1716631200000,55042.594
1716634800000,55249.141
1716638400000,54537.444
1716642000000,54417.117
1716645600000,55013.57
1716649200000,54783.319
1716652800000,54725.041
1716656400000,54427.239
1716660000000,54452.265
1716663600000,54475.303
1716667200000,54440.4
1716670800000,54393.087
1716674400000,54406.025
1716678000000,54392.813
1716681600000,54274.132
1716685200000,54337.515
1716688800000,54337.433
1716692400000,54508.471
1716696000000,54429.439
1716699600000,54568.003
1716703200000,54590.267
1716706800000,54545.304
1716710400000,54375.732
1716714000000,55366.736
1716717600000,56009.912
1716721200000,55871.004
1716724800000,55481.203
1716728400000,55754.936
1716732000000,55787.842
1716735600000,55548.742
1716739200000,54708.282
1716742800000,55057.712
1716746400000,55057.285
1716750000000,55112.315
1716753600000,55114.683
1716757200000,55105.944
1716760800000,55007.844
1716764400000,54726.555
1716768000000,54724.692
1716771600000,54924.354
1716775200000,54459.942
1716778800000,54633.076
1716782400000,54712.491
1716786000000,54798.769
1716789600000,54908.82
1716793200000,55026.835
1716796800000,55197.911
1716800400000,55297.06
1716804000000,55642.088
1716807600000,55848.747
1716811200000,56368.6
1716814800000,56340.061
1716818400000,56334.225
1716822000000,56356.356
1716825600000,56327.296
1716829200000,56258.714
1716832800000,56026.349
1716836400000,55786.3
1716840000000,55169.547
1716843600000,54854.455
1716847200000,54828.168
1716850800000,54822.815
1716854400000,54827.379
1716858000000,55198.023
1716861600000,56381.576
1716865200000,56682.512
1716868800000,56506.248
1716872400000,56710.17
1716876000000,56483.31
1716879600000,56703.037
1716883200000,56620.645
1716886800000,56781.361
1716890400000,57117.912
1716894000000,57588.778
1716897600000,57661.671
1716901200000,57443.682
1716904800000,57876.969
1716908400000,57732.55
1716912000000,57860.35
1716915600000,57561.537
1716919200000,57610.322
1716922800000,57263.048
1716926400000,56895.784
1716930000000,56863.514
1716933600000,57117.082
1716937200000,57037.324
1716940800000,57289.177
1716944400000,57516.941
1716948000000,57523.976
1716951600000,57474.119
1716955200000,57512.554
1716958800000,57762.069
1716962400000,57766.117
1716966000000,57575.5
1716969600000,57475.722
1716973200000,57823.4
1716976800000,57766.927
1716980400000,57895.699
1716984000000,57651.429
1716987600000,58057.85
1716991200000,58760.911
1716994800000,58440.792
1716998400000,58090.306
1717002000000,57759.037
1717005600000,57795.549
1717009200000,57644.508
1717012800000,57387.888
1717016400000,57582.27
1717020000000,57411.177
1717023600000,57350.63
1717027200000,57196.162
1717030800000,57090.95
1717034400000,56826.161
1717038000000,56591.451
1717041600000,56670.005
1717045200000,56861.293
1717048800000,57014.725
1717052400000,57245.428
1717056000000,56640.101
1717059600000,55949.449
1717063200000,56262.311
1717066800000,56109.646
1717070400000,55955.458
1717074000000,56229.045
1717077600000,55968.987
1717081200000,55595.693
1717084800000,56075.783
1717088400000,56098.173
1717092000000,55267.533
1717095600000,55038.3
1717099200000,54289.07
1717102800000,53748.651
1717106400000,53462.527
1717110000000,53468.112
1717113600000,53558.891
1717117200000,53630.976
1717120800000,54084.269
1717124400000,54089.158
1717128000000,54112.833
1717131600000,54118.92
1717135200000,54238.464
1717138800000,54206.641
1717142400000,54551.661
1717146000000,54537.572
1717149600000,54714.596
1717153200000,54785.982
1717156800000,54946.431
1717160400000,54523.434
1717164000000,54532.748
1717167600000,56022.0
1717171200000,56120.699
1717174800000,58024.518
1717178400000,57667.812
1717182000000,57291.222
1717185600000,56448.109
1717189200000,56544.388
1717192800000,56113.897
1717196400000,56218.642
1717200000000,56215.183
1717203600000,55868.179
1717207200000,55966.833
1717210800000,55996.264
1717214400000,56009.439
1717218000000,56063.196
1717221600000,56121.693
1717225200000,56321.076
1717228800000,56239.584
1717232400000,56063.12
1717236000000,55949.466
1717239600000,55922.358
1717243200000,55912.903
1717246800000,55891.49
1717250400000,55948.368
1717254000000,56100.856
1717257600000,56031.069
1717261200000,56039.169
1717264800000,55988.034
1717268400000,56061.249
1717272000000,56101.989
1717275600000,56123.698
1717279200000,56131.039
1717282800000,56180.771
1717286400000,56103.293
1717290000000,55904.078
1717293600000,56019.768
1717297200000,55935.903
1717300800000,55838.81
1717304400000,55874.095
1717308000000,55907.333
1717311600000,55877.7
1717315200000,55868.474
1717318800000,55839.454
1717322400000,55759.086
1717326000000,55955.167
1717329600000,55971.844
1717333200000,55756.586
1717336800000,55816.361
1717340400000,55925.149
1717344000000,56652.484
1717347600000,56787.036
1717351200000,56544.892
1717354800000,56481.622
1717358400000,56087.444
1717362000000,56229.653
1717365600000,56248.299
1717369200000,56178.308
1717372800000,56205.278
1717376400000,56220.105
1717380000000,55993.767
1717383600000,56437.047
1717387200000,56425.158
1717390800000,56640.028
1717394400000,57338.089
1717398000000,57796.617
1717401600000,57871.078
1717405200000,58126.483
1717408800000,57832.971
1717412400000,58096.181
1717416000000,58144.034
1717419600000,58909.414
1717423200000,58338.918
1717426800000,58407.768
1717430400000,58487.778
1717434000000,58496.501
1717437600000,58088.23
1717441200000,58029.916
1717444800000,58041.077
1717448400000,57932.398
1717452000000,57737.668
1717455600000,57850.676
1717459200000,57536.592
1717462800000,57489.201
1717466400000,57638.797
1717470000000,57956.971
1717473600000,58041.936
1717477200000,58961.283
1717480800000,58967.085
1717484400000,59088.709
1717488000000,59131.608
1717491600000,59122.864
1717495200000,58763.005
1717498800000,58813.769
1717502400000,58931.776
1717506000000,58800.807
1717509600000,58782.722
1717513200000,58116.82
1717516800000,58819.455
1717520400000,59310.127
1717524000000,58878.864
1717527600000,59189.547
1717531200000,58326.228
1717534800000,58329.741
1717538400000,58261.514
1717542000000,58462.837
1717545600000,58623.707
1717549200000,58647.502
1717552800000,58703.355
1717556400000,59258.073
1717560000000,59299.87
1717563600000,59719.538
1717567200000,59769.65
1717570800000,59846.853
1717574400000,60225.987
1717578000000,59993.148
1717581600000,59941.846
1717585200000,59705.125
1717588800000,59709.591
1717592400000,59791.035
1717596000000,59953.907
1717599600000,60318.183
1717603200000,61161.508
1717606800000,60914.696
1717610400000,61131.559
1717614000000,60575.174
1717617600000,60508.269
1717621200000,60526.726
1717624800000,60322.076
1717628400000,60311.933
1717632000000,60065.321
1717635600000,59988.097
1717639200000,60069.255
1717642800000,60166.097
1717646400000,60259.319
1717650000000,60199.741
1717653600000,60174.745
1717657200000,60163.681
1717660800000,60495.479
1717664400000,60386.418
1717668000000,60632.833
1717671600000,60618.838
1717675200000,60982.124
1717678800000,61050.019
1717682400000,61429.358
1717686000000,61566.176
1717689600000,61456.485
1717693200000,61747.926
1717696800000,61475.603
1717700400000,61386.857
1717704000000,59984.772
1717707600000,60405.227
1717711200000,60339.609
1717714800000,60594.953
1717718400000,60878.149
1717722000000,60879.375
1717725600000,60292.669
1717729200000,60374.677
1717732800000,60400.96
1717736400000,60060.205
1717740000000,60347.4
1717743600000,60450.602
1717747200000,60328.443
1717750800000,60409.483
1717754400000,60635.231
1717758000000,60580.405
1717761600000,61355.966
1717765200000,60816.713
1717768800000,61753.609
1717772400000,61131.181
1717776000000,61083.332
1717779600000,61053.748
1717783200000,61032.22
1717786800000,60144.316
1717790400000,60794.209
1717794000000,61462.227
1717797600000,61499.393
1717801200000,61506.832
1717804800000,61568.843
1717808400000,61606.623
1717812000000,61496.05
1717815600000,61488.722
1717819200000,61619.597
1717822800000,61156.841
1717826400000,60932.149
1717830000000,60728.231
1717833600000,60711.377
1717837200000,60329.127
1717840800000,60322.861
1717844400000,60162.855
1717848000000,60053.194
1717851600000,60059.229
1717855200000,60088.429
1717858800000,60172.039
1717862400000,60134.493
1717866000000,60043.125
1717869600000,59984.784
1717873200000,60091.677
1717876800000,60155.25
1717880400000,60093.473
1717884000000,60153.201
1717887600000,60081.022
1717891200000,60074.889
1717894800000,60068.932
1717898400000,60031.732
1717902000000,60052.016
1717905600000,59984.41
1717909200000,60005.043
1717912800000,60236.802
1717916400000,60161.43
1717920000000,60216.994
1717923600000,60326.22
1717927200000,60519.249
1717930800000,60623.294
1717934400000,60564.177
1717938000000,60940.343
1717941600000,61316.819
1717945200000,61606.346
1717948800000,61683.419
1717952400000,61816.871
1717956000000,61842.577
1717959600000,61872.782
1717963200000,61906.08
1717966800000,61923.77
1717970400000,61966.713
1717974000000,62003.969
1717977600000,62136.781
1717981200000,62152.515
1717984800000,62088.478
1717988400000,62181.487
1717992000000,62176.882
1717995600000,62331.964
1717999200000,62303.696
1718002800000,62153.558
1718006400000,62480.552
1718010000000,62458.909
1718013600000,62389.537
1718017200000,62457.47
1718020800000,62428.796
1718024400000,62474.181
1718028000000,62635.441
1718031600000,62376.86
1718035200000,62992.092
1718038800000,62821.37
1718042400000,62867.488
1718046000000,62631.496
1718049600000,62019.807
1718053200000,62105.38
1718056800000,62158.001
1718060400000,62273.353
1718064000000,62762.827
1718067600000,62724.076
1718071200000,62045.632
1718074800000,63023.632
1718078400000,62816.941
1718082000000,62469.314
1718085600000,63030.824
1718089200000,63044.708
1718092800000,63543.995
1718096400000,64205.674
1718100000000,63656.984
1718103600000,64401.549
1718107200000,65085.734
1718110800000,65512.194
1718114400000,64796.82
1718118000000,64959.261
1718121600000,63852.024
1718125200000,63560.635
1718128800000,63724.579
1718132400000,63899.52
1718136000000,63677.719
1718139600000,63413.746
1718143200000,63275.507
1718146800000,63393.748
1718150400000,63415.29
1718154000000,62934.659
1718157600000,62702.572
1718161200000,62482.026
1718164800000,62383.885
1718168400000,62605.772
1718172000000,62430.954
1718175600000,62990.443
1718179200000,63021.886
1718182800000,63108.38
1718186400000,62988.728
1718190000000,63090.044
1718193600000,63032.075
1718197200000,64238.06
1718200800000,63929.423
1718204400000,64694.083
1718208000000,64726.3
1718211600000,64259.307
1718215200000,64305.328
1718218800000,62934.522
1718222400000,62262.888
1718226000000,61533.652
1718229600000,61738.109
1718233200000,61415.916
1718236800000,61591.14
1718240400000,61642.711
1718244000000,61383.38
1718247600000,61431.415
1718251200000,62354.796
1718254800000,62890.996
1718258400000,63484.43
1718262000000,63454.683
1718265600000,63834.485
1718269200000,63646.981
1718272800000,63645.218
1718276400000,63898.549
1718280000000,63892.542
1718283600000,63582.934
1718287200000,63427.545
1718290800000,63468.457
1718294400000,63650.563
1718298000000,64145.15
1718301600000,63977.856
1718305200000,64100.564
1718308800000,64222.277
1718312400000,63945.09
1718316000000,63392.911
1718319600000,63393.831
1718323200000,63343.87
1718326800000,63610.629
1718330400000,63539.902
1718334000000,63560.583
1718337600000,63640.915
1718341200000,63878.805
1718344800000,63771.606
1718348400000,64006.971
1718352000000,64003.903
1718355600000,63807.922
1718359200000,64240.207
1718362800000,64095.64
1718366400000,64176.8
1718370000000,65128.169
1718373600000,65454.729
1718377200000,65245.647
1718380800000,64891.403
1718384400000,64248.091
1718388000000,64109.965
1718391600000,64244.386
1718395200000,64868.914
1718398800000,64722.422
1718402400000,63231.726
1718406000000,63060.096
1718409600000,63302.834
1718413200000,63082.274
1718416800000,63184.402
1718420400000,63142.7
1718424000000,63318.265
1718427600000,63832.858
1718431200000,63888.588
1718434800000,64019.844
1718438400000,64283.872
1718442000000,64220.743
1718445600000,64368.019
1718449200000,64303.389
1718452800000,64313.801
1718456400000,64301.237
1718460000000,64180.637
1718463600000,64208.102
1718467200000,64435.069
1718470800000,64337.884
1718474400000,64317.121
1718478000000,64321.027
1718481600000,64268.727
1718485200000,64305.972
1718488800000,64307.127
1718492400000,64303.829
1718496000000,64037.922
1718499600000,64049.146
1718503200000,64064.153
1718506800000,64062.299
1718510400000,64126.309
1718514000000,64041.871
1718517600000,64066.647
1718521200000,64061.365
1718524800000,64170.097
1718528400000,64153.414
1718532000000,64277.891
1718535600000,63963.14
1718539200000,63893.066
1718542800000,63932.355
1718546400000,64154.049
1718550000000,64248.801
1718553600000,64122.79
1718557200000,64272.34
1718560800000,64331.212
1718564400000,64308.99
1718568000000,64500.018
1718571600000,64394.264
1718575200000,64262.718
1718578800000,64482.154
1718582400000,64295.206
1718586000000,64056.299
1718589600000,64048.629
1718593200000,63640.118
1718596800000,63606.477
1718600400000,64238.755
1718604000000,64329.416
1718607600000,63785.743
1718611200000,63383.483
1718614800000,63461.391
1718618400000,63234.675
1718622000000,63694.453
1718625600000,63961.271
1718629200000,63965.234
1718632800000,64165.197
1718636400000,64000.852
1718640000000,63886.786
1718643600000,63969.288
1718647200000,63521.979
1718650800000,63833.602
1718654400000,63399.606
1718658000000,63738.115
1718661600000,63351.69
1718665200000,63531.035
1718668800000,63539.661
1718672400000,62071.639
1718676000000,61689.814
1718679600000,62304.19
1718683200000,62842.586
1718686800000,62786.399
1718690400000,63053.835
1718694000000,63546.226
1718697600000,63259.857
1718701200000,63271.806
1718704800000,62963.17
1718708400000,62700.048
1718712000000,62651.415
1718715600000,62893.298
1718719200000,63671.379
1718722800000,63323.281
1718726400000,63863.313
1718730000000,63979.619
1718733600000,64170.126
1718737200000,64195.018
1718740800000,63382.655
1718744400000,63890.37
1718748000000,63882.718
1718751600000,63998.857
1718755200000,64016.365
1718758800000,64188.929
1718762400000,64455.974
1718766000000,64477.071
1718769600000,64467.512
1718773200000,64108.902
1718776800000,64352.41
1718780400000,64459.985
1718784000000,65666.75199999
1718787600000,65827.609
1718791200000,65680.84
1718794800000,65229.934
1718798400000,64638.283
1718802000000,64939.731
1718805600000,65073.103
1718809200000,65170.063
1718812800000,65563.383
1718816400000,65539.061
1718820000000,65449.87
1718823600000,65338.659
1718827200000,65429.974
1718830800000,65656.846
1718834400000,65395.22
1718838000000,65360.988
1718841600000,65438.165
1718845200000,65421.347
1718848800000,65316.17
1718852400000,65267.661
1718856000000,65211.116
1718859600000,65195.896
1718863200000,65131.136
1718866800000,65080.229
1718870400000,64781.54
1718874000000,64660.663
1718877600000,64851.038
1718881200000,64170.518
1718884800000,64632.022
1718888400000,65036.753
1718892000000,65389.771
1718895600000,65285.827
1718899200000,65916.85799999
1718902800000,65528.796
1718906400000,65638.2
1718910000000,65343.097
1718913600000,65557.144
1718917200000,65393.251
1718920800000,65239.559
1718924400000,64938.961
1718928000000,65241.028
1718931600000,65314.802
1718935200000,65633.004
1718938800000,65884.947
1718942400000,65433.813
1718946000000,66298.865
1718949600000,66314.914
1718953200000,65971.35099999
1718956800000,67043.444
1718960400000,65389.634
1718964000000,64697.442
1718967600000,65105.888
1718971200000,65165.1
1718974800000,65666.69
1718978400000,67143.52499999
1718982000000,66093.455
1718985600000,65786.464
1718989200000,66075.341
1718992800000,66118.96799999
1718996400000,65406.842
1719000000000,65675.297
1719003600000,65160.667
1719007200000,65180.472
1719010800000,65091.372
1719014400000,65102.665
1719018000000,64794.065
1719021600000,64637.886
1719025200000,64811.139
1719028800000,64779.552
1719032400000,64757.724
1719036000000,64744.952
1719039600000,64727.93
1719043200000,64681.437
1719046800000,64856.701
1719050400000,65034.642
1719054000000,65064.458
1719057600000,65177.702
1719061200000,65202.132
1719064800000,65221.849
1719068400000,65147.711
1719072000000,65217.561
1719075600000,65288.098
1719079200000,65374.361
1719082800000,65296.342
1719086400000,65165.926
1719090000000,65202.086
1719093600000,65077.41
1719097200000,65131.798
1719100800000,65167.351
1719104400000,65279.254
1719108000000,65686.50999999
1719111600000,65764.258
1719115200000,65930.056
1719118800000,65981.577
1719122400000,65996.339
1719126000000,65893.99
1719129600000,65847.416
1719133200000,65915.205
1719136800000,65908.84699999
1719140400000,65908.019
1719144000000,65872.13499999
1719147600000,65834.928
1719151200000,65917.307
1719154800000,66258.662
1719158400000,66456.546
1719162000000,66319.155
1719165600000,66239.432
1719169200000,66275.186
1719172800000,66324.327
1719176400000,65944.855
1719180000000,66304.86599999
1719183600000,66620.537
1719187200000,65796.952
1719190800000,66245.806
1719194400000,66343.75599999
1719198000000,66019.672
1719201600000,66291.84299999
1719205200000,66776.33199999
1719208800000,66041.507
1719212400000,66308.102
1719216000000,66920.605
1719219600000,67674.659
1719223200000,65392.471
1719226800000,65881.645
1719230400000,66143.268
1719234000000,65801.3
1719237600000,65758.187
1719241200000,66729.339
1719244800000,66267.049
1719248400000,65829.306
1719252000000,66062.675
1719255600000,65590.016
1719259200000,64763.586
1719262800000,64168.748
1719266400000,64296.918
1719270000000,64293.516
1719273600000,64199.099
1719277200000,63825.969
1719280800000,63880.648
1719284400000,63672.488
1719288000000,63504.134
1719291600000,63698.161
1719295200000,63369.914
1719298800000,63661.186
1719302400000,65006.043
1719306000000,65616.014
1719309600000,64746.98
1719313200000,64859.012
1719316800000,64759.095
1719320400000,64827.242
1719324000000,64529.815
1719327600000,64079.03
1719331200000,64354.586
1719334800000,64671.264
1719338400000,64846.753
1719342000000,65101.077
1719345600000,65246.105
1719349200000,65259.203
1719352800000,64687.991
1719356400000,64749.878
1719360000000,64258.319
1719363600000,64447.601
1719367200000,64478.348
1719370800000,64603.611
1719374400000,64698.99
1719378000000,65932.217
1719381600000,65632.672
1719385200000,65688.422
1719388800000,65793.25
1719392400000,65506.352
1719396000000,65946.97199999
1719399600000,66241.412
1719403200000,66298.62699999
1719406800000,66170.45
1719410400000,66043.84
1719414000000,65658.395
1719417600000,66107.028
1719421200000,67063.97199999
1719424800000,65570.008
1719428400000,65505.863
1719432000000,65109.491
1719435600000,65393.011
1719439200000,65184.043
1719442800000,64944.611
1719446400000,64871.555
1719450000000,64949.463
1719453600000,65256.906
1719457200000,65042.634
1719460800000,64613.353
1719464400000,64562.785
1719468000000,64066.407
1719471600000,64823.061
1719475200000,64979.738
1719478800000,65444.938
1719482400000,65002.399
1719486000000,65027.122
1719489600000,65110.029
1719493200000,65120.747
1719496800000,64337.44
1719500400000,65048.535
1719504000000,64726.759
1719507600000,64586.506
1719511200000,64782.019
1719514800000,64543.819
1719518400000,63835.501
1719522000000,63975.78
1719525600000,64004.016
1719529200000,64080.233
1719532800000,64364.056
1719536400000,64479.753
1719540000000,64300.585
1719543600000,64143.26
1719547200000,64135.915
1719550800000,64319.929
1719554400000,64458.039
1719558000000,64604.31
1719561600000,64028.459
1719565200000,64310.261
1719568800000,64439.996
1719572400000,64464.783
1719576000000,63975.278
1719579600000,64535.991
1719583200000,64598.753
1719586800000,64526.365
1719590400000,65289.346
1719594000000,65731.09
1719597600000,65739.865
1719601200000,65963.852
1719604800000,65846.281
1719608400000,65971.018
1719612000000,65828.888
1719615600000,65795.432
1719619200000,65755.675
1719622800000,65765.906
1719626400000,66032.887
1719630000000,66220.678
1719633600000,66115.095
1719637200000,66016.14999999
1719640800000,66011.335
1719644400000,66090.482
1719648000000,65784.103
1719651600000,65621.414
1719655200000,65668.19899999
1719658800000,65657.269
1719662400000,65772.096
1719666000000,65653.458
1719669600000,65752.545
1719673200000,66006.85799999
1719676800000,66057.562
1719680400000,65830.151
1719684000000,65806.047
1719687600000,65845.906
1719691200000,65845.356
1719694800000,65795.629
1719698400000,65937.314
1719702000000,65948.81
1719705600000,65884.06299999
1719709200000,66024.687
1719712800000,65964.879
1719716400000,65872.386
1719720000000,66072.33199999
1719723600000,66112.527
1719727200000,66218.45
1719730800000,66834.10099999
1719734400000,66422.504
1719738000000,66590.10099999
1719741600000,66253.456
1719745200000,66585.083
1719748800000,67031.70699999
1719752400000,67213.841
1719756000000,67676.45299999
1719759600000,67584.977
1719763200000,67839.986
1719766800000,67788.46
1719770400000,67967.182
1719774000000,67355.644
1719777600000,67667.567
1719781200000,67162.527
1719784800000,66449.706
1719788400000,67587.693
