ts_ms,oi
1704060000000,494385.02
1704063600000,488288.31
1704067200000,490138.81
1704070800000,492486.97
1704074400000,495778.41
1704078000000,491127.24
1704081600000,488997.8
1704085200000,493867.02
1704088800000,494083.59
1704092400000,496207.63
1704096000000,494575.5
1704099600000,493354.34
1704103200000,491651.73
1704106800000,491088.8
1704110400000,492156.98
1704114000000,492542.17
1704117600000,492414.17
1704121200000,492985.61
1704124800000,499621.5
1704128400000,502192.92
1704132000000,500388.97
1704135600000,499376.9
1704139200000,500233.02
1704142800000,498698.12
1704146400000,499125.73
1704150000000,499720.54
1704153600000,501230.53
1704157200000,514466.0
1704160800000,518007.32
1704164400000,512904.29
1704168000000,519556.42
1704171600000,512104.74
1704175200000,512519.03
1704178800000,513095.02
1704182400000,512143.57
1704186000000,529234.54
1704189600000,529692.78
1704193200000,523620.66
1704196800000,528304.57999999
1704200400000,530509.82999999
1704204000000,531418.04
1704207600000,507553.41
1704211200000,505348.02
1704214800000,502540.16
1704218400000,502102.52
1704222000000,509389.79
1704225600000,508793.89
1704229200000,510088.85
1704232800000,506057.38
1704236400000,506097.58
1704240000000,503816.44
1704243600000,503774.56
1704247200000,505771.27
1704250800000,503275.4
1704254400000,503180.53
1704258000000,503408.49
1704261600000,504729.51
1704265200000,505133.93
1704268800000,502199.15
1704272400000,505624.8
1704276000000,506397.99
1704279600000,505188.0
1704283200000,498387.15
1704286800000,471723.36
1704290400000,476736.01
1704294000000,474148.84
1704297600000,477812.9
1704301200000,475121.86
1704304800000,471765.34
1704308400000,461710.08
1704312000000,465544.11
1704315600000,466822.01
1704319200000,468147.57
1704322800000,466494.46
1704326400000,470053.67
1704330000000,468784.42
1704333600000,467527.51
1704337200000,469905.35
1704340800000,469608.27
1704344400000,469473.2
1704348000000,469039.29
1704351600000,467274.81
1704355200000,460281.62
1704358800000,461450.71
1704362400000,460814.97
1704366000000,462353.14
1704369600000,465168.14
1704373200000,468279.21
1704376800000,468410.23
1704380400000,461780.74
1704384000000,462263.5
1704387600000,460312.01
1704391200000,468239.56
1704394800000,467923.03
1704398400000,468869.66
1704402000000,469239.28
1704405600000,469849.23
1704409200000,468467.69
1704412800000,468513.79
1704416400000,465203.64
1704420000000,457707.7
1704423600000,460388.6
1704427200000,460119.64
1704430800000,459309.57
1704434400000,458490.34
1704438000000,459728.39
1704441600000,460930.2
1704445200000,461846.63
1704448800000,462851.51
1704452400000,456966.81
1704456000000,461421.9
1704459600000,461823.87
1704463200000,462468.49
1704466800000,460617.77
1704470400000,463043.12
1704474000000,460973.88
1704477600000,461621.66
1704481200000,462241.58
1704484800000,460945.21
1704488400000,458778.78
1704492000000,458464.84
1704495600000,457696.2
1704499200000,463115.66
1704502800000,463706.35
1704506400000,464136.08
1704510000000,465071.14
1704513600000,464930.68
1704517200000,464950.17
1704520800000,465337.65
1704524400000,463246.6
1704528000000,463091.1
1704531600000,461707.93
1704535200000,462263.01
1704538800000,463045.48
1704542400000,463552.84
1704546000000,461061.87
1704549600000,460619.89
1704553200000,458410.24
1704556800000,459868.51
1704560400000,460787.36
1704564000000,459823.78
1704567600000,458548.62
1704571200000,458324.52
1704574800000,458836.14
1704578400000,458203.23
1704582000000,455723.34
1704585600000,456540.27
1704589200000,454048.03
1704592800000,456820.03
1704596400000,458660.61
1704600000000,458781.68
1704603600000,458655.27
1704607200000,460350.59
1704610800000,460607.87
1704614400000,460824.13
1704618000000,457646.19
1704621600000,459696.54
1704625200000,459814.69
1704628800000,462739.21
1704632400000,461176.88
1704636000000,459855.52
1704639600000,457191.74
1704643200000,462543.95
1704646800000,464708.65
1704650400000,462855.25
1704654000000,461749.62
1704657600000,459749.92
1704661200000,459382.37
1704664800000,458404.19
1704668400000,460801.79
1704672000000,463449.62
1704675600000,459487.43
1704679200000,459338.13
1704682800000,459060.22
1704686400000,453909.1
1704690000000,455030.59
1704693600000,453908.25
1704697200000,453313.47
1704700800000,454358.09
1704704400000,451843.35
1704708000000,448926.67
1704711600000,450100.19
1704715200000,452444.0
1704718800000,454184.92
1704722400000,461598.42
1704726000000,456213.5
1704729600000,457584.74
1704733200000,455487.42
1704736800000,464487.99
1704740400000,456877.31
1704744000000,462453.71
1704747600000,458443.44
1704751200000,458073.78
1704754800000,454600.45
1704758400000,453204.59
1704762000000,447878.2
1704765600000,441246.41
1704769200000,441256.54
1704772800000,441952.42
1704776400000,439427.95
1704780000000,437375.67
1704783600000,437455.86
1704787200000,436511.38
1704790800000,436708.92
1704794400000,442093.74
1704798000000,442665.6
1704801600000,450794.61
1704805200000,446771.91
1704808800000,444094.21
1704812400000,439204.47
1704816000000,451679.75
1704819600000,457560.39
1704823200000,456431.03
1704826800000,461972.38
1704830400000,456691.65
1704834000000,453232.8
1704837600000,484041.77
1704841200000,516673.94
1704844800000,519648.74
1704848400000,545916.18999999
1704852000000,528304.48
1704855600000,520070.97
1704859200000,524389.48
1704862800000,525627.93999999
1704866400000,529637.98
1704870000000,533776.56
1704873600000,523093.92
1704877200000,511975.25
1704880800000,527077.89
1704884400000,522355.35
1704888000000,525428.22
1704891600000,495468.2
1704895200000,509151.96
1704898800000,520775.77
1704902400000,526658.56999999
1704906000000,508183.3
1704909600000,506031.66
1704913200000,505328.21
1704916800000,516500.36
1704920400000,500863.13
1704924000000,501855.17
1704927600000,501461.02
1704931200000,491207.06
1704934800000,486988.1
1704938400000,482634.18
1704942000000,487704.05
1704945600000,501196.73
1704949200000,498057.89
1704952800000,500201.57
1704956400000,495578.72
1704960000000,498593.2
1704963600000,508730.2
1704967200000,511165.01
1704970800000,513744.0
1704974400000,523679.61
1704978000000,515722.02
1704981600000,493963.83
1704985200000,509000.66
1704988800000,489062.92
1704992400000,481491.03
1704996000000,484653.17
1704999600000,491999.71
1705003200000,494672.39
1705006800000,495054.01
1705010400000,496594.19
1705014000000,491457.84
1705017600000,492239.87
1705021200000,490505.24
1705024800000,491325.36
1705028400000,491463.49
1705032000000,489192.79
1705035600000,488085.87
1705039200000,491402.09
1705042800000,491662.95
1705046400000,499161.8
1705050000000,500544.18
1705053600000,502493.42
1705057200000,507659.52
1705060800000,526165.71
1705064400000,531977.4
1705068000000,538308.44999999
1705071600000,541277.76
1705075200000,529032.9
1705078800000,522571.22
1705082400000,527383.44999999
1705086000000,523354.45
1705089600000,527231.44999999
1705093200000,519393.71
1705096800000,511160.67
1705100400000,510766.4
1705104000000,517748.62
1705107600000,518075.73
1705111200000,516812.15
1705114800000,522707.45
1705118400000,526530.97
1705122000000,525427.05
1705125600000,522900.11
1705129200000,524411.11
1705132800000,523676.59
1705136400000,525970.38
1705140000000,529502.99
1705143600000,531722.14
1705147200000,532905.43999999
1705150800000,532775.17
1705154400000,531917.18999999
1705158000000,532492.51
1705161600000,532874.75
1705165200000,521765.51
1705168800000,517421.08
1705172400000,528282.25
1705176000000,528274.4
1705179600000,528879.74
1705183200000,527945.67
1705186800000,527730.19999999
1705190400000,526575.12
1705194000000,522964.46
1705197600000,524029.39
1705201200000,524597.63
1705204800000,524457.43
1705208400000,522262.35
1705212000000,521332.35
1705215600000,519988.37
1705219200000,525545.49
1705222800000,526702.76
1705226400000,523776.08
1705230000000,524666.77
1705233600000,521150.21
1705237200000,518705.46
1705240800000,519452.13
1705244400000,529377.54
1705248000000,528552.88
1705251600000,530072.54
1705255200000,525143.04
1705258800000,527375.21
1705262400000,516254.92
1705266000000,521735.95
1705269600000,522895.7
1705273200000,522068.97
1705276800000,508664.39
1705280400000,509848.53
1705284000000,510818.07
1705287600000,512165.7
1705291200000,513527.92
1705294800000,513436.36
1705298400000,514938.25
1705302000000,521990.14
1705305600000,522354.18
1705309200000,519405.32
1705312800000,520299.71
1705316400000,519376.26
1705320000000,521711.72
1705323600000,523445.17
1705327200000,524683.36
1705330800000,519974.94
1705334400000,518809.22
1705338000000,518278.06
1705341600000,517226.3
1705345200000,513684.76
1705348800000,514010.5
1705352400000,512714.53
1705356000000,512279.48
1705359600000,512879.04
1705363200000,511957.39
1705366800000,512543.12
1705370400000,513017.78
1705374000000,513913.42
1705377600000,527578.14
1705381200000,528813.04
1705384800000,531535.54
1705388400000,533164.07999999
1705392000000,532297.6
1705395600000,534554.17
1705399200000,535564.19999999
1705402800000,535370.42
1705406400000,538608.77
1705410000000,538985.4
1705413600000,535077.81999999
1705417200000,542268.93
1705420800000,558428.48
1705424400000,571732.94999999
1705428000000,572041.24
1705431600000,573438.71
1705435200000,570630.53
1705438800000,569134.9
1705442400000,548695.31
1705446000000,544449.63
1705449600000,539475.93
1705453200000,538072.67
1705456800000,531587.81
1705460400000,530011.6
1705464000000,530940.39
1705467600000,530617.39
1705471200000,529868.43999999
1705474800000,529854.39
1705478400000,536356.07999999
1705482000000,527500.8
1705485600000,527574.21
1705489200000,530454.98
1705492800000,532050.82999999
1705496400000,529308.84
1705500000000,530109.87
1705503600000,523806.96
1705507200000,520984.11
1705510800000,524199.13
1705514400000,519767.89
1705518000000,517401.84
1705521600000,517453.27
1705525200000,517042.87
1705528800000,513039.34
1705532400000,509752.45
1705536000000,507512.37
1705539600000,506734.25
1705543200000,506908.4
1705546800000,507275.5
1705550400000,507039.59
1705554000000,503591.06
1705557600000,502730.58
1705561200000,503811.94
1705564800000,503888.58
1705568400000,504282.62
1705572000000,503063.45
1705575600000,504650.51
1705579200000,505967.63
1705582800000,508157.12
1705586400000,508565.49
1705590000000,511357.71
1705593600000,508500.05
1705597200000,512472.31
1705600800000,513555.44
1705604400000,514099.49
1705608000000,512267.94
1705611600000,511755.72
1705615200000,513624.24
1705618800000,515868.72
1705622400000,516464.07
1705626000000,516854.44
1705629600000,516975.94
1705633200000,514892.84
1705636800000,515155.51
1705640400000,514687.25
1705644000000,514330.94
1705647600000,515498.77
1705651200000,511379.48
1705654800000,510953.8
1705658400000,512536.96
1705662000000,512452.91
1705665600000,513634.4
1705669200000,513992.28
1705672800000,520705.47
1705676400000,519440.75
1705680000000,525255.52
1705683600000,516742.9
1705687200000,514029.13
1705690800000,508008.06
1705694400000,506560.78
1705698000000,506651.96
1705701600000,504902.99
1705705200000,505544.12
1705708800000,501777.33
1705712400000,497903.91
1705716000000,498663.14
1705719600000,499147.61
1705723200000,500326.55
1705726800000,502188.3
1705730400000,502800.56
1705734000000,502352.21
1705737600000,502988.4
1705741200000,501942.16
1705744800000,502215.17
1705748400000,502559.14
1705752000000,501989.38
1705755600000,499367.78
1705759200000,499236.29
1705762800000,499412.46
1705766400000,497748.71
1705770000000,497949.11
1705773600000,497969.07
1705777200000,498981.63
1705780800000,497480.72
1705784400000,498707.1
1705788000000,499898.53
1705791600000,501117.09
1705795200000,501083.13
1705798800000,499803.23
1705802400000,499300.16
1705806000000,498922.04
1705809600000,498919.87
1705813200000,499206.49
1705816800000,500442.18
1705820400000,499258.64
1705824000000,499068.79
1705827600000,498954.76
1705831200000,499475.25
1705834800000,501687.24
1705838400000,499774.45
1705842000000,500335.51
1705845600000,500470.94
1705849200000,500541.76
1705852800000,499182.13
1705856400000,499731.7
1705860000000,499805.33
1705863600000,499604.88
1705867200000,499303.39
1705870800000,499645.16
1705874400000,499732.32
1705878000000,497721.12
1705881600000,494123.49
1705885200000,493988.55
1705888800000,496860.27
1705892400000,496760.57
1705896000000,496785.13
1705899600000,494932.48
1705903200000,499981.53
1705906800000,506545.84
1705910400000,506437.02
1705914000000,500959.55
1705917600000,506177.34
1705921200000,499764.13
1705924800000,506421.48
1705928400000,508120.22
1705932000000,512053.95
1705935600000,504406.3
1705939200000,500741.14
1705942800000,501844.63
1705946400000,493156.66
1705950000000,492570.31
1705953600000,481424.17
1705957200000,480743.56
1705960800000,479450.28
1705964400000,478859.13
1705968000000,481330.56
1705971600000,481683.09
1705975200000,483317.52
1705978800000,483257.37
1705982400000,483741.84
1705986000000,480625.95
1705989600000,482547.11
1705993200000,482770.67
1705996800000,484857.4
1706000400000,481680.48
1706004000000,494037.19
1706007600000,495199.14
1706011200000,502577.41
1706014800000,504241.24
1706018400000,507534.78
1706022000000,519297.61
1706025600000,532169.48
1706029200000,531908.59
1706032800000,526552.89
1706036400000,523123.53
1706040000000,520803.75
1706043600000,522695.07
1706047200000,520940.9
1706050800000,514911.62
1706054400000,512236.84
1706058000000,512733.05
1706061600000,517241.52
1706065200000,517171.63
1706068800000,517461.27
1706072400000,514914.75
1706076000000,514950.54
1706079600000,523890.19
1706083200000,518965.63
1706086800000,520129.14
1706090400000,517565.43
1706094000000,509236.63
1706097600000,516500.43
1706101200000,518255.58
1706104800000,507101.62
1706108400000,516157.33
1706112000000,520404.62
1706115600000,526457.81
1706119200000,525295.67
1706122800000,515724.23
1706126400000,517620.1
1706130000000,517940.92
1706133600000,518976.99
1706137200000,517077.9
1706140800000,520520.79
1706144400000,519548.43
1706148000000,521443.01
1706151600000,522780.4
1706155200000,524124.85
1706158800000,526344.89
1706162400000,532146.82999999
1706166000000,532881.43
1706169600000,532295.73
1706173200000,525943.62
1706176800000,527328.41
1706180400000,527084.94999999
1706184000000,534395.65
1706187600000,527898.72
1706191200000,529940.65
1706194800000,531165.36
1706198400000,533257.53
1706202000000,532927.65
1706205600000,530849.46
1706209200000,526542.05
1706212800000,532032.41
1706216400000,534572.27
1706220000000,528675.57999999
1706223600000,527049.04
1706227200000,527255.51
1706230800000,526083.17
1706234400000,529431.06
1706238000000,528298.69999999
1706241600000,528535.79
1706245200000,531186.38
1706248800000,531395.93
1706252400000,530097.69999999
1706256000000,534130.44999999
1706259600000,538922.31999999
1706263200000,535007.06
1706266800000,533108.49
1706270400000,537005.19999999
1706274000000,537703.32999999
1706277600000,539460.73
1706281200000,545950.68999999
1706284800000,547961.86
1706288400000,552888.32999999
1706292000000,564229.26
1706295600000,575260.13
1706299200000,568531.0
1706302800000,562582.14
1706306400000,563138.9
1706310000000,569192.26
1706313600000,568466.97
1706317200000,565145.27
1706320800000,566162.43
1706324400000,565627.72
1706328000000,565815.05
1706331600000,567388.15
1706335200000,565354.93999999
1706338800000,565882.16
1706342400000,565267.75
1706346000000,567366.1
1706349600000,565825.28
1706353200000,569105.59
1706356800000,573456.04
1706360400000,573370.18
1706364000000,572796.85
1706367600000,571496.57999999
1706371200000,573168.72
1706374800000,570038.34
1706378400000,569163.91
1706382000000,569023.41
1706385600000,567851.02
1706389200000,566125.24
1706392800000,562904.32999999
1706396400000,561155.44999999
1706400000000,561244.81999999
1706403600000,560784.15
1706407200000,554118.97
1706410800000,554614.85
1706414400000,552495.78
1706418000000,548167.31
1706421600000,548552.44999999
1706425200000,551439.13
1706428800000,552742.62
1706432400000,552272.9
1706436000000,554730.75
1706439600000,552257.87
1706443200000,548172.24
1706446800000,546331.31
1706450400000,549256.12
1706454000000,542346.26
1706457600000,545926.76
1706461200000,546084.76
1706464800000,544592.04
1706468400000,534933.71
1706472000000,531972.05
1706475600000,530691.15
1706479200000,529784.93
1706482800000,523987.23
1706486400000,523267.42
1706490000000,523936.5
1706493600000,524439.0
1706497200000,524591.51
1706500800000,524312.81999999
1706504400000,521979.62
1706508000000,522521.85
1706511600000,525254.99
1706515200000,523275.86
1706518800000,522917.56
1706522400000,522636.59
1706526000000,524938.18
1706529600000,525596.76
1706533200000,526540.56
1706536800000,533676.67
1706540400000,539944.55
1706544000000,533398.93999999
1706547600000,527374.68
1706551200000,530076.98
1706554800000,530588.42
1706558400000,531047.48
1706562000000,530127.46
1706565600000,530605.88
1706569200000,530864.02
1706572800000,530671.26
1706576400000,529689.42
1706580000000,530433.3
1706583600000,532489.1
1706587200000,531950.92
1706590800000,531967.92
1706594400000,532530.06
1706598000000,533238.76
1706601600000,537655.35
1706605200000,536478.76
1706608800000,537713.25
1706612400000,538796.66
1706616000000,538455.42
1706619600000,537219.28
1706623200000,534051.05
1706626800000,536009.56999999
1706630400000,541304.13
1706634000000,566489.16
1706637600000,567763.3
1706641200000,566853.06999999
1706644800000,568189.01
1706648400000,566407.26
1706652000000,559789.27
1706655600000,554941.06
1706659200000,540091.43
1706662800000,536575.1
1706666400000,534754.81
1706670000000,533168.43999999
1706673600000,533373.74
1706677200000,532515.92
1706680800000,531310.62
1706684400000,529510.36
1706688000000,533195.79
1706691600000,533261.9
1706695200000,526827.05
1706698800000,521932.29
1706702400000,526766.98
1706706000000,527513.81
1706709600000,526368.75
1706713200000,527864.68999999
1706716800000,530300.42
1706720400000,533838.66
1706724000000,531876.84
1706727600000,528158.67
1706731200000,523173.47
1706734800000,521263.42
1706738400000,525772.93
1706742000000,528163.49
1706745600000,525040.43999999
1706749200000,517047.66
1706752800000,517902.12
1706756400000,518773.05
1706760000000,520275.58
1706763600000,520238.2
1706767200000,521226.57
1706770800000,523548.65
1706774400000,523421.48
1706778000000,523683.15
1706781600000,525982.73
1706785200000,526611.35
1706788800000,528211.27
1706792400000,527432.04
1706796000000,528947.54
1706799600000,524715.88
1706803200000,522381.28
1706806800000,520691.24
1706810400000,525201.6
1706814000000,522872.73
1706817600000,520734.49
1706821200000,521344.18
1706824800000,521523.65
1706828400000,521720.97
1706832000000,522460.95
1706835600000,521987.89
1706839200000,521613.75
1706842800000,522254.09
1706846400000,520135.31
1706850000000,520113.8
1706853600000,520799.47
1706857200000,523749.11
1706860800000,523834.41
1706864400000,525852.79
1706868000000,524460.65
1706871600000,524765.86
1706875200000,523740.29
1706878800000,523254.55
1706882400000,520181.68
1706886000000,521863.79
1706889600000,521712.44
1706893200000,521288.69
1706896800000,521269.93
1706900400000,521547.25
1706904000000,521976.54
1706907600000,522015.42
1706911200000,521264.1
1706914800000,517880.09
1706918400000,518657.66
1706922000000,522218.92
1706925600000,520161.27
1706929200000,519897.29
1706932800000,520946.64
1706936400000,521624.39
1706940000000,521918.99
1706943600000,519815.87
1706947200000,520488.72
1706950800000,520230.65
1706954400000,519179.74
1706958000000,519705.63
1706961600000,513266.36
1706965200000,513933.22
1706968800000,512735.49
1706972400000,513046.72
1706976000000,508856.5
1706979600000,513093.53
1706983200000,513048.58
1706986800000,513369.49
1706990400000,513243.56
1706994000000,512719.83
1706997600000,512060.69
1707001200000,512857.5
1707004800000,512277.51
1707008400000,512042.1
1707012000000,511266.63
1707015600000,511427.33
1707019200000,511346.71
1707022800000,512245.53
1707026400000,510304.33
1707030000000,509842.99
1707033600000,506393.98
1707037200000,506499.59
1707040800000,505803.99
1707044400000,506250.91
1707048000000,506262.91
1707051600000,508476.06
1707055200000,508941.27
1707058800000,509409.76
1707062400000,510020.96
1707066000000,509504.75
1707069600000,510081.16
1707073200000,509186.71
1707076800000,508316.65
1707080400000,511111.74
1707084000000,508478.62
1707087600000,504977.63
1707091200000,504122.95
1707094800000,505605.1
1707098400000,507022.21
1707102000000,504825.77
1707105600000,503604.39
1707109200000,503733.48
1707112800000,504374.49
1707116400000,503615.79
1707120000000,506076.05
1707123600000,511678.18
1707127200000,512941.31
1707130800000,516499.54
1707134400000,515020.54
1707138000000,518895.24
1707141600000,519386.92
1707145200000,520359.94
1707148800000,514364.64
1707152400000,511125.85
1707156000000,510862.41
1707159600000,509801.65
1707163200000,509158.17
1707166800000,507122.94
1707170400000,505083.3
1707174000000,505304.99
1707177600000,505999.09
1707181200000,505206.35
1707184800000,505213.33
1707188400000,506581.44
1707192000000,505345.97
1707195600000,504953.57
1707199200000,505550.22
1707202800000,505331.88
1707206400000,513958.86
1707210000000,522797.95
1707213600000,524334.8
1707217200000,519809.07
1707220800000,520230.93
1707224400000,520649.78
1707228000000,529122.61
1707231600000,532096.94999999
1707235200000,529468.63
1707238800000,534120.24
1707242400000,531565.28
1707246000000,536845.29
1707249600000,540895.22
1707253200000,544381.27
1707256800000,541898.43
1707260400000,544628.57999999
1707264000000,545186.6
1707267600000,544845.73
1707271200000,548065.31999999
1707274800000,548232.06
1707278400000,550541.88
1707282000000,543297.14
1707285600000,542885.74
1707289200000,541182.42
1707292800000,540230.98
1707296400000,540308.89
1707300000000,537917.96
1707303600000,535286.1
1707307200000,536163.43
1707310800000,536513.87
1707314400000,537459.86
1707318000000,528321.89
1707321600000,528834.02
1707325200000,540230.68
1707328800000,538341.88
1707332400000,536753.17
1707336000000,534245.97
1707339600000,532668.01
1707343200000,533067.69999999
1707346800000,531534.05
1707350400000,530724.43999999
1707354000000,530834.14
1707357600000,536820.04
1707361200000,531569.05
1707364800000,530414.97
1707368400000,529359.35
1707372000000,528813.11
1707375600000,528636.53
1707379200000,529158.82999999
1707382800000,526757.05
1707386400000,527531.99
1707390000000,525493.18999999
1707393600000,524069.4
1707397200000,525126.65
1707400800000,524781.41
1707404400000,523918.78
1707408000000,526465.91
1707411600000,524252.5
1707415200000,523083.41
1707418800000,518344.2
1707422400000,518088.59
1707426000000,518903.29
1707429600000,520708.31
1707433200000,521164.32
1707436800000,522032.73
1707440400000,523310.04
1707444000000,524047.96
1707447600000,523379.62
1707451200000,518630.45
1707454800000,519763.04
1707458400000,521301.85
1707462000000,520906.66
1707465600000,524557.99
1707469200000,524562.16
1707472800000,521871.43
1707476400000,521240.64
1707480000000,516875.95
1707483600000,520607.25
1707487200000,527752.31
1707490800000,522051.32
1707494400000,523985.49
1707498000000,525238.88
1707501600000,530139.16
1707505200000,526847.17
1707508800000,524620.63
1707512400000,524289.71
1707516000000,525248.96
1707519600000,523381.4
1707523200000,521460.77
1707526800000,521093.75
1707530400000,521983.07
1707534000000,525408.1
1707537600000,525843.67
1707541200000,526737.29
1707544800000,524656.81
1707548400000,529200.88
1707552000000,526370.47
1707555600000,528237.84
1707559200000,529960.17
1707562800000,527471.0
1707566400000,527975.11
1707570000000,527584.56999999
1707573600000,527932.82999999
1707577200000,524986.4
1707580800000,525132.51
1707584400000,524116.34
1707588000000,523743.99
1707591600000,522141.16
1707595200000,524309.16
1707598800000,523155.51
1707602400000,525197.48
1707606000000,521920.04
1707609600000,523073.49
1707613200000,523711.2
1707616800000,523371.01
1707620400000,523184.76
1707624000000,520971.8
1707627600000,517622.27
1707631200000,517864.51
1707634800000,528062.03
1707638400000,528369.16
1707642000000,532105.07999999
1707645600000,527852.65
1707649200000,516880.33
1707652800000,517935.34
1707656400000,514489.09
1707660000000,514833.16
1707663600000,513769.69
1707667200000,514438.81
1707670800000,513407.14
1707674400000,513944.35
1707678000000,511815.27
1707681600000,512695.24
1707685200000,511884.64
1707688800000,511771.14
1707692400000,511208.06
1707696000000,511836.06
1707699600000,511865.39
1707703200000,512453.42
1707706800000,512226.99
1707710400000,516216.97
1707714000000,516190.88
1707717600000,516579.57
1707721200000,518380.0
1707724800000,522510.93
1707728400000,520828.96
1707732000000,517005.43
1707735600000,517821.13
1707739200000,515296.31
1707742800000,515840.11
1707746400000,514499.34
1707750000000,504439.89
1707753600000,506587.13
1707757200000,502237.84
1707760800000,504646.68
1707764400000,512496.41
1707768000000,510897.37
1707771600000,515505.06
1707775200000,513547.79
1707778800000,516320.81
1707782400000,517702.25
1707786000000,519184.71
1707789600000,519364.75
1707793200000,517612.93
1707796800000,522179.74
1707800400000,523978.44
1707804000000,526583.13
1707807600000,521627.86
1707811200000,523257.54
1707814800000,531466.68999999
1707818400000,539850.43999999
1707822000000,542641.15
1707825600000,541273.75
1707829200000,549677.88
1707832800000,561957.34
1707836400000,556340.86
1707840000000,556297.59
1707843600000,557315.54
1707847200000,557176.94999999
1707850800000,561480.3
1707854400000,560785.07999999
1707858000000,563298.59
1707861600000,555864.94999999
1707865200000,554873.07999999
1707868800000,553264.55
1707872400000,553110.87
1707876000000,552029.9
1707879600000,555143.65
1707883200000,560849.73
1707886800000,557563.41
1707890400000,560813.64
1707894000000,565001.61
1707897600000,565501.18
1707901200000,560835.93999999
1707904800000,563047.42
1707908400000,557654.01
1707912000000,561244.96
1707915600000,558303.0
1707919200000,559129.94999999
1707922800000,556838.9
1707926400000,550050.88
1707930000000,546186.97
1707933600000,546224.1
1707937200000,547101.11
1707940800000,552218.1
1707944400000,548750.64
1707948000000,548109.54
1707951600000,546383.68999999
1707955200000,543422.66
1707958800000,545623.12
1707962400000,536345.43999999
1707966000000,543042.13
1707969600000,546216.81
1707973200000,547400.3
1707976800000,539189.42
1707980400000,553499.17
1707984000000,548301.03
1707987600000,548303.1
1707991200000,547869.78
1707994800000,554037.46
1707998400000,552602.64
1708002000000,549661.86
1708005600000,559890.36
1708009200000,562110.26
1708012800000,565735.3
1708016400000,558205.39
1708020000000,554384.06
1708023600000,550707.17
1708027200000,553503.73
1708030800000,552604.64
1708034400000,547941.24
1708038000000,551675.55
1708041600000,552312.02
1708045200000,553002.27
1708048800000,556645.62
1708052400000,555822.54
1708056000000,556474.56
1708059600000,554419.48
1708063200000,555393.69999999
1708066800000,556763.69999999
1708070400000,549810.82999999
1708074000000,550337.1
1708077600000,549557.85
1708081200000,552324.96
1708084800000,553761.49
1708088400000,556347.03
1708092000000,548916.04
1708095600000,546706.03
1708099200000,540573.06999999
1708102800000,542043.85
1708106400000,536926.53
1708110000000,537142.01
1708113600000,528894.38
1708117200000,524659.73
1708120800000,530665.87
1708124400000,530791.55
1708128000000,527727.43999999
1708131600000,527723.87
1708135200000,524690.81
1708138800000,523848.81
1708142400000,524174.78
1708146000000,526069.11
1708149600000,526758.06999999
1708153200000,527542.24
1708156800000,526766.73
1708160400000,521970.46
1708164000000,524040.12
1708167600000,523574.64
1708171200000,523977.71
1708174800000,524357.4
1708178400000,522332.8
1708182000000,527627.03
1708185600000,530485.37
1708189200000,531286.96
1708192800000,531604.59
1708196400000,531693.25
1708200000000,530752.92
1708203600000,530578.6
1708207200000,526104.52
1708210800000,526980.04
1708214400000,528136.43999999
1708218000000,529712.28
1708221600000,529742.18
1708225200000,527052.44999999
1708228800000,527723.79
1708232400000,534243.84
1708236000000,535405.37
1708239600000,537082.32999999
1708243200000,539851.84
1708246800000,540964.34
1708250400000,535725.82999999
1708254000000,537956.79
1708257600000,537849.98
1708261200000,538414.88
1708264800000,537384.43999999
1708268400000,535712.52
1708272000000,533592.67
1708275600000,530896.87
1708279200000,528336.39
1708282800000,527999.86
1708286400000,524292.96
1708290000000,526086.67
1708293600000,535549.56999999
1708297200000,547750.21
1708300800000,545151.17
1708304400000,544047.62
1708308000000,540361.47
1708311600000,537895.77
1708315200000,545954.87
1708318800000,544794.67
1708322400000,546215.56
1708326000000,551287.48
1708329600000,554226.28
1708333200000,551524.18999999
1708336800000,557960.1
1708340400000,555298.89
1708344000000,553464.16
1708347600000,552966.52
1708351200000,551733.12
1708354800000,549949.01
1708358400000,550893.04
1708362000000,546416.15
1708365600000,554834.59
1708369200000,554028.39
1708372800000,550329.53
1708376400000,548848.35
1708380000000,551649.31999999
1708383600000,550346.32999999
1708387200000,550782.6
1708390800000,548251.05
1708394400000,550216.18
1708398000000,549727.93
1708401600000,548944.99
1708405200000,547178.01
1708408800000,546333.26
1708412400000,547495.96
1708416000000,545555.99
1708419600000,547635.19999999
1708423200000,548416.49
1708426800000,553141.73
1708430400000,557854.62
1708434000000,556381.12
1708437600000,563948.63
1708441200000,555800.74
1708444800000,553608.87
1708448400000,548461.43999999
1708452000000,538100.27
1708455600000,543027.05
1708459200000,538082.24
1708462800000,538561.21
1708466400000,541500.18
1708470000000,546027.85
1708473600000,554888.04
1708477200000,558447.24
1708480800000,559045.46
1708484400000,554381.97
1708488000000,557540.15
1708491600000,559974.82999999
1708495200000,554777.62
1708498800000,559918.41
1708502400000,565670.59
1708506000000,568827.36
1708509600000,550767.05
1708513200000,546169.37
1708516800000,546906.36
1708520400000,548719.18
1708524000000,543671.11
1708527600000,548617.71
1708531200000,550055.54
1708534800000,566337.18
1708538400000,558568.31
1708542000000,558107.78
1708545600000,553133.64
1708549200000,552186.43
1708552800000,560080.07999999
1708556400000,562196.35
1708560000000,565515.22
1708563600000,564307.27
1708567200000,553244.69999999
1708570800000,553948.87
1708574400000,556537.97
1708578000000,555123.43999999
1708581600000,556277.4
1708585200000,554521.93
1708588800000,561004.74
1708592400000,568548.14
1708596000000,569988.35
1708599600000,573817.84
1708603200000,572270.64
1708606800000,572113.68999999
1708610400000,567769.12
1708614000000,564559.69999999
1708617600000,565693.29
1708621200000,556465.55
1708624800000,559294.25
1708628400000,558187.55
1708632000000,559417.46
1708635600000,559989.39
1708639200000,547797.52
1708642800000,548044.93999999
1708646400000,541733.66
1708650000000,541754.09
1708653600000,541068.37
1708657200000,531108.67
1708660800000,530751.87
1708664400000,529297.44999999
1708668000000,525027.43
1708671600000,532314.16
1708675200000,528846.57999999
1708678800000,527230.07999999
1708682400000,529371.76
1708686000000,531416.02
1708689600000,534938.87
1708693200000,537524.41
1708696800000,538612.48
1708700400000,536845.94999999
1708704000000,526714.22
1708707600000,533866.51
1708711200000,531325.68999999
1708714800000,530112.42
1708718400000,529434.56
1708722000000,529103.89
1708725600000,528453.61
1708729200000,525228.16
1708732800000,521877.68
1708736400000,522164.36
1708740000000,522639.14
1708743600000,523753.36
1708747200000,530796.69999999
1708750800000,530698.67
1708754400000,534947.06
1708758000000,537489.3
1708761600000,537866.93999999
1708765200000,536623.94999999
1708768800000,539965.15
1708772400000,543336.32999999
1708776000000,543661.24
1708779600000,545695.97
1708783200000,546760.09
1708786800000,541684.44999999
1708790400000,543226.01
1708794000000,544598.67
1708797600000,546090.13
1708801200000,547401.68
1708804800000,548410.89
1708808400000,548911.21
1708812000000,548803.55
1708815600000,548908.0
1708819200000,550776.37
1708822800000,551303.31999999
1708826400000,548814.65
1708830000000,551913.66
1708833600000,552592.37
1708837200000,555587.34
1708840800000,560325.06999999
1708844400000,564010.41
1708848000000,562352.04
1708851600000,560689.31999999
1708855200000,559131.36
1708858800000,558880.38
1708862400000,565362.85
1708866000000,569119.05
1708869600000,570813.18
1708873200000,579567.21
1708876800000,574089.04
1708880400000,571503.24
1708884000000,570086.22
1708887600000,570729.48
1708891200000,581881.42
1708894800000,582827.51
1708898400000,580316.67
1708902000000,582321.75
1708905600000,584173.68
1708909200000,579962.59
1708912800000,583136.78
1708916400000,581809.06
1708920000000,583346.8
1708923600000,584224.27
1708927200000,581281.68999999
1708930800000,580030.81999999
1708934400000,575559.01
1708938000000,578083.56
1708941600000,575643.46
1708945200000,580982.09
1708948800000,576351.24
1708952400000,584295.11
1708956000000,587035.82999999
1708959600000,589770.43
1708963200000,590939.21
1708966800000,588563.68
1708970400000,586971.73
1708974000000,578175.56
1708977600000,579912.37
1708981200000,583904.65
1708984800000,578663.47
1708988400000,576942.67
1708992000000,575955.36
1708995600000,577016.16
1708999200000,576464.8
1709002800000,567135.82999999
1709006400000,558571.57999999
1709010000000,554536.57999999
1709013600000,554963.54
1709017200000,559283.71
1709020800000,553388.04
1709024400000,548451.14
1709028000000,551856.73
1709031600000,552119.02
1709035200000,546774.39
1709038800000,545115.04
1709042400000,543433.9
1709046000000,541740.4
1709049600000,534346.02
1709053200000,530416.87
1709056800000,531385.53
1709060400000,530590.19999999
1709064000000,530336.05
1709067600000,530753.22
1709071200000,530384.41
1709074800000,526298.9
1709078400000,527832.54
1709082000000,530074.26
1709085600000,528514.66
1709089200000,528873.86
1709092800000,527661.05
1709096400000,530914.73
1709100000000,531059.28
1709103600000,533928.65
1709107200000,538451.14
1709110800000,545728.28
1709114400000,551388.91
1709118000000,535627.44999999
1709121600000,529012.73
1709125200000,535973.78
1709128800000,538166.27
1709132400000,534493.84
1709136000000,535133.18999999
1709139600000,527071.23
1709143200000,494498.53
1709146800000,493378.83
1709150400000,496974.73
1709154000000,501312.49
1709157600000,504238.26
1709161200000,500323.84
1709164800000,497836.12
1709168400000,508175.57
1709172000000,509830.82
1709175600000,508231.65
1709179200000,511311.44
1709182800000,513616.97
1709186400000,512137.36
1709190000000,512390.64
1709193600000,510845.95
1709197200000,506747.65
1709200800000,504418.57
1709204400000,507256.01
1709208000000,514090.89
1709211600000,512628.72
1709215200000,512212.15
1709218800000,509385.76
1709222400000,506647.18
1709226000000,499668.36
1709229600000,494348.79
1709233200000,491123.62
1709236800000,498060.66
1709240400000,500194.59
1709244000000,488560.3
1709247600000,493715.02
1709251200000,499386.5
1709254800000,504107.45
1709258400000,508424.46
1709262000000,509519.16
1709265600000,511021.24
1709269200000,508605.16
1709272800000,509403.56
1709276400000,510146.79
1709280000000,511684.91
1709283600000,497204.04
1709287200000,498324.62
1709290800000,497080.13
1709294400000,499313.14
1709298000000,503968.48
1709301600000,499708.0
1709305200000,489391.71
1709308800000,488155.07
1709312400000,492519.48
1709316000000,490938.89
1709319600000,488318.53
1709323200000,486310.48
1709326800000,480652.19
1709330400000,479424.54
1709334000000,479691.12
1709337600000,479588.48
1709341200000,480928.03
1709344800000,480619.59
1709348400000,480326.33
1709352000000,480119.4
1709355600000,479175.08
1709359200000,478422.76
1709362800000,480515.0
1709366400000,477982.35
1709370000000,473815.25
1709373600000,471267.49
1709377200000,471553.56
1709380800000,474930.68
1709384400000,474651.93
1709388000000,473337.52
1709391600000,477521.69
1709395200000,479989.6
1709398800000,481797.25
1709402400000,483329.82
1709406000000,485564.9
1709409600000,485515.37
1709413200000,483691.79
1709416800000,482584.82
1709420400000,483261.2
1709424000000,482861.78
1709427600000,483014.27
1709431200000,483713.0
1709434800000,482661.22
1709438400000,483132.9
1709442000000,484151.28
1709445600000,482755.05
1709449200000,482761.03
1709452800000,482678.64
1709456400000,483298.59
1709460000000,485352.33
1709463600000,484104.24
1709467200000,484830.79
1709470800000,486771.9
1709474400000,488210.28
1709478000000,488404.48
1709481600000,490194.9
1709485200000,480180.0
1709488800000,478133.22
1709492400000,478156.92
1709496000000,477539.67
1709499600000,476446.26
1709503200000,473144.86
1709506800000,472006.76
1709510400000,474409.98
1709514000000,468984.86
1709517600000,469573.0
1709521200000,468316.31
1709524800000,469677.2
1709528400000,470569.45
1709532000000,468691.54
1709535600000,468006.16
1709539200000,469628.7
1709542800000,473625.52
1709546400000,479447.4
1709550000000,480918.93
1709553600000,482532.98
1709557200000,478993.34
1709560800000,474869.21
1709564400000,474367.94
1709568000000,479649.55
1709571600000,474594.36
1709575200000,475665.09
1709578800000,483390.98
1709582400000,477519.22
1709586000000,472463.85
1709589600000,468473.57
1709593200000,468872.31
1709596800000,469151.54
1709600400000,467136.28
1709604000000,471009.6
1709607600000,465393.44
1709611200000,469569.82
1709614800000,483678.73
1709618400000,497930.21
1709622000000,501017.82
1709625600000,499475.94
1709629200000,502810.23
1709632800000,499096.73
1709636400000,499733.07
1709640000000,508643.63
1709643600000,509356.36
1709647200000,513609.24
1709650800000,516734.13
1709654400000,527138.99
1709658000000,522691.32
1709661600000,512830.87
1709665200000,517884.15
1709668800000,493378.78
1709672400000,502338.73
1709676000000,495490.25
1709679600000,506971.74
1709683200000,510529.57
1709686800000,512389.01
1709690400000,512609.14
1709694000000,506535.42
1709697600000,506424.24
1709701200000,493103.9
1709704800000,504658.17
1709708400000,504644.23
1709712000000,508402.36
1709715600000,505353.39
1709719200000,511943.99
1709722800000,518707.65
1709726400000,524445.4
1709730000000,512032.56
1709733600000,517533.46
1709737200000,510317.2
1709740800000,508505.46
1709744400000,502623.32
1709748000000,502921.18
1709751600000,502749.59
1709755200000,506617.56
1709758800000,509515.61
1709762400000,507157.87
1709766000000,501859.66
1709769600000,502229.81
1709773200000,501821.04
1709776800000,502563.14
1709780400000,506128.6
1709784000000,507017.12
1709787600000,506236.3
1709791200000,493174.98
1709794800000,501953.77
1709798400000,500063.24
1709802000000,499938.81
1709805600000,499349.97
1709809200000,500759.25
1709812800000,501158.75
1709816400000,499609.59
1709820000000,498811.61
1709823600000,494171.5
1709827200000,490615.39
1709830800000,489204.65
1709834400000,485896.93
1709838000000,485595.98
1709841600000,486935.88
1709845200000,488206.95
1709848800000,486818.66
1709852400000,486197.75
1709856000000,483877.13
1709859600000,485299.26
1709863200000,488950.75
1709866800000,487558.26
1709870400000,489401.21
1709874000000,488613.18
1709877600000,490610.75
1709881200000,489295.66
1709884800000,491731.93
1709888400000,500612.56
1709892000000,506629.72
1709895600000,506506.14
1709899200000,502383.64
1709902800000,500929.24
1709906400000,498393.27
1709910000000,500070.45
1709913600000,505976.64
1709917200000,517173.21
1709920800000,509800.75
1709924400000,506770.06
1709928000000,508011.77
1709931600000,506839.28
1709935200000,503186.71
1709938800000,507209.77
1709942400000,510901.75
1709946000000,513174.86
1709949600000,513128.08
1709953200000,513204.79
1709956800000,511580.97
1709960400000,513862.08
1709964000000,513246.76
1709967600000,507743.77
1709971200000,504442.68
1709974800000,505971.88
1709978400000,507562.11
1709982000000,509187.32
1709985600000,509379.68
1709989200000,509951.56
1709992800000,509370.92
1709996400000,505743.16
1710000000000,505054.99
1710003600000,504368.73
1710007200000,505395.2
1710010800000,506854.49
1710014400000,507272.55
1710018000000,505364.66
1710021600000,505420.11
1710025200000,504689.28
1710028800000,504302.39
1710032400000,503664.71
1710036000000,496544.37
1710039600000,496340.37
1710043200000,494962.59
1710046800000,494836.08
1710050400000,495671.43
1710054000000,495724.91
1710057600000,497182.71
1710061200000,495113.63
1710064800000,496375.17
1710068400000,498500.04
1710072000000,497006.68
1710075600000,497575.55
1710079200000,489910.31
1710082800000,486869.07
1710086400000,486030.95
1710090000000,488568.1
1710093600000,487762.59
1710097200000,486432.71
1710100800000,488488.44
1710104400000,489228.5
1710108000000,488261.37
1710111600000,486270.26
1710115200000,490484.83
1710118800000,488313.3
1710122400000,494326.43
1710126000000,492907.18
1710129600000,491911.69
1710133200000,492816.8
1710136800000,492482.44
1710140400000,494975.77
1710144000000,489119.24
1710147600000,494699.53
1710151200000,491513.59
1710154800000,491696.06
1710158400000,487154.04
1710162000000,500053.78
1710165600000,503360.15
1710169200000,506336.18
1710172800000,505244.52
1710176400000,501242.78
1710180000000,499964.4
1710183600000,493283.53
1710187200000,490531.11
1710190800000,487643.78
1710194400000,484692.32
1710198000000,484874.77
1710201600000,485811.82
1710205200000,482162.85
1710208800000,480502.52
1710212400000,480065.56
1710216000000,474482.09
1710219600000,476134.83
1710223200000,476078.95
1710226800000,476315.85
1710230400000,479662.72
1710234000000,482512.94
1710237600000,482340.55
1710241200000,481970.43
1710244800000,486976.28
1710248400000,486549.37
1710252000000,485834.53
1710255600000,486095.98
1710259200000,487538.14
1710262800000,491149.0
1710266400000,492787.78
1710270000000,492529.41
1710273600000,492641.38
1710277200000,490643.32
1710280800000,489546.93
1710284400000,490926.02
1710288000000,493284.31
1710291600000,493653.67
1710295200000,492301.02
1710298800000,495181.68
1710302400000,497042.74
1710306000000,495373.31
1710309600000,495777.19
1710313200000,500708.33
1710316800000,496730.31
1710320400000,502093.21
1710324000000,501018.3
1710327600000,504880.43
1710331200000,507814.88
1710334800000,499487.01
1710338400000,501087.97
1710342000000,499940.87
1710345600000,504959.38
1710349200000,507070.45
1710352800000,508945.72
1710356400000,512153.71
1710360000000,510939.55
1710363600000,508427.5
1710367200000,508059.02
1710370800000,507497.97
1710374400000,505303.43
1710378000000,506051.05
1710381600000,511638.69
1710385200000,508617.15
1710388800000,508841.02
1710392400000,510480.32
1710396000000,514556.57
1710399600000,512448.05
1710403200000,515576.46
1710406800000,515484.23
1710410400000,513975.72
1710414000000,511957.06
1710417600000,518191.71
1710421200000,519886.48
1710424800000,528840.54
1710428400000,531467.99
1710432000000,534210.18
1710435600000,538201.66
1710439200000,537240.27
1710442800000,524567.06999999
1710446400000,519204.47
1710450000000,516791.63
1710453600000,517113.7
1710457200000,520847.13
1710460800000,517755.98
1710464400000,509676.47
1710468000000,508519.74
1710471600000,504521.05
1710475200000,500613.94
1710478800000,501039.39
1710482400000,503981.53
1710486000000,504637.34
1710489600000,504737.5
1710493200000,512074.69
1710496800000,499907.49
1710500400000,501851.71
1710504000000,505180.68
1710507600000,507826.48
1710511200000,504886.17
1710514800000,504464.58
1710518400000,506007.17
1710522000000,503984.69
1710525600000,504476.62
1710529200000,501687.25
1710532800000,508573.36
1710536400000,501536.55
1710540000000,507533.82
1710543600000,505912.54
1710547200000,501773.46
1710550800000,500298.33
1710554400000,499305.58
1710558000000,497988.28
1710561600000,497504.54
1710565200000,500330.24
1710568800000,504371.85
1710572400000,501122.27
1710576000000,499698.71
1710579600000,499556.11
1710583200000,499766.66
1710586800000,500572.11
1710590400000,501546.31
1710594000000,502048.5
1710597600000,505237.53
1710601200000,502462.78
1710604800000,506667.82
1710608400000,506001.76
1710612000000,508096.8
1710615600000,514827.39
1710619200000,515379.65
1710622800000,514416.46
1710626400000,510885.55
1710630000000,511955.97
1710633600000,512804.47
1710637200000,512267.58
1710640800000,513104.74
1710644400000,513845.32
1710648000000,515727.6
1710651600000,517245.57
1710655200000,520937.24
1710658800000,518924.79
1710662400000,516832.3
1710666000000,496500.55
1710669600000,506505.18
1710673200000,507303.74
1710676800000,505030.15
1710680400000,512698.86
1710684000000,512336.35
1710687600000,513454.7
1710691200000,507153.81
1710694800000,506058.26
1710698400000,505777.57
1710702000000,505544.63
1710705600000,506203.93
1710709200000,506271.61
1710712800000,507940.03
1710716400000,513094.99
1710720000000,514155.14
1710723600000,506885.3
1710727200000,506771.91
1710730800000,507564.16
1710734400000,507788.29
1710738000000,505678.15
1710741600000,506016.25
1710745200000,507379.38
1710748800000,506348.33
1710752400000,506214.47
1710756000000,501434.25
1710759600000,500713.95
1710763200000,500846.28
1710766800000,501782.45
1710770400000,515087.11
1710774000000,514245.6
1710777600000,516713.53
1710781200000,514771.33
1710784800000,510261.43
1710788400000,509962.64
1710792000000,508254.44
1710795600000,508290.23
1710799200000,509199.86
1710802800000,508558.81
1710806400000,507767.54
1710810000000,502820.47
1710813600000,508719.76
1710817200000,516093.47
1710820800000,507960.98
1710824400000,512829.68
1710828000000,511387.28
1710831600000,515369.43
1710835200000,524046.61
1710838800000,511955.26
1710842400000,513924.7
1710846000000,516149.34
1710849600000,517979.94
1710853200000,531099.07999999
1710856800000,527298.13
1710860400000,533999.0
1710864000000,535922.01
1710867600000,534815.68
1710871200000,530015.06999999
1710874800000,527427.75
1710878400000,532785.97
1710882000000,525932.61
1710885600000,526874.73
1710889200000,524834.42
1710892800000,543060.39
1710896400000,542956.46
1710900000000,538820.09
1710903600000,538325.56
1710907200000,539797.37
1710910800000,518668.04
1710914400000,519022.94
1710918000000,516261.08
1710921600000,519223.47
1710925200000,532555.65
1710928800000,538856.8
1710932400000,542164.66
1710936000000,542794.61
1710939600000,550100.85
1710943200000,550163.98
1710946800000,554343.98
1710950400000,560256.36
1710954000000,561839.29
1710957600000,545206.22
1710961200000,562550.56
1710964800000,567789.62
1710968400000,562981.3
1710972000000,564098.64
1710975600000,554295.55
1710979200000,563490.36
1710982800000,555070.21
1710986400000,555392.89
1710990000000,554806.81999999
1710993600000,553327.6
1710997200000,558005.62
1711000800000,559474.41
1711004400000,560771.68
1711008000000,559232.54
1711011600000,567057.32999999
1711015200000,563914.13
1711018800000,565681.55
1711022400000,560341.18
1711026000000,568813.8
1711029600000,558585.81999999
1711033200000,556111.52
1711036800000,552717.22
1711040400000,553089.73
1711044000000,543146.68999999
1711047600000,543280.31999999
1711051200000,551153.14
1711054800000,552990.59
1711058400000,552710.94999999
1711062000000,549854.07999999
1711065600000,550367.18
1711069200000,550971.35
1711072800000,549774.49
1711076400000,550851.56999999
1711080000000,552768.02
1711083600000,550891.81999999
1711087200000,553855.42
1711090800000,557421.28
1711094400000,558592.02
1711098000000,556407.1
1711101600000,554572.22
1711105200000,556790.04
1711108800000,556663.43
1711112400000,554527.53
1711116000000,544014.89
1711119600000,546818.34
1711123200000,551694.37
1711126800000,549177.92
1711130400000,548590.77
1711134000000,548490.62
1711137600000,551627.1
1711141200000,558302.8
1711144800000,547840.04
1711148400000,548963.79
1711152000000,549563.88
1711155600000,549732.98
1711159200000,551712.24
1711162800000,552305.52
1711166400000,549174.91
1711170000000,550958.29
1711173600000,551847.57999999
1711177200000,552028.49
1711180800000,553160.9
1711184400000,551838.84
1711188000000,552375.69999999
1711191600000,562194.5
1711195200000,563922.72
1711198800000,566948.96
1711202400000,568155.03
1711206000000,564204.17
1711209600000,564267.14
1711213200000,567011.66
1711216800000,568181.72
1711220400000,568584.9
1711224000000,565164.98
1711227600000,564604.46
1711231200000,560737.89
1711234800000,560843.56
1711238400000,556383.56999999
1711242000000,555641.49
1711245600000,554865.29
1711249200000,555347.39
1711252800000,556321.27
1711256400000,552708.76
1711260000000,553544.24
1711263600000,553904.41
1711267200000,553434.65
1711270800000,554865.18
1711274400000,554857.94999999
1711278000000,555922.52
1711281600000,556787.16
1711285200000,555497.43999999
1711288800000,555761.81999999
1711292400000,554476.56999999
1711296000000,554210.0
1711299600000,554517.46
1711303200000,552524.56
1711306800000,553032.36
1711310400000,552523.06
1711314000000,555776.14
1711317600000,556171.98
1711321200000,556952.81999999
1711324800000,558919.32999999
1711328400000,560129.09
1711332000000,556725.84
1711335600000,558597.18999999
1711339200000,558291.72
1711342800000,559987.75
1711346400000,563953.07999999
1711350000000,562626.96
1711353600000,560303.97
1711357200000,560151.37
1711360800000,562732.15
1711364400000,562627.53
1711368000000,562696.59
1711371600000,561946.9
1711375200000,563324.16
1711378800000,572489.93999999
1711382400000,571041.85
1711386000000,562473.38
1711389600000,560710.71
1711393200000,561643.64
1711396800000,559743.12
1711400400000,558655.18
1711404000000,555824.82999999
1711407600000,558466.8
1711411200000,556681.18999999
1711414800000,556407.89
1711418400000,560430.43
1711422000000,559538.02
1711425600000,556088.75
1711429200000,557776.31
1711432800000,557242.3
1711436400000,559215.55
1711440000000,560878.81999999
1711443600000,559324.9
1711447200000,561280.96
1711450800000,561566.74
1711454400000,559368.24
1711458000000,563694.18
1711461600000,565447.98
1711465200000,557326.92
1711468800000,557264.23
1711472400000,556766.0
1711476000000,558575.14
1711479600000,560338.43999999
1711483200000,562709.43999999
1711486800000,562423.91
1711490400000,568835.04
1711494000000,568321.51
1711497600000,568818.73
1711501200000,568591.44999999
1711504800000,568764.3
1711508400000,569979.74
1711512000000,569946.62
1711515600000,568813.56
1711519200000,569264.87
1711522800000,569413.53
1711526400000,571087.47
1711530000000,572779.54
1711533600000,570233.49
1711537200000,574055.84
1711540800000,576591.59
1711544400000,576740.67
1711548000000,581142.37
1711551600000,560702.28
1711555200000,565935.55
1711558800000,560832.43
1711562400000,557116.26
1711566000000,553631.72
1711569600000,551894.42
1711573200000,553217.85
1711576800000,553053.81
1711580400000,553388.38
1711584000000,554920.96
1711587600000,554368.96
1711591200000,554013.02
1711594800000,551446.93999999
1711598400000,551101.69999999
1711602000000,551598.36
1711605600000,554395.43
1711609200000,556881.93999999
1711612800000,559870.21
1711616400000,561011.22
1711620000000,566485.43
1711623600000,565706.89
1711627200000,566915.93999999
1711630800000,566184.84
1711634400000,565110.55
1711638000000,566403.94999999
1711641600000,561420.41
1711645200000,558777.72
1711648800000,553367.59
1711652400000,553737.21
1711656000000,554373.99
1711659600000,553236.56999999
1711663200000,553679.51
1711666800000,553268.81999999
1711670400000,552004.01
1711674000000,551959.04
1711677600000,550646.16
1711681200000,549904.86
1711684800000,549050.05
1711688400000,554604.32999999
1711692000000,554673.68999999
1711695600000,555846.21
1711699200000,553386.18999999
1711702800000,558133.13
1711706400000,564740.57999999
1711710000000,562620.0
1711713600000,561258.71
1711717200000,562031.22
1711720800000,565383.97
1711724400000,563824.71
1711728000000,560050.42
1711731600000,558915.09
1711735200000,558162.78
1711738800000,558355.17
1711742400000,559149.76
1711746000000,559411.68999999
1711749600000,556616.89
1711753200000,555701.51
1711756800000,559652.55
1711760400000,557187.99
1711764000000,556578.29
1711767600000,558318.49
1711771200000,559336.46
1711774800000,555721.68999999
1711778400000,555530.31
1711782000000,555246.3
1711785600000,553825.65
1711789200000,556006.44999999
1711792800000,556696.79
1711796400000,567194.8
1711800000000,568891.06
1711803600000,570473.28
1711807200000,570492.65
1711810800000,569479.65
1711814400000,569013.25
1711818000000,571404.05
1711821600000,570539.06
1711825200000,572105.91
1711828800000,570372.81999999
1711832400000,570812.46
1711836000000,570658.54
1711839600000,569582.43999999
1711843200000,570731.12
1711846800000,571359.9
1711850400000,570516.78
1711854000000,569549.64
1711857600000,569945.57999999
1711861200000,569490.32999999
1711864800000,575145.57999999
1711868400000,579184.74
1711872000000,584580.52
1711875600000,588046.43999999
1711879200000,585092.8
1711882800000,583066.6
1711886400000,585878.23
1711890000000,583746.8
1711893600000,580573.11
1711897200000,577646.96
1711900800000,576292.52
1711904400000,577096.46
1711908000000,577337.56999999
1711911600000,572080.12
1711915200000,571050.85
1711918800000,572981.96
1711922400000,572075.35
1711926000000,572351.55
1711929600000,573743.24
1711933200000,571384.6
1711936800000,570286.84
1711940400000,568929.1
1711944000000,570190.85
1711947600000,567812.09
1711951200000,558283.54
1711954800000,563097.66
1711958400000,561928.79
1711962000000,554443.28
1711965600000,554415.07999999
1711969200000,557361.97
1711972800000,560154.43999999
1711976400000,573531.84
1711980000000,584925.97
1711983600000,587078.9
1711987200000,582474.78
1711990800000,587108.14
1711994400000,577783.06
1711998000000,581705.87
1712001600000,579985.8
1712005200000,579079.12
1712008800000,574576.78
1712012400000,574067.43999999
1712016000000,572782.35
1712019600000,568807.15
1712023200000,569000.41
1712026800000,540076.51
1712030400000,547787.65
1712034000000,548523.89
1712037600000,551010.65
1712041200000,556050.02
1712044800000,560237.35
1712048400000,557524.84
1712052000000,555871.82999999
1712055600000,550657.17
1712059200000,549757.17
1712062800000,554416.36
1712066400000,542184.4
1712070000000,553154.19999999
1712073600000,541208.73
1712077200000,550546.6
1712080800000,547151.67
1712084400000,549743.42
1712088000000,551909.77
1712091600000,549240.36
1712095200000,544007.25
1712098800000,545700.56
1712102400000,546072.94999999
1712106000000,544329.34
1712109600000,547288.24
1712113200000,546663.46
1712116800000,547456.63
1712120400000,549294.89
1712124000000,551872.99
1712127600000,551025.66
1712131200000,548574.56
1712134800000,550114.68999999
1712138400000,554908.6
1712142000000,552483.24
1712145600000,549616.15
1712149200000,552460.55
1712152800000,556273.15
1712156400000,564866.35
1712160000000,551759.35
1712163600000,556254.36
1712167200000,546427.48
1712170800000,553872.14
1712174400000,548317.48
1712178000000,550137.37
1712181600000,555781.78
1712185200000,550341.55
1712188800000,549437.47
1712192400000,549355.52
1712196000000,546282.31999999
1712199600000,546994.43999999
1712203200000,550865.18999999
1712206800000,545576.77
1712210400000,541494.54
1712214000000,545049.96
1712217600000,551476.65
1712221200000,552503.49
1712224800000,552033.23
1712228400000,559116.63
1712232000000,560962.75
1712235600000,563573.11
1712239200000,556057.57999999
1712242800000,555153.37
1712246400000,557332.8
1712250000000,555924.25
1712253600000,555224.34
1712257200000,550973.8
1712260800000,558640.35
1712264400000,542616.66
1712268000000,545151.96
1712271600000,548282.92
1712275200000,548620.85
1712278800000,550815.71
1712282400000,550566.53
1712286000000,549529.65
1712289600000,545075.01
1712293200000,550264.57999999
1712296800000,554595.65
1712300400000,543999.05
1712304000000,544003.75
1712307600000,542227.85
1712311200000,545452.93
1712314800000,549482.73
1712318400000,548922.47
1712322000000,534968.67
1712325600000,551081.31999999
1712329200000,563922.31
1712332800000,564047.18
1712336400000,554824.85
1712340000000,549793.65
1712343600000,548145.64
1712347200000,546068.68999999
1712350800000,548375.11
1712354400000,547818.05
1712358000000,543037.72
1712361600000,544218.68
1712365200000,543586.43999999
1712368800000,542511.15
1712372400000,542323.65
1712376000000,542446.55
1712379600000,541665.6
1712383200000,541577.04
1712386800000,542114.24
1712390400000,541715.96
1712394000000,542854.35
1712397600000,543181.81999999
1712401200000,543985.56
1712404800000,542739.43
1712408400000,542190.26
1712412000000,541871.66
1712415600000,541854.66
1712419200000,542893.69999999
1712422800000,543273.09
1712426400000,545582.55
1712430000000,545944.41
1712433600000,545985.56
1712437200000,547050.29
1712440800000,545676.81999999
1712444400000,549327.14
1712448000000,545276.47
1712451600000,546814.9
1712455200000,551003.68999999
1712458800000,552956.35
1712462400000,553407.06999999
1712466000000,552501.56
1712469600000,552925.02
1712473200000,553718.8
1712476800000,554267.65
1712480400000,553188.56999999
1712484000000,551707.27
1712487600000,551202.96
1712491200000,551523.15
1712494800000,556004.28
1712498400000,558217.12
1712502000000,559143.16
1712505600000,559092.63
1712509200000,556690.98
1712512800000,552747.22
1712516400000,552544.43999999
1712520000000,553663.0
1712523600000,553270.25
1712527200000,555024.47
1712530800000,559934.41
1712534400000,562070.84
1712538000000,564724.47
1712541600000,562482.54
1712545200000,560885.5
1712548800000,560032.39
1712552400000,559224.5
1712556000000,563064.68999999
1712559600000,563440.66
1712563200000,561459.68
1712566800000,573491.71
1712570400000,581167.76
1712574000000,579324.16
1712577600000,581648.73
1712581200000,582746.87
1712584800000,592131.74
1712588400000,579367.73
1712592000000,582177.28
1712595600000,584147.49
1712599200000,585731.57999999
1712602800000,581020.88
1712606400000,582134.91
1712610000000,582607.24
1712613600000,584216.39
1712617200000,584845.63
1712620800000,582443.1
1712624400000,582062.38
1712628000000,590096.89
1712631600000,590140.48
1712635200000,586295.14
1712638800000,587448.18999999
1712642400000,584141.03
1712646000000,576600.87
1712649600000,588862.4
1712653200000,576314.63
1712656800000,578205.71
1712660400000,579918.84
1712664000000,578348.55
1712667600000,578349.25
1712671200000,574998.02
1712674800000,567093.3
1712678400000,574438.27
1712682000000,570534.46
1712685600000,574654.51
1712689200000,575302.32999999
1712692800000,572360.82999999
1712696400000,569002.46
1712700000000,570362.31999999
1712703600000,571619.71
1712707200000,563697.06999999
1712710800000,569023.92
1712714400000,561453.54
1712718000000,558426.68999999
1712721600000,558519.34
1712725200000,561776.22
1712728800000,563920.87
1712732400000,564665.31
1712736000000,565417.37
1712739600000,561776.24
1712743200000,559541.64
1712746800000,557006.27
1712750400000,558946.68999999
1712754000000,564168.42
1712757600000,563904.61
1712761200000,561534.28
1712764800000,562629.31
1712768400000,563892.69999999
1712772000000,556762.75
1712775600000,558439.5
1712779200000,555013.92
1712782800000,556913.85
1712786400000,559643.93
1712790000000,558313.23
1712793600000,555809.76
1712797200000,555270.42
1712800800000,555675.75
1712804400000,554086.24
1712808000000,553580.73
1712811600000,553369.51
1712815200000,552395.91
1712818800000,552010.62
1712822400000,548929.78
1712826000000,551383.5
1712829600000,550871.49
1712833200000,551292.02
1712836800000,548214.01
1712840400000,552881.24
1712844000000,545598.19999999
1712847600000,537725.89
1712851200000,541402.54
1712854800000,544526.37
1712858400000,544346.06
1712862000000,548348.31
1712865600000,549059.04
1712869200000,550090.37
1712872800000,542841.63
1712876400000,545015.44999999
1712880000000,543830.61
1712883600000,545514.18999999
1712887200000,545023.44999999
1712890800000,545257.02
1712894400000,544599.93999999
1712898000000,544880.63
1712901600000,543653.02
1712905200000,542423.35
1712908800000,542639.82999999
1712912400000,543160.43
1712916000000,543050.68999999
1712919600000,548187.39
1712923200000,549727.07999999
1712926800000,548537.93
1712930400000,545126.91
1712934000000,543270.17
1712937600000,545993.26
1712941200000,550314.62
1712944800000,540883.14
1712948400000,539315.48
1712952000000,532468.61
1712955600000,535003.41
1712959200000,538522.97
1712962800000,539871.3
1712966400000,538915.97
1712970000000,538936.55
1712973600000,538431.72
1712977200000,534525.15
1712980800000,529982.16
1712984400000,525743.18
1712988000000,524970.64
1712991600000,527015.31
1712995200000,525271.37
1712998800000,525300.44999999
1713002400000,525200.19999999
1713006000000,527257.73
1713009600000,525591.39
1713013200000,527504.34
1713016800000,529828.42
1713020400000,527239.06999999
1713024000000,528820.57999999
1713027600000,525793.43999999
1713031200000,526603.0
1713034800000,524782.46
1713038400000,513740.14
1713042000000,510494.6
1713045600000,511765.38
1713049200000,503729.25
1713052800000,499355.21
1713056400000,499017.97
1713060000000,505742.21
1713063600000,507314.51
1713067200000,512844.19
1713070800000,511914.16
1713074400000,510838.98
1713078000000,514465.4
1713081600000,516722.03
1713085200000,515917.37
1713088800000,516533.02
1713092400000,520450.18
1713096000000,522072.01
1713099600000,523584.73
1713103200000,523860.72
1713106800000,520908.68
1713110400000,520672.2
1713114000000,518143.53
1713117600000,507522.32
1713121200000,508106.18
1713124800000,507962.62
1713128400000,507639.89
1713132000000,505950.26
1713135600000,516525.2
1713139200000,511481.16
1713142800000,510256.6
1713146400000,514942.38
1713150000000,513462.59
1713153600000,517317.03
1713157200000,513950.99
1713160800000,515048.05
1713164400000,518429.55
1713168000000,514465.82
1713171600000,516866.89
1713175200000,514974.06
1713178800000,516068.14
1713182400000,515089.72
1713186000000,512044.21
1713189600000,509361.93
1713193200000,503916.48
1713196800000,509196.87
1713200400000,509531.01
1713204000000,508233.74
1713207600000,503671.49
1713211200000,506589.47
1713214800000,508042.45
1713218400000,515009.99
1713222000000,512049.87
1713225600000,510789.93
1713229200000,507295.72
1713232800000,505284.6
1713236400000,505247.42
1713240000000,505281.78
1713243600000,501618.11
1713247200000,503146.38
1713250800000,507708.3
1713254400000,503426.96
1713258000000,504247.53
1713261600000,502337.12
1713265200000,513184.31
1713268800000,510736.2
1713272400000,513044.12
1713276000000,514984.16
1713279600000,509168.44
1713283200000,514479.08
1713286800000,515450.16
1713290400000,514160.48
1713294000000,516773.24
1713297600000,516164.94
1713301200000,516973.56
1713304800000,516110.87
1713308400000,513168.61
1713312000000,514205.6
1713315600000,515601.29
1713319200000,516088.8
1713322800000,517151.79
1713326400000,516499.07
1713330000000,520109.66
1713333600000,518755.11
1713337200000,526736.87
1713340800000,523863.24
1713344400000,514224.43
1713348000000,513394.7
1713351600000,521377.88
1713355200000,513807.96
1713358800000,513919.11
1713362400000,518884.62
1713366000000,509773.96
1713369600000,511435.97
1713373200000,511271.14
1713376800000,513575.12
1713380400000,518421.7
1713384000000,526544.79
1713387600000,523333.84
1713391200000,525533.77
1713394800000,527119.43
1713398400000,526771.96
1713402000000,528136.5
1713405600000,527470.72
1713409200000,527843.1
1713412800000,529714.24
1713416400000,523999.78
1713420000000,510439.28
1713423600000,514070.69
1713427200000,516310.9
1713430800000,515153.26
1713434400000,511569.67
1713438000000,509803.07
1713441600000,516651.03
1713445200000,514273.18
1713448800000,513517.2
1713452400000,498792.94
1713456000000,509087.14
1713459600000,510239.37
1713463200000,494222.75
1713466800000,504504.57
1713470400000,496284.54
1713474000000,509391.7
1713477600000,509388.81
1713481200000,508073.73
1713484800000,508679.36
1713488400000,505604.72
1713492000000,516334.14
1713495600000,516901.43
1713499200000,513046.71
1713502800000,524568.5
1713506400000,518407.51
1713510000000,518202.68
1713513600000,535671.92
1713517200000,530428.41
1713520800000,530583.41
1713524400000,535667.61
1713528000000,537737.61
1713531600000,534496.22
1713535200000,534270.54
1713538800000,530877.26
1713542400000,528157.67
1713546000000,521112.3
1713549600000,518961.35
1713553200000,522322.64
1713556800000,526640.81
1713560400000,514418.84
1713564000000,520716.45
1713567600000,513091.34
1713571200000,511799.82
1713574800000,509472.06
1713578400000,508728.96
1713582000000,507590.86
1713585600000,508719.44
1713589200000,509439.9
1713592800000,510575.13
1713596400000,511525.18
1713600000000,512167.93
1713603600000,511442.87
1713607200000,507637.06
1713610800000,506293.98
1713614400000,505958.33
1713618000000,506741.97
1713621600000,504647.87
1713625200000,504060.94
1713628800000,506030.84
1713632400000,506626.78
1713636000000,504027.49
1713639600000,505830.45
1713643200000,502964.25
1713646800000,498637.74
1713650400000,500184.47
1713654000000,499364.8
1713657600000,501297.95
1713661200000,499432.9
1713664800000,499777.17
1713668400000,499685.56
1713672000000,499316.45
1713675600000,500248.07
1713679200000,501745.23
1713682800000,507770.15
1713686400000,510144.39
1713690000000,509635.33
1713693600000,511246.41
1713697200000,505133.02
1713700800000,503448.18
1713704400000,501797.57
1713708000000,501299.57
1713711600000,501187.0
1713715200000,501068.53
1713718800000,503865.43
1713722400000,505549.16
1713726000000,505700.03
1713729600000,506837.05
1713733200000,503562.14
1713736800000,503025.13
1713740400000,505976.19
1713744000000,505837.05
1713747600000,506001.02
1713751200000,514641.68
1713754800000,519314.48
1713758400000,510903.43
1713762000000,513241.9
1713765600000,513860.92
1713769200000,509730.91
1713772800000,508713.92
1713776400000,509870.75
1713780000000,510624.04
1713783600000,511862.65
1713787200000,508805.95
1713790800000,512643.26
1713794400000,501041.48
1713798000000,498983.53
1713801600000,498974.33
1713805200000,497839.34
1713808800000,501889.51
1713812400000,508518.79
1713816000000,511082.75
1713819600000,500812.0
1713823200000,500883.69
1713826800000,495883.82
1713830400000,500935.7
1713834000000,501448.6
1713837600000,500617.79
1713841200000,499195.69
1713844800000,498343.61
1713848400000,498402.2
1713852000000,497185.11
1713855600000,500679.91
1713859200000,500289.51
1713862800000,499312.25
1713866400000,498766.09
1713870000000,498504.21
1713873600000,496978.82
1713877200000,495513.87
1713880800000,498326.32
1713884400000,510674.43
1713888000000,512283.87
1713891600000,511547.92
1713895200000,511003.93
1713898800000,509055.02
1713902400000,504913.9
1713906000000,500397.02
1713909600000,500536.81
1713913200000,501211.17
1713916800000,500822.55
1713920400000,499911.34
1713924000000,501129.28
1713927600000,505376.31
1713931200000,507363.99
1713934800000,506840.73
1713938400000,507928.45
1713942000000,508981.95
1713945600000,508631.52
1713949200000,508859.83
1713952800000,508915.56
1713956400000,510149.83
1713960000000,514029.04
1713963600000,511342.38
1713967200000,514445.21
1713970800000,514176.6
1713974400000,511764.41
1713978000000,510820.43
1713981600000,517750.38
1713985200000,513113.02
1713988800000,515048.79
1713992400000,512202.01
1713996000000,513726.15
1713999600000,514041.56
1714003200000,510488.73
1714006800000,518109.63
1714010400000,513623.31
1714014000000,517636.94
1714017600000,520025.49
1714021200000,519342.19
1714024800000,518281.34
1714028400000,515276.41
1714032000000,502510.29
1714035600000,504367.13
1714039200000,503601.77
1714042800000,497672.54
1714046400000,494699.46
1714050000000,495298.15
1714053600000,514872.68
1714057200000,515274.58
1714060800000,518537.81
1714064400000,520554.33
1714068000000,516512.22
1714071600000,515992.63
1714075200000,514547.89
1714078800000,513143.71
1714082400000,510735.04
1714086000000,510169.07
1714089600000,508924.14
1714093200000,509933.31
1714096800000,511086.35
1714100400000,509056.88
1714104000000,504257.76
1714107600000,504836.48
1714111200000,504778.42
1714114800000,505295.82
1714118400000,505888.63
1714122000000,506942.64
1714125600000,506867.17
1714129200000,505820.85
1714132800000,507509.73
1714136400000,503832.04
1714140000000,500979.06
1714143600000,502407.28
1714147200000,508645.06
1714150800000,508627.73
1714154400000,512280.81
1714158000000,518076.65
1714161600000,512248.93
1714165200000,514936.61
1714168800000,511524.38
1714172400000,505619.06
1714176000000,504822.12
1714179600000,513623.01
1714183200000,519892.45
1714186800000,513362.67
1714190400000,511056.99
1714194000000,512067.86
1714197600000,510288.23
1714201200000,513483.98
1714204800000,512522.57
1714208400000,510287.48
1714212000000,509474.66
1714215600000,508681.69
1714219200000,512808.92
1714222800000,514682.17
1714226400000,515357.83
1714230000000,517772.19
1714233600000,518310.91
1714237200000,517779.99
1714240800000,534587.65
1714244400000,534658.37
1714248000000,529095.14
1714251600000,526380.06
1714255200000,527026.07999999
1714258800000,530172.32999999
1714262400000,531465.59
1714266000000,535245.4
1714269600000,537168.48
1714273200000,533592.71
1714276800000,536315.41
1714280400000,540427.34
1714284000000,542285.52
1714287600000,549593.72
1714291200000,550978.32999999
1714294800000,551841.93
1714298400000,551623.64
1714302000000,542738.3
1714305600000,540565.42
1714309200000,536684.37
1714312800000,534009.37
1714316400000,532794.22
1714320000000,535900.96
1714323600000,538360.11
1714327200000,537766.06
1714330800000,525770.6
1714334400000,527121.65
1714338000000,525492.09
1714341600000,525256.68999999
1714345200000,523786.99
1714348800000,507559.71
1714352400000,514974.05
1714356000000,521690.2
1714359600000,518866.14
1714363200000,508808.05
1714366800000,515374.76
1714370400000,516821.76
1714374000000,518497.35
1714377600000,516952.8
1714381200000,514570.95
1714384800000,516720.44
1714388400000,513083.21
1714392000000,516580.95
1714395600000,515101.21
1714399200000,511892.47
1714402800000,517384.73
1714406400000,518483.65
1714410000000,513438.4
1714413600000,514143.53
1714417200000,522569.75
1714420800000,528290.31999999
1714424400000,524910.25
1714428000000,522295.12
1714431600000,519258.08
1714435200000,522994.46
1714438800000,522536.67
1714442400000,511999.52
1714446000000,511421.26
1714449600000,512918.78
1714453200000,518706.85
1714456800000,518315.02
1714460400000,520734.29
1714464000000,522429.94
1714467600000,511868.96
1714471200000,519043.03
1714474800000,526586.35
1714478400000,520419.52
1714482000000,517306.98
1714485600000,518062.46
1714489200000,525557.68
1714492800000,525164.49
1714496400000,520671.14
1714500000000,520531.61
1714503600000,519341.57
1714507200000,518511.55
1714510800000,516477.48
1714514400000,513302.95
1714518000000,513761.89
1714521600000,517108.81
1714525200000,513796.82
1714528800000,513077.26
1714532400000,505040.14
1714536000000,504746.99
1714539600000,506497.9
1714543200000,509749.74
1714546800000,507716.17
1714550400000,507657.48
1714554000000,509607.72
1714557600000,517164.55
1714561200000,513712.54
1714564800000,513393.64
1714568400000,512957.95
1714572000000,509098.49
1714575600000,501908.63
1714579200000,499474.41
1714582800000,501834.28
1714586400000,501761.5
1714590000000,512112.5
1714593600000,517301.71
1714597200000,520586.22
1714600800000,524592.6
1714604400000,522946.1
1714608000000,522078.99
1714611600000,519117.2
1714615200000,505716.1
1714618800000,505624.87
1714622400000,503727.03
1714626000000,504595.5
1714629600000,507255.61
1714633200000,505144.83
1714636800000,506532.84
1714640400000,506801.13
1714644000000,518615.22
1714647600000,523078.9
1714651200000,526349.0
1714654800000,500579.43
1714658400000,501177.27
1714662000000,509355.36
1714665600000,510222.78
1714669200000,504487.02
1714672800000,502621.16
1714676400000,500816.76
1714680000000,500160.5
1714683600000,503825.82
1714687200000,505957.72
1714690800000,507434.45
1714694400000,506616.79
1714698000000,503740.54
1714701600000,505574.66
1714705200000,502620.15
1714708800000,505060.15
1714712400000,505545.59
1714716000000,503553.58
1714719600000,498674.79
1714723200000,496260.94
1714726800000,493018.92
1714730400000,495136.35
1714734000000,495080.03
1714737600000,493613.83
1714741200000,492455.26
1714744800000,493799.72
1714748400000,493440.01
1714752000000,493305.69
1714755600000,488785.42
1714759200000,491111.18
1714762800000,490692.62
1714766400000,490222.12
1714770000000,485464.6
1714773600000,486851.75
1714777200000,489433.77
1714780800000,491391.97
1714784400000,491413.61
1714788000000,492750.98
1714791600000,492521.74
1714795200000,492610.21
1714798800000,493083.61
1714802400000,492985.36
1714806000000,491272.2
1714809600000,491844.64
1714813200000,491282.66
1714816800000,491538.81
1714820400000,489336.8
1714824000000,492623.41
1714827600000,493585.42
1714831200000,492513.72
1714834800000,495799.82
1714838400000,494708.14
1714842000000,494539.92
1714845600000,493699.88
1714849200000,492872.42
1714852800000,492527.11
1714856400000,492355.89
1714860000000,486825.93
1714863600000,486729.39
1714867200000,487361.65
1714870800000,485301.49
1714874400000,482199.86
1714878000000,480126.61
1714881600000,480135.45
1714885200000,479782.32
1714888800000,479768.76
1714892400000,479688.82
1714896000000,479518.49
1714899600000,483376.11
1714903200000,482251.34
1714906800000,484625.53
1714910400000,492528.81
1714914000000,492856.95
1714917600000,491158.43
1714921200000,488303.98
1714924800000,488422.62
1714928400000,488860.01
1714932000000,489122.6
1714935600000,483566.63
1714939200000,483195.11
1714942800000,483469.28
1714946400000,485140.97
1714950000000,485421.64
1714953600000,487659.1
1714957200000,488518.8
1714960800000,489031.58
1714964400000,489196.58
1714968000000,489895.53
1714971600000,492156.83
1714975200000,490196.5
1714978800000,492158.59
1714982400000,491103.02
1714986000000,490644.19
1714989600000,497420.51
1714993200000,496168.85
1714996800000,496577.93
1715000400000,495507.58
1715004000000,493969.01
1715007600000,487499.54
1715011200000,487125.4
1715014800000,486977.48
1715018400000,485791.22
1715022000000,487659.86
1715025600000,488393.18
1715029200000,495239.98
1715032800000,499643.41
1715036400000,499547.43
1715040000000,501911.33
1715043600000,500697.66
1715047200000,504398.0
1715050800000,504098.7
1715054400000,502712.28
1715058000000,502019.08
1715061600000,502187.55
1715065200000,502950.09
1715068800000,503325.84
1715072400000,499784.56
1715076000000,503333.51
1715079600000,499606.01
1715083200000,505322.01
1715086800000,504286.48
1715090400000,502603.6
1715094000000,502028.8
1715097600000,503056.21
1715101200000,503617.36
1715104800000,505066.92
1715108400000,502647.64
1715112000000,502141.83
1715115600000,506301.52
1715119200000,501966.4
1715122800000,501898.46
1715126400000,507668.94
1715130000000,508422.77
1715133600000,506344.54
1715137200000,508521.96
1715140800000,509607.64
1715144400000,510766.17
1715148000000,512303.66
1715151600000,514072.81
1715155200000,515637.15
1715158800000,515454.85
1715162400000,511892.69
1715166000000,514210.47
1715169600000,510892.51
1715173200000,512202.15
1715176800000,515949.8
1715180400000,519289.65
1715184000000,519846.26
1715187600000,518244.27
1715191200000,518740.17
1715194800000,520043.15
1715198400000,520599.3
1715202000000,518074.28
1715205600000,514162.06
1715209200000,515629.19
1715212800000,520562.55
1715216400000,519289.96
1715220000000,518313.05
1715223600000,516290.71
1715227200000,518535.77
1715230800000,519696.42
1715234400000,517420.91
1715238000000,518309.62
1715241600000,515842.11
1715245200000,519216.45
1715248800000,517220.42
1715252400000,513033.9
1715256000000,515148.42
1715259600000,519028.78
1715263200000,517362.12
1715266800000,518039.54
1715270400000,516281.14
1715274000000,516996.0
1715277600000,516967.54
1715281200000,515205.07
1715284800000,514744.92
1715288400000,516398.45
1715292000000,516760.0
1715295600000,515055.93
1715299200000,515874.49
1715302800000,515737.94
1715306400000,516507.03
1715310000000,516182.4
1715313600000,516807.33
1715317200000,516534.19
1715320800000,515293.88
1715324400000,516390.86
1715328000000,517377.02
1715331600000,516838.77
1715335200000,518036.46
1715338800000,519618.77
1715342400000,520831.4
1715346000000,521138.96
1715349600000,521191.35
1715353200000,524548.65
1715356800000,548484.75
1715360400000,552309.31
1715364000000,536223.94999999
1715367600000,530349.29
1715371200000,529506.82999999
1715374800000,528293.79
1715378400000,531095.05
1715382000000,530980.11
1715385600000,534205.1
1715389200000,534790.81999999
1715392800000,539013.02
1715396400000,539254.48
1715400000000,536072.78
1715403600000,530825.73
1715407200000,529224.39
1715410800000,528373.78
1715414400000,522906.6
1715418000000,521763.3
1715421600000,520223.56
1715425200000,520595.08
1715428800000,520434.54
1715432400000,520901.89
1715436000000,520187.98
1715439600000,522940.85
1715443200000,521752.68
1715446800000,521285.75
1715450400000,521951.69
1715454000000,520723.33
1715457600000,519861.67
1715461200000,517307.5
1715464800000,516124.74
1715468400000,516058.95
1715472000000,516821.42
1715475600000,517514.83
1715479200000,517364.32
1715482800000,516681.2
1715486400000,516586.56
1715490000000,516608.16
1715493600000,516322.83
1715497200000,516879.67
1715500800000,518017.54
1715504400000,517471.44
1715508000000,517926.49
1715511600000,517863.46
1715515200000,518384.0
1715518800000,516743.96
1715522400000,516567.12
1715526000000,516540.55
1715529600000,518361.7
1715533200000,519089.98
1715536800000,519171.52
1715540400000,518888.68
1715544000000,519909.47
1715547600000,520455.48
1715551200000,518778.56
1715554800000,518631.35
1715558400000,517772.96
1715562000000,515996.06
1715565600000,517416.3
1715569200000,524259.94
1715572800000,524775.05
1715576400000,528490.4
1715580000000,527360.78
1715583600000,515973.69
1715587200000,513191.57
1715590800000,519559.97
1715594400000,524413.41
1715598000000,524983.23
1715601600000,521874.7
1715605200000,518816.04
1715608800000,519742.85
1715612400000,523648.09
1715616000000,527059.69999999
1715619600000,532732.28
1715623200000,532367.49
1715626800000,521777.0
1715630400000,523368.71
1715634000000,523331.59
1715637600000,522444.08
1715641200000,522114.3
1715644800000,523138.66
1715648400000,524125.96
1715652000000,524869.1
1715655600000,526153.72
1715659200000,526264.12
1715662800000,525639.06
1715666400000,523735.93
1715670000000,521973.94
1715673600000,521292.59
1715677200000,521165.08
1715680800000,522254.42
1715684400000,522724.34
1715688000000,525445.99
1715691600000,528645.84
1715695200000,532913.14
1715698800000,537735.5
1715702400000,535221.47
1715706000000,536777.76
1715709600000,537457.79
1715713200000,536246.22
1715716800000,536053.51
1715720400000,540277.29
1715724000000,540606.9
1715727600000,540275.49
1715731200000,541069.62
1715734800000,542090.96
1715738400000,540030.19999999
1715742000000,540329.51
1715745600000,539942.88
1715749200000,539827.99
1715752800000,548576.06
1715756400000,548777.75
1715760000000,552930.6
1715763600000,554192.18
1715767200000,549121.3
1715770800000,549149.74
1715774400000,549748.37
1715778000000,554774.47
1715781600000,551973.61
1715785200000,551689.43
1715788800000,553793.66
1715792400000,552247.47
1715796000000,549513.38
1715799600000,548757.74
1715803200000,551656.43
1715806800000,554666.6
1715810400000,554021.05
1715814000000,552047.24
1715817600000,551491.92
1715821200000,551882.3
1715824800000,550881.51
1715828400000,548673.43
1715832000000,547296.25
1715835600000,547754.81999999
1715839200000,549555.76
1715842800000,549506.5
1715846400000,549960.55
1715850000000,548973.02
1715853600000,547523.68999999
1715857200000,550173.77
1715860800000,551344.25
1715864400000,551584.02
1715868000000,551826.55
1715871600000,552057.81
1715875200000,553948.63
1715878800000,554246.73
1715882400000,554495.74
1715886000000,558302.63
1715889600000,559757.1
1715893200000,559990.53
1715896800000,559274.84
1715900400000,561667.79
1715904000000,564378.65
1715907600000,565254.43999999
1715911200000,565296.43
1715914800000,565781.85
1715918400000,567762.76
1715922000000,564977.75
1715925600000,565867.07999999
1715929200000,564202.42
1715932800000,565839.93
1715936400000,574240.39
1715940000000,576716.48
1715943600000,588112.3
1715947200000,589387.22
1715950800000,616615.81
1715954400000,615164.16
1715958000000,622035.74
1715961600000,619475.56
1715965200000,618984.61
1715968800000,611289.23
1715972400000,607276.38
1715976000000,608101.99
1715979600000,606711.29
1715983200000,606383.48
1715986800000,612067.44999999
1715990400000,613295.17
1715994000000,614039.61
1715997600000,613632.23
1716001200000,609161.26
1716004800000,609114.81999999
1716008400000,611561.26
1716012000000,610576.29
1716015600000,611647.89
1716019200000,611868.35
1716022800000,613262.27
1716026400000,615192.99
1716030000000,614690.4
1716033600000,616371.38
1716037200000,610595.74
1716040800000,608717.06
1716044400000,610160.75
1716048000000,612616.55
1716051600000,616733.66
1716055200000,616901.35
1716058800000,617457.1
1716062400000,621059.53
1716066000000,622084.85
1716069600000,621059.07999999
1716073200000,620286.27
1716076800000,620770.85
1716080400000,620402.06999999
1716084000000,620284.29
1716087600000,621627.35
1716091200000,622362.13
1716094800000,619868.21
1716098400000,619175.31
1716102000000,617457.65
1716105600000,615561.76
1716109200000,616387.31999999
1716112800000,616421.46
1716116400000,617275.01
1716120000000,611959.56
1716123600000,611667.72
1716127200000,612136.49
1716130800000,612391.04
1716134400000,610807.72
1716138000000,604364.87
1716141600000,605169.74
1716145200000,604641.23
1716148800000,603342.12
1716152400000,601982.76
1716156000000,599704.85
1716159600000,601981.15
1716163200000,598488.66
1716166800000,597747.63
1716170400000,591443.09
1716174000000,592526.43
1716177600000,593592.72
1716181200000,594661.1
1716184800000,598220.93999999
1716188400000,599045.38
1716192000000,601491.3
1716195600000,602405.37
1716199200000,601753.8
1716202800000,601848.86
1716206400000,594268.04
1716210000000,595189.66
1716213600000,597111.78
1716217200000,594816.44999999
1716220800000,598093.17
1716224400000,608803.71
1716228000000,600698.04
1716231600000,601165.3
1716235200000,691225.02
1716238800000,703986.91
1716242400000,729083.03
1716246000000,729897.52
1716249600000,741355.46
1716253200000,749732.37
1716256800000,733114.09
1716260400000,719508.56
1716264000000,719926.86
1716267600000,721254.33
1716271200000,717069.98
1716274800000,723610.56
1716278400000,720776.68
1716282000000,722377.75
1716285600000,727129.42
1716289200000,762198.04
1716292800000,780435.01
1716296400000,789993.34
1716300000000,786251.99
1716303600000,780190.85
1716307200000,777283.83
1716310800000,781070.02
1716314400000,763408.49
1716318000000,762993.77
1716321600000,746840.31
1716325200000,753139.92
1716328800000,746252.91
1716332400000,756263.38
1716336000000,754680.7
1716339600000,749339.64
1716343200000,746870.46
1716346800000,743391.85
1716350400000,742740.58
1716354000000,731986.23
1716357600000,736092.17
1716361200000,737405.76
1716364800000,732383.94
1716368400000,742997.7
1716372000000,727728.72
1716375600000,723930.79
1716379200000,722405.44
1716382800000,719674.17
1716386400000,718725.33
1716390000000,735756.99
1716393600000,741128.77
1716397200000,732416.8
1716400800000,715480.54
1716404400000,726509.6
1716408000000,727848.38
1716411600000,727557.23
1716415200000,745298.59
1716418800000,739635.11
1716422400000,740786.44
1716426000000,740919.96
1716429600000,743577.49
1716433200000,751186.22
1716436800000,752216.27
1716440400000,759609.72
1716444000000,756759.32
1716447600000,757880.69
1716451200000,761340.2
1716454800000,764843.51
1716458400000,769495.02
1716462000000,773840.1
1716465600000,777369.64
1716469200000,756444.25
1716472800000,752872.85
1716476400000,780812.35
1716480000000,796941.82
1716483600000,778899.79
1716487200000,778666.96
1716490800000,784519.93
1716494400000,786716.37
1716498000000,795364.26
1716501600000,736617.51
1716505200000,735088.57
1716508800000,730207.33
1716512400000,737458.77
1716516000000,733605.7
1716519600000,730216.52
1716523200000,725985.9
1716526800000,729160.64
1716530400000,724636.61
1716534000000,731127.67
1716537600000,727213.29
1716541200000,725412.49
1716544800000,721381.14
1716548400000,724445.7
1716552000000,729572.88
1716555600000,727328.93
1716559200000,722450.0
1716562800000,727934.73
1716566400000,723597.78
1716570000000,719413.42
1716573600000,723220.01
1716577200000,720992.6
1716580800000,719511.99
1716584400000,715594.21
1716588000000,713179.52
1716591600000,714930.26
1716595200000,716021.32
1716598800000,713890.13
1716602400000,714882.23
1716606000000,714667.65
1716609600000,719169.65
1716613200000,722721.28
1716616800000,720516.27
1716620400000,722039.68
1716624000000,725615.06
1716627600000,719561.82
1716631200000,720449.28
1716634800000,721557.29
1716638400000,714941.63
1716642000000,714577.41
1716645600000,716006.12
1716649200000,717188.18
1716652800000,714447.96
1716656400000,714766.1
1716660000000,713699.55
1716663600000,712841.03
1716667200000,712451.47
1716670800000,711313.36
1716674400000,710143.82
1716678000000,710892.86
1716681600000,711890.64
1716685200000,710903.58
1716688800000,714601.2
1716692400000,716195.36
1716696000000,715285.54
1716699600000,714452.75
1716703200000,715905.44
1716706800000,718665.29
1716710400000,721185.18
1716714000000,734690.39
1716717600000,737912.33
1716721200000,741427.73
1716724800000,741669.41
1716728400000,739513.21
1716732000000,741319.92
1716735600000,743718.88
1716739200000,744909.84
1716742800000,752967.03
1716746400000,751151.62
1716750000000,744925.29
1716753600000,750064.45
1716757200000,749193.39
1716760800000,743457.08
1716764400000,745239.58
1716768000000,745572.9
1716771600000,746782.11
1716775200000,753934.74
1716778800000,760194.19
1716782400000,761754.27
1716786000000,760379.13
1716789600000,758870.06
1716793200000,761682.27
1716796800000,763109.4
1716800400000,763944.16
1716804000000,763636.59
1716807600000,764383.48
1716811200000,765702.15
1716814800000,767275.44
1716818400000,768953.52
1716822000000,770784.17
1716825600000,777047.41
1716829200000,779131.93
1716832800000,773325.9
1716836400000,767681.43
1716840000000,749793.65
1716843600000,749011.15
1716847200000,752830.65
1716850800000,752398.87
1716854400000,752586.7
1716858000000,760160.48
1716861600000,764638.42
1716865200000,771435.65
1716868800000,763704.02
1716872400000,768771.75
1716876000000,772361.86
1716879600000,773664.95
1716883200000,774398.1
1716886800000,779006.73
1716890400000,783603.85
1716894000000,786835.07
1716897600000,786979.2
1716901200000,784097.94
1716904800000,775913.14
1716908400000,779084.12
1716912000000,779626.69
1716915600000,778027.11
1716919200000,785952.79
1716922800000,777927.45
1716926400000,789052.27
1716930000000,785871.58
1716933600000,786256.1
1716937200000,785269.11
1716940800000,783591.32
1716944400000,788231.15
1716948000000,791550.22
1716951600000,791816.8
1716955200000,790696.79
1716958800000,789741.33
1716962400000,790399.78
1716966000000,790583.77
1716969600000,787216.99
1716973200000,781544.05
1716976800000,774953.86
1716980400000,774217.04
1716984000000,775955.83
1716987600000,778374.39
1716991200000,776795.59
1716994800000,774066.29
1716998400000,764080.58
1717002000000,759735.42
1717005600000,751787.98
1717009200000,751220.11
1717012800000,753218.5
1717016400000,744283.22
1717020000000,745380.85
1717023600000,749004.77
1717027200000,740691.27
1717030800000,741164.09
1717034400000,743277.89
1717038000000,743608.03
1717041600000,743382.73
1717045200000,739898.37
1717048800000,741499.01
1717052400000,736405.42
1717056000000,730707.33
1717059600000,726450.65
1717063200000,722922.54
1717066800000,724284.71
1717070400000,723578.85
1717074000000,723357.49
1717077600000,731261.65
1717081200000,722723.36
1717084800000,724558.43
1717088400000,722720.89
1717092000000,724083.26
1717095600000,723528.43
1717099200000,716931.79
1717102800000,712693.31
1717106400000,712304.15
1717110000000,715656.81
1717113600000,716380.19
1717117200000,717131.84
1717120800000,714515.75
1717124400000,714899.77
1717128000000,714492.57
1717131600000,714527.59
1717135200000,712066.56
1717138800000,709776.78
1717142400000,717893.41
1717146000000,720251.81
1717149600000,721933.38
1717153200000,733150.06
1717156800000,729705.34
1717160400000,742364.32
1717164000000,733666.25
1717167600000,731312.81
1717171200000,725200.31
1717174800000,720903.46
1717178400000,725832.23
1717182000000,724194.41
1717185600000,725691.37
1717189200000,726704.37
1717192800000,727121.4
1717196400000,724274.71
1717200000000,721840.28
1717203600000,720600.98
1717207200000,722264.15
1717210800000,721671.89
1717214400000,721895.36
1717218000000,727243.98
1717221600000,728693.41
1717225200000,728532.77
1717228800000,729519.84
1717232400000,725940.44
1717236000000,722419.59
1717239600000,723223.42
1717243200000,723981.16
1717246800000,723803.41
1717250400000,726445.39
1717254000000,729086.41
1717257600000,729986.07
1717261200000,729080.03
1717264800000,730248.94
1717268400000,729130.59
1717272000000,728726.54
1717275600000,729342.91
1717279200000,732676.86
1717282800000,734152.81
1717286400000,738549.18
1717290000000,741114.15
1717293600000,745811.49
1717297200000,743725.01
1717300800000,745928.53
1717304400000,746619.89
1717308000000,741841.48
1717311600000,741955.84
1717315200000,736494.88
1717318800000,736161.13
1717322400000,736841.5
1717326000000,737972.14
1717329600000,733881.14
1717333200000,732037.65
1717336800000,732063.99
1717340400000,733532.19
1717344000000,733320.07
1717347600000,732558.47
1717351200000,730785.0
1717354800000,729376.7
1717358400000,729109.76
1717362000000,730654.42
1717365600000,731127.67
1717369200000,730938.89
1717372800000,732200.11
1717376400000,731450.9
1717380000000,737694.13
1717383600000,736237.8
1717387200000,737766.78
1717390800000,739644.28
1717394400000,744179.93
1717398000000,745796.43
1717401600000,739378.16
1717405200000,741277.61
1717408800000,740059.0
1717412400000,738855.45
1717416000000,734965.31
1717419600000,739902.03
1717423200000,738874.71
1717426800000,734405.86
1717430400000,742061.83
1717434000000,742336.75
1717437600000,745161.99
1717441200000,741362.26
1717444800000,741450.21
1717448400000,743676.98
1717452000000,743875.75
1717455600000,740889.56
1717459200000,740610.74
1717462800000,744222.45
1717466400000,745678.66
1717470000000,742336.75
1717473600000,742524.32
1717477200000,744429.12
1717480800000,743857.97
1717484400000,748053.74
1717488000000,750468.21
1717491600000,750894.01
1717495200000,747667.18
1717498800000,745261.87
1717502400000,744179.72
1717506000000,742760.58
1717509600000,748111.82
1717513200000,746762.72
1717516800000,742258.46
1717520400000,740687.16
1717524000000,739602.52
1717527600000,741010.86
1717531200000,734767.59
1717534800000,739230.87
1717538400000,742108.86
1717542000000,742826.94
1717545600000,743033.13
1717549200000,742288.42
1717552800000,736948.32
1717556400000,735515.76
1717560000000,742540.94
1717563600000,743250.34
1717567200000,742713.25
1717570800000,745422.43
1717574400000,746573.04
1717578000000,744897.36
1717581600000,742770.49
1717585200000,740746.81
1717588800000,741345.63
1717592400000,742031.21
1717596000000,739144.73
1717599600000,741381.57
1717603200000,744902.25
1717606800000,742831.21
1717610400000,746453.04
1717614000000,757955.23
1717617600000,760764.42
1717621200000,760571.77
1717624800000,752038.32
1717628400000,751538.26
1717632000000,753834.33
1717635600000,753701.94
1717639200000,753872.61
1717642800000,755708.71
1717646400000,755407.2
1717650000000,754459.31
1717653600000,752557.28
1717657200000,745671.52
1717660800000,748358.86
1717664400000,746760.67
1717668000000,748534.09
1717671600000,749280.44
1717675200000,751946.75
1717678800000,748256.66
1717682400000,746977.43
1717686000000,745830.73
1717689600000,746776.24
1717693200000,744740.42
1717696800000,742892.72
1717700400000,743893.83
1717704000000,735950.01
1717707600000,738277.86
1717711200000,740514.83
1717714800000,741004.34
1717718400000,741457.64
1717722000000,741341.11
1717725600000,738458.67
1717729200000,738701.09
1717732800000,740200.87
1717736400000,742100.94
1717740000000,743920.07
1717743600000,744090.71
1717747200000,744565.82
1717750800000,746006.22
1717754400000,745124.49
1717758000000,745736.15
1717761600000,746223.97
1717765200000,743908.2
1717768800000,745231.72
1717772400000,746349.35
1717776000000,743501.31
1717779600000,743679.97
1717783200000,742454.66
1717786800000,753913.45
1717790400000,751872.37
1717794000000,753706.73
1717797600000,756849.58
1717801200000,758803.32
1717804800000,753673.51
1717808400000,754018.29
1717812000000,755104.67
1717815600000,754615.55
1717819200000,755698.9
1717822800000,755783.97
1717826400000,751944.47
1717830000000,753301.08
1717833600000,761788.1
1717837200000,758043.73
1717840800000,758426.5
1717844400000,757943.72
1717848000000,756655.61
1717851600000,757725.08
1717855200000,754851.44
1717858800000,755848.69
1717862400000,755032.17
1717866000000,753994.92
1717869600000,752844.38
1717873200000,752349.78
1717876800000,752242.34
1717880400000,752282.44
1717884000000,752001.87
1717887600000,751406.39
1717891200000,751615.16
1717894800000,750794.76
1717898400000,750587.41
1717902000000,750041.01
1717905600000,750633.43
1717909200000,752090.61
1717912800000,751089.93
1717916400000,750859.69
1717920000000,751095.15
1717923600000,751595.43
1717927200000,752626.92
1717930800000,752522.88
1717934400000,752741.07
1717938000000,752053.06
1717941600000,753314.42
1717945200000,753277.61
1717948800000,753382.04
1717952400000,753262.89
1717956000000,752700.5
1717959600000,751959.23
1717963200000,751718.64
1717966800000,751841.14
1717970400000,751163.72
1717974000000,749276.84
1717977600000,748522.96
1717981200000,748462.63
1717984800000,747868.35
1717988400000,747568.72
1717992000000,746849.04
1717995600000,747961.08
1717999200000,747925.45
1718002800000,746153.31
1718006400000,746304.75
1718010000000,751228.45
1718013600000,752918.99
1718017200000,754318.85
1718020800000,750926.89
1718024400000,749740.68
1718028000000,746696.33
1718031600000,745513.74
1718035200000,744829.19
1718038800000,747340.26
1718042400000,747095.48
1718046000000,746220.82
1718049600000,745251.72
1718053200000,743961.51
1718056800000,744316.57
1718060400000,744961.47
1718064000000,746041.67
1718067600000,745361.09
1718071200000,738471.78
1718074800000,737218.95
1718078400000,737691.12
1718082000000,726532.89
1718085600000,729052.86
1718089200000,721256.79
1718092800000,722300.49
1718096400000,730004.68
1718100000000,729195.97
1718103600000,731071.93
1718107200000,732078.19
1718110800000,733809.5
1718114400000,732141.24
1718118000000,735964.32
1718121600000,739071.18
1718125200000,738244.37
1718128800000,730964.97
1718132400000,737583.24
1718136000000,743054.39
1718139600000,743430.0
1718143200000,742805.79
1718146800000,743784.5
1718150400000,743985.69
1718154000000,743487.18
1718157600000,743398.43
1718161200000,747668.25
1718164800000,746521.04
1718168400000,748627.1
1718172000000,743332.05
1718175600000,745429.83
1718179200000,748561.19
1718182800000,749860.58
1718186400000,748298.18
1718190000000,745580.24
1718193600000,742862.5
1718197200000,737460.85
1718200800000,741960.57
1718204400000,735745.9
1718208000000,734273.74
1718211600000,732197.48
1718215200000,728300.5
1718218800000,726614.09
1718222400000,727064.65
1718226000000,723207.92
1718229600000,718817.77
1718233200000,717446.21
1718236800000,717159.89
1718240400000,716638.2
1718244000000,716497.24
1718247600000,715907.29
1718251200000,719699.35
1718254800000,718909.26
1718258400000,720737.53
1718262000000,720467.37
1718265600000,722021.52
1718269200000,725170.46
1718272800000,723158.52
1718276400000,720471.52
1718280000000,718591.42
1718283600000,712167.81
1718287200000,715845.73
1718290800000,723128.67
1718294400000,713929.47
1718298000000,707358.85
1718301600000,701130.99
1718305200000,703558.15
1718308800000,707036.33
1718312400000,704878.32
1718316000000,704193.68
1718319600000,704137.61
1718323200000,699461.05
1718326800000,698205.01
1718330400000,701908.56999999
1718334000000,701386.68
1718337600000,701635.81999999
1718341200000,706245.89
1718344800000,703761.19
1718348400000,705598.18
1718352000000,703842.13
1718355600000,703105.85
1718359200000,703254.96
1718362800000,703595.37
1718366400000,703192.19999999
1718370000000,701873.63
1718373600000,702050.26
1718377200000,700725.93
1718380800000,703441.52
1718384400000,700772.59
1718388000000,702589.02
1718391600000,704386.43
1718395200000,707202.35
1718398800000,707857.8
1718402400000,735466.11
1718406000000,730255.52
1718409600000,736733.51
1718413200000,747150.25
1718416800000,739249.11
1718420400000,739061.78
1718424000000,740040.04
1718427600000,747038.69
1718431200000,754497.23
1718434800000,758017.15
1718438400000,758186.49
1718442000000,761902.98
1718445600000,760191.96
1718449200000,761747.58
1718452800000,761395.49
1718456400000,767615.44
1718460000000,769802.38
1718463600000,767946.48
1718467200000,770727.15
1718470800000,765311.98
1718474400000,763927.31
1718478000000,763308.69
1718481600000,762377.95
1718485200000,759282.94
1718488800000,759380.33
1718492400000,761833.54
1718496000000,762205.83
1718499600000,759562.93
1718503200000,762138.58
1718506800000,762762.59
1718510400000,761191.86
1718514000000,756918.48
1718517600000,760124.82
1718521200000,760259.81
1718524800000,760308.06
1718528400000,759007.54
1718532000000,760255.07
1718535600000,759423.09
1718539200000,759874.68
1718542800000,759542.3
1718546400000,763327.32
1718550000000,766674.07
1718553600000,768532.97
1718557200000,770959.46
1718560800000,768047.48
1718564400000,769295.9
1718568000000,769535.74
1718571600000,770017.2
1718575200000,767981.36
1718578800000,765271.24
1718582400000,764774.56
1718586000000,762808.4
1718589600000,765960.67
1718593200000,763174.76
1718596800000,763418.37
1718600400000,763283.47
1718604000000,762698.23
1718607600000,750139.93
1718611200000,745630.55
1718614800000,742498.95
1718618400000,740297.64
1718622000000,737204.7
1718625600000,746794.82
1718629200000,742248.2
1718632800000,738141.29
1718636400000,737924.76
1718640000000,737470.68
1718643600000,736208.63
1718647200000,740683.5
1718650800000,733108.8
1718654400000,727267.16
1718658000000,720898.17
1718661600000,718445.89
1718665200000,717473.7
1718668800000,713407.48
1718672400000,714880.66
1718676000000,707874.51
1718679600000,717141.78
1718683200000,718464.83
1718686800000,717239.95
1718690400000,716012.34
1718694000000,715024.82
1718697600000,714658.64
1718701200000,714862.79
1718704800000,711660.35
1718708400000,710852.32
1718712000000,708862.37
1718715600000,708046.39
1718719200000,706969.91
1718722800000,705995.18
1718726400000,711921.49
1718730000000,711475.77
1718733600000,709866.38
1718737200000,706109.45
1718740800000,704408.34
1718744400000,712991.16
1718748000000,716434.93
1718751600000,718307.41
1718755200000,718770.33
1718758800000,723034.36
1718762400000,740364.3
1718766000000,754266.16
1718769600000,760520.03
1718773200000,761078.78
1718776800000,754783.99
1718780400000,755505.34
1718784000000,753854.76
1718787600000,748596.58
1718791200000,745798.61
1718794800000,756922.95
1718798400000,753273.42
1718802000000,757505.86
1718805600000,756867.51
1718809200000,758471.38
1718812800000,761079.15
1718816400000,765034.46
1718820000000,763587.12
1718823600000,769235.46
1718827200000,769405.45
1718830800000,770436.13
1718834400000,774011.39
1718838000000,770784.1
1718841600000,772527.66
1718845200000,771887.67
1718848800000,762105.48
1718852400000,763481.19
1718856000000,764716.75
1718859600000,767381.91
1718863200000,774201.48
1718866800000,767299.44
1718870400000,761985.49
1718874000000,759864.1
1718877600000,759798.64
1718881200000,762423.69
1718884800000,761414.27
1718888400000,758466.63
1718892000000,743032.45
1718895600000,737256.08
1718899200000,741711.03
1718902800000,735522.56
1718906400000,742856.66
1718910000000,747168.53
1718913600000,749077.26
1718917200000,747763.67
1718920800000,742483.31
1718924400000,736299.52
1718928000000,736961.71
1718931600000,738361.56
1718935200000,746139.61
1718938800000,742736.16
1718942400000,740341.25
1718946000000,740848.95
1718949600000,741511.78
1718953200000,747457.21
1718956800000,740015.98
1718960400000,728344.35
1718964000000,749512.26
1718967600000,746576.02
1718971200000,748144.47
1718974800000,749040.14
1718978400000,743273.01
1718982000000,758654.61
1718985600000,755015.38
1718989200000,756090.86
1718992800000,758988.67
1718996400000,766015.69
1719000000000,770003.53
1719003600000,757996.92
1719007200000,753075.29
1719010800000,758167.41
1719014400000,755906.87
1719018000000,747542.46
1719021600000,746087.47
1719025200000,745965.27
1719028800000,745028.43
1719032400000,744532.12
1719036000000,744827.96
1719039600000,744030.36
1719043200000,742730.29
1719046800000,737513.89
1719050400000,738583.21
1719054000000,737142.07
1719057600000,736811.88
1719061200000,736035.47
1719064800000,738202.44
1719068400000,738105.35
1719072000000,739816.52
1719075600000,747126.22
1719079200000,746343.53
1719082800000,745383.74
1719086400000,744411.89
1719090000000,744297.6
1719093600000,743794.98
1719097200000,743725.05
1719100800000,744023.26
1719104400000,754917.73
1719108000000,749930.0
1719111600000,750277.13
1719115200000,752903.32
1719118800000,753303.05
1719122400000,753876.32
1719126000000,752156.92
1719129600000,751700.86
1719133200000,750212.83
1719136800000,748585.37
1719140400000,747441.73
1719144000000,746898.97
1719147600000,748788.88
1719151200000,748095.46
1719154800000,746278.76
1719158400000,746774.19
1719162000000,744949.02
1719165600000,746879.86
1719169200000,747819.76
1719172800000,748470.16
1719176400000,720481.42
1719180000000,712432.75
1719183600000,708393.71
1719187200000,710848.64
1719190800000,713935.83
1719194400000,711748.56
1719198000000,705030.91
1719201600000,706136.01
1719205200000,709940.92
1719208800000,698866.32999999
1719212400000,701118.25
1719216000000,703330.63
1719219600000,697595.9
1719223200000,685899.35
1719226800000,688272.15
1719230400000,692743.16
1719234000000,697291.88
1719237600000,703482.43
1719241200000,707122.72
1719244800000,708734.09
1719248400000,708954.81
1719252000000,709072.94
1719255600000,710290.79
1719259200000,709947.56
1719262800000,721375.46
1719266400000,727761.89
1719270000000,732200.42
1719273600000,732984.34
1719277200000,733129.69
1719280800000,730382.8
1719284400000,730576.9
1719288000000,713722.74
1719291600000,717077.78
1719295200000,708396.06
1719298800000,709080.79
1719302400000,706249.72
1719306000000,708966.14
1719309600000,706489.71
1719313200000,706699.73
1719316800000,707043.64
1719320400000,707398.96
1719324000000,707656.12
1719327600000,708794.46
1719331200000,722073.68
1719334800000,712829.74
1719338400000,715055.89
1719342000000,727572.39
1719345600000,722342.71
1719349200000,722857.99
1719352800000,721065.73
1719356400000,721477.86
1719360000000,718637.42
1719363600000,716875.86
1719367200000,721695.53
1719370800000,724756.08
1719374400000,720974.25
1719378000000,721658.42
1719381600000,719975.16
1719385200000,719528.3
1719388800000,717242.55
1719392400000,719514.94
1719396000000,723307.96
1719399600000,719370.32
1719403200000,719449.12
1719406800000,718134.35
1719410400000,720010.81
1719414000000,721787.11
1719417600000,720629.32
1719421200000,719797.18
1719424800000,715171.32
1719428400000,719917.68
1719432000000,724068.73
1719435600000,727121.36
1719439200000,727646.49
1719442800000,728159.69
1719446400000,724317.25
1719450000000,724647.88
1719453600000,725901.36
1719457200000,729790.41
1719460800000,734213.94
1719464400000,737028.52
1719468000000,735486.16
1719471600000,730236.98
1719475200000,729441.88
1719478800000,729911.93
1719482400000,732897.91
1719486000000,736175.64
1719489600000,739171.18
1719493200000,741325.54
1719496800000,742019.66
1719500400000,738363.95
1719504000000,742052.88
1719507600000,742664.72
1719511200000,745817.24
1719514800000,743872.31
1719518400000,742107.26
1719522000000,739683.87
1719525600000,741217.6
1719529200000,746394.46
1719532800000,746411.91
1719536400000,742723.09
1719540000000,740307.92
1719543600000,732114.02
1719547200000,731916.25
1719550800000,734544.31
1719554400000,735442.35
1719558000000,735924.88
1719561600000,736481.37
1719565200000,735598.09
1719568800000,736113.19
1719572400000,736462.54
1719576000000,734272.39
1719579600000,739199.23
1719583200000,741324.0
1719586800000,738697.02
1719590400000,740148.23
1719594000000,741727.11
1719597600000,742361.2
1719601200000,742844.96
1719604800000,737935.71
1719608400000,744121.33
1719612000000,743506.01
1719615600000,744849.17
1719619200000,746543.42
1719622800000,746250.79
1719626400000,743710.98
1719630000000,744063.25
1719633600000,744279.46
1719637200000,742844.48
1719640800000,741707.97
1719644400000,743341.14
1719648000000,739568.56
1719651600000,734290.38
1719655200000,732336.68
1719658800000,734449.53
1719662400000,734547.14
1719666000000,735095.51
1719669600000,737942.91
1719673200000,739090.28
1719676800000,733678.43
1719680400000,734673.12
1719684000000,733514.76
1719687600000,732604.85
1719691200000,730028.03
1719694800000,730098.99
1719698400000,729735.94
1719702000000,728730.54
1719705600000,729062.75
1719709200000,728745.73
1719712800000,728952.4
1719716400000,727927.52
1719720000000,726071.84
1719723600000,725539.62
1719727200000,726941.67
1719730800000,730822.65
1719734400000,732065.32
1719738000000,732654.37
1719741600000,731183.68
1719745200000,730186.3
1719748800000,731335.47
1719752400000,728409.16
1719756000000,729117.94
1719759600000,731622.0
1719763200000,733158.97
1719766800000,732786.43
1719770400000,729751.67
1719774000000,729913.33
1719777600000,730443.59
1719781200000,728883.44
1719784800000,730027.57
1719788400000,723403.55
