ts_ms,oi
1704060000000,3679527.2
1704063600000,3616309.8
1704067200000,3664902.0
1704070800000,3610562.5
1704074400000,3555537.9
1704078000000,3557666.3
1704081600000,3571278.9
1704085200000,3592528.6
1704088800000,3586119.4
1704092400000,3583165.7
1704096000000,3591741.3
1704099600000,3620050.3
1704103200000,3632045.0
1704106800000,3608093.0
1704110400000,3638843.2
1704114000000,3599091.7
1704117600000,3618058.1
1704121200000,3617476.7
1704124800000,3602272.9
1704128400000,3612234.1
1704132000000,3609160.2
1704135600000,3619760.3
1704139200000,3605967.6
1704142800000,3573573.4
1704146400000,3631356.7
1704150000000,3594917.9
1704153600000,3657859.9
1704157200000,3636919.3
1704160800000,3610462.8
1704164400000,3616860.0
1704168000000,3609835.4
1704171600000,3658981.1
1704175200000,3654385.8
1704178800000,3645727.4
1704182400000,3656005.5
1704186000000,3666120.0
1704189600000,3637821.8
1704193200000,3615033.8
1704196800000,3570908.3
1704200400000,3593355.0
1704204000000,3605986.7
1704207600000,3558877.4
1704211200000,3546155.6
1704214800000,3595215.5
1704218400000,3638677.6
1704222000000,3655657.8
1704225600000,3626355.5
1704229200000,3683065.7
1704232800000,3703978.3
1704236400000,3693434.0
1704240000000,3672268.2
1704243600000,3683266.0
1704247200000,3678743.6
1704250800000,3687091.0
1704254400000,3685569.3
1704258000000,3683925.8
1704261600000,3759559.8
1704265200000,3741142.6
1704268800000,3718487.5
1704272400000,3726661.7
1704276000000,3727787.1
1704279600000,3749650.6
1704283200000,3623367.3
1704286800000,2997503.8
1704290400000,2959973.6
1704294000000,2919830.6
1704297600000,2915818.5
1704301200000,2908680.5
1704304800000,2919314.1
1704308400000,2920905.8
1704312000000,2949636.2
1704315600000,2957134.2
1704319200000,2938431.0
1704322800000,2918436.8
1704326400000,2927805.1
1704330000000,2950340.7
1704333600000,2955191.0
1704337200000,2969590.0
1704340800000,2965579.9
1704344400000,2985155.5
1704348000000,2990641.9
1704351600000,2995770.0
1704355200000,2985947.0
1704358800000,2987832.6
1704362400000,3010953.7
1704366000000,3022249.4
1704369600000,3021500.4
1704373200000,3020783.1
1704376800000,2984184.0
1704380400000,2996648.6
1704384000000,3006188.2
1704387600000,2983961.3
1704391200000,2996381.3
1704394800000,3013814.6
1704398400000,3004219.1
1704402000000,3013671.9
1704405600000,2983655.4
1704409200000,2956180.0
1704412800000,2958685.9
1704416400000,2911357.4
1704420000000,2822724.9
1704423600000,2860606.4
1704427200000,2879324.3
1704430800000,2874104.2
1704434400000,2889270.0
1704438000000,2926936.3
1704441600000,2958585.3
1704445200000,3002399.2
1704448800000,3010717.9
1704452400000,2989886.5
1704456000000,3011289.3
1704459600000,3018034.9
1704463200000,3009182.3
1704466800000,2996177.9
1704470400000,3020374.7
1704474000000,2998754.5
1704477600000,2964429.5
1704481200000,2960787.7
1704484800000,2956401.8
1704488400000,2954565.4
1704492000000,2961202.7
1704495600000,2964936.3
1704499200000,2968748.2
1704502800000,2959164.9
1704506400000,2938004.4
1704510000000,2948147.4
1704513600000,2957753.6
1704517200000,2947717.7
1704520800000,2926612.5
1704524400000,2984686.0
1704528000000,3011750.3
1704531600000,2996432.1
1704535200000,2992891.2
1704538800000,3001872.1
1704542400000,3003044.7
1704546000000,3007099.6
1704549600000,3011948.7
1704553200000,2985722.8
1704556800000,2989320.6
1704560400000,2998083.1
1704564000000,2981813.8
1704567600000,2997139.1
1704571200000,2974470.8
1704574800000,2988042.9
1704578400000,3050062.3
1704582000000,3063142.7
1704585600000,3059209.6
1704589200000,3047723.9
1704592800000,3074828.1
1704596400000,3087397.5
1704600000000,3091553.0
1704603600000,3088093.0
1704607200000,3068168.0
1704610800000,3064111.0
1704614400000,3072062.8
1704618000000,3049826.8
1704621600000,3057753.1
1704625200000,3073038.0
1704628800000,3060502.0
1704632400000,3071361.3
1704636000000,3066895.7
1704639600000,3047627.6
1704643200000,3018320.3
1704646800000,3029163.3
1704650400000,3033022.4
1704654000000,3056969.7
1704657600000,3053426.9
1704661200000,3015506.3
1704664800000,3018931.6
1704668400000,2939483.8
1704672000000,2943316.5
1704675600000,2972521.1
1704679200000,3003594.5
1704682800000,2991876.0
1704686400000,2920997.4
1704690000000,2937031.9
1704693600000,2939473.8
1704697200000,2934057.3
1704700800000,2922698.2
1704704400000,2937393.3
1704708000000,2942742.1
1704711600000,2960524.7
1704715200000,2943808.5
1704718800000,2941072.6
1704722400000,2930595.6
1704726000000,2933224.0
1704729600000,2939821.9
1704733200000,2918447.1
1704736800000,2927930.3
1704740400000,2902101.6
1704744000000,2832085.0
1704747600000,2861094.1
1704751200000,2878291.7
1704754800000,2889891.1
1704758400000,2844586.9
1704762000000,2841371.5
1704765600000,2827414.8
1704769200000,2856267.3
1704772800000,2894984.9
1704776400000,2944724.0
1704780000000,2916842.9
1704783600000,2919305.0
1704787200000,2980827.6
1704790800000,3028757.6
1704794400000,3081828.8
1704798000000,3052217.0
1704801600000,3109333.2
1704805200000,2968954.7
1704808800000,3038590.3
1704812400000,2955968.0
1704816000000,2947095.7
1704819600000,2922030.5
1704823200000,2881544.5
1704826800000,2905514.0
1704830400000,2895217.6
1704834000000,2858385.3
1704837600000,2805432.4
1704841200000,2812567.1
1704844800000,2800174.0
1704848400000,2798748.29999999
1704852000000,2817041.5
1704855600000,2815527.4
1704859200000,2860680.8
1704862800000,2852669.7
1704866400000,2851949.6
1704870000000,2805787.5
1704873600000,2810223.6
1704877200000,2840263.8
1704880800000,2862439.5
1704884400000,2906059.4
1704888000000,2915016.8
1704891600000,2863952.0
1704895200000,2883463.6
1704898800000,2890288.6
1704902400000,2873858.3
1704906000000,2871890.9
1704909600000,2871245.4
1704913200000,2869559.9
1704916800000,2857086.1
1704920400000,2846900.6
1704924000000,2853314.6
1704927600000,2984295.5
1704931200000,2964446.0
1704934800000,2997088.3
1704938400000,2981164.6
1704942000000,2997324.0
1704945600000,3017747.3
1704949200000,3056446.8
1704952800000,2993068.7
1704956400000,2995683.7
1704960000000,3047182.4
1704963600000,3081906.0
1704967200000,3084428.5
1704970800000,3204937.8
1704974400000,3383469.5
1704978000000,3399536.2
1704981600000,3544072.8
1704985200000,3424847.4
1704988800000,3245045.6
1704992400000,3189685.5
1704996000000,3198795.9
1704999600000,3199223.9
1705003200000,3207024.4
1705006800000,3189271.0
1705010400000,3175081.3
1705014000000,3161729.4
1705017600000,3151355.8
1705021200000,3147245.0
1705024800000,3160117.3
1705028400000,3175291.8
1705032000000,3207610.9
1705035600000,3225943.8
1705039200000,3252730.7
1705042800000,3260185.2
1705046400000,3274563.4
1705050000000,3302143.7
1705053600000,3319853.8
1705057200000,3339466.0
1705060800000,3371918.7
1705064400000,3335015.5
1705068000000,3351365.5
1705071600000,3318434.8
1705075200000,3336930.4
1705078800000,3303250.5
1705082400000,3311468.3
1705086000000,3287775.7
1705089600000,3281319.4
1705093200000,3276255.2
1705096800000,3234128.5
1705100400000,3140026.3
1705104000000,3153506.5
1705107600000,3149998.6
1705111200000,3183193.7
1705114800000,3196314.7
1705118400000,3204452.3
1705122000000,3207019.3
1705125600000,3217992.9
1705129200000,3189956.3
1705132800000,3168575.8
1705136400000,3183929.8
1705140000000,3170151.5
1705143600000,3159795.5
1705147200000,3151651.8
1705150800000,3174671.4
1705154400000,3182083.3
1705158000000,3184152.5
1705161600000,3172166.1
1705165200000,3171208.9
1705168800000,3162863.5
1705172400000,3171417.8
1705176000000,3155136.0
1705179600000,3159593.3
1705183200000,3141691.0
1705186800000,3175946.4
1705190400000,3171214.9
1705194000000,3105208.8
1705197600000,3103797.6
1705201200000,3092633.9
1705204800000,3118195.0
1705208400000,3115983.7
1705212000000,3145349.2
1705215600000,3133702.4
1705219200000,3092763.7
1705222800000,3102267.0
1705226400000,3108789.1
1705230000000,3110140.4
1705233600000,3120440.8
1705237200000,3117343.3
1705240800000,3116010.8
1705244400000,3111722.0
1705248000000,3133556.0
1705251600000,3153219.6
1705255200000,3151466.3
1705258800000,3136597.4
1705262400000,3170533.7
1705266000000,3173591.3
1705269600000,3163045.8
1705273200000,3126634.0
1705276800000,3114256.0
1705280400000,3131506.5
1705284000000,3108670.2
1705287600000,3121044.5
1705291200000,3084714.0
1705294800000,3089166.1
1705298400000,3096066.0
1705302000000,3079429.3
1705305600000,3091449.6
1705309200000,3100681.7
1705312800000,3117282.0
1705316400000,3115780.8
1705320000000,3123827.1
1705323600000,3144307.0
1705327200000,3129333.4
1705330800000,3112805.6
1705334400000,3127124.8
1705338000000,3140914.0
1705341600000,3149421.6
1705345200000,3112068.0
1705348800000,3190227.5
1705352400000,3168049.9
1705356000000,3163714.5
1705359600000,3140359.2
1705363200000,3179592.9
1705366800000,3184782.3
1705370400000,3183431.1
1705374000000,3181769.7
1705377600000,3226785.7
1705381200000,3232539.4
1705384800000,3242972.7
1705388400000,3251249.0
1705392000000,3204677.1
1705395600000,3223683.4
1705399200000,3229434.6
1705402800000,3212528.8
1705406400000,3210871.3
1705410000000,3224758.2
1705413600000,3195271.0
1705417200000,3189522.9
1705420800000,3260491.1
1705424400000,3225862.7
1705428000000,3218988.2
1705431600000,3221314.8
1705435200000,3212641.9
1705438800000,3213454.5
1705442400000,3212702.1
1705446000000,3214555.9
1705449600000,3192935.8
1705453200000,3238363.3
1705456800000,3266029.0
1705460400000,3268891.0
1705464000000,3276508.5
1705467600000,3286816.3
1705471200000,3267180.1
1705474800000,3256908.7
1705478400000,3305245.2
1705482000000,3324108.2
1705485600000,3348032.0
1705489200000,3492566.8
1705492800000,3589245.8
1705496400000,3638482.1
1705500000000,3615010.6
1705503600000,3608698.4
1705507200000,3595167.5
1705510800000,3621372.9
1705514400000,3574585.4
1705518000000,3644036.0
1705521600000,3689913.7
1705525200000,3777904.8
1705528800000,3831990.6
1705532400000,3752829.6
1705536000000,3737093.7
1705539600000,3720624.2
1705543200000,3663501.6
1705546800000,3704693.8
1705550400000,3707675.1
1705554000000,3737366.0
1705557600000,3759864.3
1705561200000,3760088.1
1705564800000,3793273.9
1705568400000,3813957.9
1705572000000,3814133.6
1705575600000,3719408.3
1705579200000,3675278.4
1705582800000,3632853.4
1705586400000,3653326.0
1705590000000,3718231.7
1705593600000,3713143.0
1705597200000,3601473.2
1705600800000,3649504.8
1705604400000,3640256.6
1705608000000,3563009.0
1705611600000,3562967.1
1705615200000,3585546.8
1705618800000,3560928.9
1705622400000,3539867.7
1705626000000,3530671.3
1705629600000,3491965.8
1705633200000,3492542.4
1705636800000,3478064.3
1705640400000,3487120.4
1705644000000,3483393.2
1705647600000,3469969.6
1705651200000,3472466.8
1705654800000,3486082.1
1705658400000,3491983.5
1705662000000,3492124.8
1705665600000,3496299.4
1705669200000,3482492.9
1705672800000,3457110.2
1705676400000,3493060.2
1705680000000,3493482.9
1705683600000,3452481.1
1705687200000,3403989.9
1705690800000,3360943.5
1705694400000,3361742.7
1705698000000,3313624.3
1705701600000,3310845.8
1705705200000,3312106.9
1705708800000,3305267.0
1705712400000,3303569.1
1705716000000,3300252.4
1705719600000,3297284.3
1705723200000,3298922.5
1705726800000,3299110.0
1705730400000,3313569.4
1705734000000,3309903.0
1705737600000,3300136.4
1705741200000,3329005.8
1705744800000,3339268.2
1705748400000,3363698.9
1705752000000,3362043.2
1705755600000,3380181.8
1705759200000,3391157.2
1705762800000,3406451.5
1705766400000,3382284.2
1705770000000,3361762.5
1705773600000,3357574.6
1705777200000,3334292.6
1705780800000,3341427.6
1705784400000,3353727.7
1705788000000,3421357.5
1705791600000,3404295.5
1705795200000,3399067.1
1705798800000,3361565.4
1705802400000,3364292.3
1705806000000,3352302.0
1705809600000,3337464.2
1705813200000,3347151.4
1705816800000,3356750.9
1705820400000,3362486.5
1705824000000,3395857.7
1705827600000,3406095.5
1705831200000,3408512.0
1705834800000,3391919.6
1705838400000,3366058.3
1705842000000,3361439.1
1705845600000,3348582.4
1705849200000,3335436.8
1705852800000,3305418.8
1705856400000,3321257.1
1705860000000,3323647.5
1705863600000,3356705.2
1705867200000,3366450.6
1705870800000,3370901.4
1705874400000,3361056.9
1705878000000,3340565.7
1705881600000,3355725.3
1705885200000,3344292.3
1705888800000,3350140.6
1705892400000,3347494.2
1705896000000,3343572.9
1705899600000,3362505.1
1705903200000,3363173.7
1705906800000,3370227.0
1705910400000,3352370.4
1705914000000,3404178.5
1705917600000,3455418.5
1705921200000,3443575.7
1705924800000,3458715.3
1705928400000,3490238.1
1705932000000,3482979.8
1705935600000,3483451.0
1705939200000,3476774.0
1705942800000,3503907.9
1705946400000,3511799.4
1705950000000,3496003.3
1705953600000,3477009.1
1705957200000,3393717.1
1705960800000,3421617.3
1705964400000,3437249.1
1705968000000,3457508.2
1705971600000,3436055.0
1705975200000,3398223.1
1705978800000,3429129.8
1705982400000,3429371.5
1705986000000,3412420.7
1705989600000,3415523.7
1705993200000,3448867.0
1705996800000,3447163.4
1706000400000,3463856.3
1706004000000,3521991.3
1706007600000,3499855.2
1706011200000,3513973.9
1706014800000,3500683.4
1706018400000,3513736.0
1706022000000,3534112.7
1706025600000,3407781.5
1706029200000,3372865.1
1706032800000,3277194.4
1706036400000,3219746.5
1706040000000,3244392.2
1706043600000,3221359.0
1706047200000,3187419.1
1706050800000,3163129.6
1706054400000,3165425.2
1706058000000,3177305.6
1706061600000,3186310.1
1706065200000,3201487.1
1706068800000,3174586.4
1706072400000,3201573.5
1706076000000,3208949.9
1706079600000,3206824.9
1706083200000,3223465.8
1706086800000,3221744.7
1706090400000,3236213.2
1706094000000,3299201.9
1706097600000,3352069.5
1706101200000,3322212.9
1706104800000,3319506.2
1706108400000,3312529.9
1706112000000,3322826.9
1706115600000,3267571.2
1706119200000,3262393.1
1706122800000,3216775.4
1706126400000,3220351.0
1706130000000,3180698.1
1706133600000,3194190.2
1706137200000,3190041.4
1706140800000,3194635.2
1706144400000,3201998.8
1706148000000,3179740.6
1706151600000,3183170.2
1706155200000,3263398.4
1706158800000,3266530.8
1706162400000,3231052.4
1706166000000,3194166.0
1706169600000,3205320.6
1706173200000,3199355.2
1706176800000,3190260.9
1706180400000,3255525.6
1706184000000,3236148.5
1706187600000,3226806.7
1706191200000,3216158.8
1706194800000,3227398.1
1706198400000,3184463.7
1706202000000,3197326.8
1706205600000,3204189.9
1706209200000,3169709.8
1706212800000,3269216.0
1706216400000,3228169.3
1706220000000,3228254.0
1706223600000,3164644.3
1706227200000,3145205.1
1706230800000,3163298.7
1706234400000,3170171.9
1706238000000,3201354.2
1706241600000,3210613.0
1706245200000,3202909.9
1706248800000,3207953.1
1706252400000,3193422.8
1706256000000,3171481.9
1706259600000,3230171.2
1706263200000,3191388.7
1706266800000,3159977.1
1706270400000,3238429.3
1706274000000,3215976.1
1706277600000,3232684.5
1706281200000,3280716.8
1706284800000,3285091.8
1706288400000,3271368.4
1706292000000,3303273.1
1706295600000,3301555.1
1706299200000,3331855.1
1706302800000,3303319.1
1706306400000,3262300.9
1706310000000,3256849.5
1706313600000,3265966.5
1706317200000,3270782.7
1706320800000,3269435.8
1706324400000,3266697.0
1706328000000,3240294.1
1706331600000,3254223.9
1706335200000,3222969.4
1706338800000,3243568.3
1706342400000,3209091.9
1706346000000,3220474.1
1706349600000,3263998.3
1706353200000,3294061.9
1706356800000,3297696.2
1706360400000,3308474.5
1706364000000,3350743.4
1706367600000,3357983.2
1706371200000,3331703.2
1706374800000,3294490.9
1706378400000,3308339.1
1706382000000,3354291.1
1706385600000,3363049.5
1706389200000,3369068.3
1706392800000,3339444.0
1706396400000,3349027.2
1706400000000,3372785.7
1706403600000,3354035.8
1706407200000,3340225.5
1706410800000,3366095.8
1706414400000,3337671.9
1706418000000,3367231.6
1706421600000,3341789.5
1706425200000,3363462.3
1706428800000,3379703.0
1706432400000,3404614.5
1706436000000,3439939.4
1706439600000,3447462.4
1706443200000,3460762.9
1706446800000,3468894.1
1706450400000,3508246.3
1706454000000,3528874.9
1706457600000,3519055.8
1706461200000,3525552.5
1706464800000,3480026.1
1706468400000,3483018.2
1706472000000,3475598.5
1706475600000,3413015.9
1706479200000,3420443.5
1706482800000,3419059.0
1706486400000,3425048.9
1706490000000,3430023.9
1706493600000,3434600.8
1706497200000,3449887.7
1706500800000,3453828.3
1706504400000,3420144.7
1706508000000,3417349.9
1706511600000,3518268.8
1706515200000,3523855.7
1706518800000,3556832.3
1706522400000,3563537.8
1706526000000,3593901.3
1706529600000,3633680.1
1706533200000,3637508.3
1706536800000,3662082.4
1706540400000,3660137.7
1706544000000,3683319.9
1706547600000,3685868.2
1706551200000,3726771.8
1706554800000,3670462.5
1706558400000,3659527.0
1706562000000,3670735.7
1706565600000,3644800.2
1706569200000,3643228.7
1706572800000,3619315.8
1706576400000,3636755.5
1706580000000,3617834.3
1706583600000,3594429.0
1706587200000,3597285.2
1706590800000,3607834.2
1706594400000,3618353.8
1706598000000,3651133.7
1706601600000,3677780.4
1706605200000,3685085.5
1706608800000,3702439.2
1706612400000,3701221.9
1706616000000,3735724.7
1706619600000,3688985.5
1706623200000,3702485.6
1706626800000,3731914.1
1706630400000,3715144.1
1706634000000,3729082.3
1706637600000,3692957.8
1706641200000,3675399.7
1706644800000,3677606.4
1706648400000,3650937.4
1706652000000,3703673.8
1706655600000,3656812.0
1706659200000,3662820.7
1706662800000,3581575.2
1706666400000,3556363.9
1706670000000,3529670.3
1706673600000,3512450.8
1706677200000,3479726.7
1706680800000,3505530.7
1706684400000,3526543.8
1706688000000,3519227.0
1706691600000,3537256.7
1706695200000,3468411.4
1706698800000,3459652.7
1706702400000,3461535.0
1706706000000,3481848.3
1706709600000,3466695.5
1706713200000,3471626.4
1706716800000,3479519.8
1706720400000,3512467.5
1706724000000,3545297.9
1706727600000,3539407.6
1706731200000,3479626.9
1706734800000,3437768.3
1706738400000,3451893.2
1706742000000,3445144.0
1706745600000,3448932.5
1706749200000,3470561.3
1706752800000,3478365.7
1706756400000,3532980.8
1706760000000,3552327.0
1706763600000,3538280.9
1706767200000,3534748.1
1706770800000,3513706.1
1706774400000,3469510.2
1706778000000,3462351.6
1706781600000,3486437.3
1706785200000,3520996.4
1706788800000,3494100.5
1706792400000,3492519.5
1706796000000,3462280.2
1706799600000,3433457.6
1706803200000,3403964.5
1706806800000,3410276.8
1706810400000,3419611.9
1706814000000,3415228.6
1706817600000,3367432.0
1706821200000,3356751.2
1706824800000,3347754.8
1706828400000,3357466.4
1706832000000,3370324.6
1706835600000,3370172.9
1706839200000,3375236.0
1706842800000,3396689.5
1706846400000,3374432.7
1706850000000,3386342.3
1706853600000,3416184.2
1706857200000,3471942.8
1706860800000,3492239.6
1706864400000,3477825.1
1706868000000,3495345.4
1706871600000,3496046.7
1706875200000,3511603.0
1706878800000,3476255.3
1706882400000,3453357.7
1706886000000,3480977.8
1706889600000,3482573.2
1706893200000,3439129.1
1706896800000,3415505.6
1706900400000,3414865.4
1706904000000,3414844.6
1706907600000,3404032.7
1706911200000,3397065.9
1706914800000,3389412.6
1706918400000,3373262.8
1706922000000,3349903.8
1706925600000,3348032.2
1706929200000,3354930.3
1706932800000,3367929.8
1706936400000,3372969.3
1706940000000,3372622.7
1706943600000,3363419.8
1706947200000,3365161.9
1706950800000,3369472.6
1706954400000,3370980.8
1706958000000,3381794.5
1706961600000,3397600.9
1706965200000,3406887.5
1706968800000,3422791.0
1706972400000,3440655.5
1706976000000,3422192.6
1706979600000,3451117.3
1706983200000,3439249.2
1706986800000,3430947.9
1706990400000,3441533.8
1706994000000,3443500.0
1706997600000,3434663.2
1707001200000,3416027.8
1707004800000,3403005.9
1707008400000,3382941.9
1707012000000,3382141.1
1707015600000,3377927.0
1707019200000,3375818.8
1707022800000,3357699.0
1707026400000,3363999.9
1707030000000,3364160.1
1707033600000,3359756.8
1707037200000,3383252.4
1707040800000,3400366.1
1707044400000,3408130.5
1707048000000,3418283.5
1707051600000,3441997.3
1707055200000,3432926.6
1707058800000,3414522.0
1707062400000,3420776.0
1707066000000,3431325.9
1707069600000,3437410.2
1707073200000,3429242.8
1707076800000,3448281.0
1707080400000,3459806.1
1707084000000,3461623.3
1707087600000,3429321.3
1707091200000,3413628.6
1707094800000,3431360.0
1707098400000,3450954.3
1707102000000,3477041.6
1707105600000,3463287.7
1707109200000,3440343.5
1707112800000,3457795.9
1707116400000,3467289.6
1707120000000,3546993.0
1707123600000,3518994.8
1707127200000,3546044.6
1707130800000,3551218.4
1707134400000,3550224.6
1707138000000,3537406.3
1707141600000,3538784.0
1707145200000,3525339.1
1707148800000,3499078.3
1707152400000,3501740.0
1707156000000,3518401.0
1707159600000,3513695.6
1707163200000,3505059.5
1707166800000,3520509.2
1707170400000,3522367.2
1707174000000,3500964.3
1707177600000,3467523.1
1707181200000,3475656.3
1707184800000,3461558.6
1707188400000,3448229.2
1707192000000,3440212.8
1707195600000,3447320.8
1707199200000,3461032.6
1707202800000,3468862.8
1707206400000,3460254.3
1707210000000,3511247.4
1707213600000,3492899.2
1707217200000,3699080.9
1707220800000,3686055.7
1707224400000,3735211.7
1707228000000,3711229.8
1707231600000,3758797.7
1707235200000,3723979.6
1707238800000,3708831.5
1707242400000,3725354.7
1707246000000,3678504.8
1707249600000,3699834.4
1707253200000,3656034.8
1707256800000,3595562.3
1707260400000,3569104.9
1707264000000,3591435.9
1707267600000,3596990.0
1707271200000,3591180.1
1707274800000,3577215.8
1707278400000,3551825.8
1707282000000,3592820.5
1707285600000,3599425.5
1707289200000,3608468.0
1707292800000,3617579.0
1707296400000,3626829.4
1707300000000,3616251.0
1707303600000,3628926.3
1707307200000,3655809.8
1707310800000,3629879.2
1707314400000,3647233.8
1707318000000,3633928.3
1707321600000,3607601.0
1707325200000,3580771.7
1707328800000,3608292.2
1707332400000,3633029.2
1707336000000,3672827.5
1707339600000,3708139.2
1707343200000,3666025.4
1707346800000,3682208.3
1707350400000,3682028.1
1707354000000,3690625.1
1707357600000,3676509.2
1707361200000,3680196.3
1707364800000,3686533.0
1707368400000,3695240.9
1707372000000,3688264.3
1707375600000,3676265.0
1707379200000,3634942.4
1707382800000,3673623.0
1707386400000,3695321.1
1707390000000,3707380.7
1707393600000,3707814.1
1707397200000,3711743.8
1707400800000,3749159.5
1707404400000,3853217.5
1707408000000,3882864.9
1707411600000,3804646.0
1707415200000,3798087.7
1707418800000,3769706.1
1707422400000,3764363.9
1707426000000,3748310.7
1707429600000,3760690.2
1707433200000,3762893.6
1707436800000,3788306.8
1707440400000,3734054.4
1707444000000,3755629.2
1707447600000,3771631.9
1707451200000,3680374.7
1707454800000,3688828.9
1707458400000,3704476.7
1707462000000,3718415.1
1707465600000,3815349.2
1707469200000,3868527.4
1707472800000,3918342.8
1707476400000,3927282.9
1707480000000,3922382.5
1707483600000,3932747.3
1707487200000,3979911.2
1707490800000,3950674.7
1707494400000,3930467.5
1707498000000,3915249.0
1707501600000,3953624.0
1707505200000,3952137.5
1707508800000,3923557.7
1707512400000,3960771.1
1707516000000,4025537.7
1707519600000,3964752.0
1707523200000,3956759.8
1707526800000,4016827.8
1707530400000,4071182.4
1707534000000,4140979.3
1707537600000,4089038.1
1707541200000,4102932.7
1707544800000,4113368.9
1707548400000,4086694.8
1707552000000,4123945.2
1707555600000,4121502.4
1707559200000,4172093.5
1707562800000,4159343.1
1707566400000,4222515.7
1707570000000,4227850.0
1707573600000,4233107.7
1707577200000,4225513.2
1707580800000,4216232.0
1707584400000,4241509.4
1707588000000,4235875.59999999
1707591600000,4242612.4
1707595200000,4234994.4
1707598800000,4172454.5
1707602400000,4180916.6
1707606000000,4156094.0
1707609600000,4160932.0
1707613200000,4161643.6
1707616800000,4162265.6
1707620400000,4152858.9
1707624000000,4115088.1
1707627600000,4080261.8
1707631200000,4072348.4
1707634800000,4081762.5
1707638400000,4093902.5
1707642000000,4141909.1
1707645600000,4297474.7
1707649200000,4251292.59999999
1707652800000,4258813.8
1707656400000,4224725.09999999
1707660000000,4278202.3
1707663600000,4293343.09999999
1707667200000,4298716.4
1707670800000,4275164.3
1707674400000,4284485.59999999
1707678000000,4249329.3
1707681600000,4204563.7
1707685200000,4189025.1
1707688800000,4207428.5
1707692400000,4211892.7
1707696000000,4220843.5
1707699600000,4194071.8
1707703200000,4149343.2
1707706800000,4063912.0
1707710400000,4058948.7
1707714000000,4036069.2
1707717600000,4022960.5
1707721200000,4029858.5
1707724800000,4057725.5
1707728400000,4065711.0
1707732000000,4070381.4
1707735600000,4078625.1
1707739200000,4062244.0
1707742800000,4097099.4
1707746400000,4105165.9
1707750000000,4146837.5
1707753600000,4114903.4
1707757200000,4161068.7
1707760800000,4066810.1
1707764400000,4053336.7
1707768000000,4154045.7
1707771600000,4139458.0
1707775200000,4082943.9
1707778800000,4077701.0
1707782400000,4090779.6
1707786000000,4085915.4
1707789600000,4075810.1
1707793200000,4108094.3
1707796800000,4083002.8
1707800400000,4079888.5
1707804000000,4101428.1
1707807600000,4065193.6
1707811200000,4079470.7
1707814800000,4095907.7
1707818400000,4090549.3
1707822000000,4038140.9
1707825600000,4047455.6
1707829200000,4029504.6
1707832800000,4069355.4
1707836400000,4014724.3
1707840000000,4022010.9
1707843600000,4026016.0
1707847200000,4022456.7
1707850800000,3961538.4
1707854400000,3950233.2
1707858000000,3943622.7
1707861600000,4000268.1
1707865200000,3974033.9
1707868800000,3956667.7
1707872400000,3923357.9
1707876000000,3914788.1
1707879600000,3902555.5
1707883200000,3900033.8
1707886800000,3893073.9
1707890400000,3897690.8
1707894000000,3923540.8
1707897600000,4018405.9
1707901200000,4000832.7
1707904800000,4046894.6
1707908400000,4069047.5
1707912000000,4085884.0
1707915600000,4071868.4
1707919200000,4051113.7
1707922800000,4052415.7
1707926400000,3996159.9
1707930000000,3970349.8
1707933600000,3956402.3
1707937200000,3990577.9
1707940800000,3990872.3
1707944400000,3960178.5
1707948000000,3940072.3
1707951600000,3927973.2
1707955200000,3945424.3
1707958800000,3945156.4
1707962400000,3918527.7
1707966000000,3933263.8
1707969600000,3937120.0
1707973200000,3969288.9
1707976800000,3982417.2
1707980400000,3978657.5
1707984000000,4023416.4
1707987600000,4042220.9
1707991200000,4107132.4
1707994800000,4061712.7
1707998400000,4021869.4
1708002000000,4008454.8
1708005600000,4028898.9
1708009200000,4032049.4
1708012800000,3988026.0
1708016400000,3994881.1
1708020000000,4005347.8
1708023600000,3972823.9
1708027200000,3972929.7
1708030800000,3908552.8
1708034400000,3856980.6
1708038000000,3898121.0
1708041600000,3919000.8
1708045200000,3866726.0
1708048800000,3892321.6
1708052400000,3894041.6
1708056000000,3905732.0
1708059600000,3910438.8
1708063200000,3925439.0
1708066800000,3947620.3
1708070400000,3982188.8
1708074000000,4019721.5
1708077600000,4010531.6
1708081200000,3971731.5
1708084800000,3967101.7
1708088400000,3963323.1
1708092000000,3957412.6
1708095600000,3970533.3
1708099200000,3977238.6
1708102800000,4035763.6
1708106400000,4015334.2
1708110000000,4028085.4
1708113600000,4038692.1
1708117200000,4027537.7
1708120800000,4029469.5
1708124400000,4017572.1
1708128000000,4008716.3
1708131600000,4003786.7
1708135200000,3980316.1
1708138800000,3987265.2
1708142400000,4016193.3
1708146000000,4060771.0
1708149600000,4039192.9
1708153200000,4050378.1
1708156800000,4056402.6
1708160400000,4082092.0
1708164000000,4071404.4
1708167600000,4070174.8
1708171200000,4082460.3
1708174800000,4056098.5
1708178400000,3969519.8
1708182000000,3936416.5
1708185600000,3945066.9
1708189200000,3977593.3
1708192800000,3960207.8
1708196400000,3955630.8
1708200000000,3929892.8
1708203600000,3913907.6
1708207200000,3870878.0
1708210800000,3877894.4
1708214400000,3881512.1
1708218000000,3862555.5
1708221600000,3859793.0
1708225200000,3843695.6
1708228800000,3849395.0
1708232400000,3833678.5
1708236000000,3837794.6
1708239600000,3837543.8
1708243200000,3846477.9
1708246800000,3845475.5
1708250400000,3840205.6
1708254000000,3746075.5
1708257600000,3764010.2
1708261200000,3745102.4
1708264800000,3763257.5
1708268400000,3786620.9
1708272000000,3810168.3
1708275600000,3712382.8
1708279200000,3714919.6
1708282800000,3708815.4
1708286400000,3714866.2
1708290000000,3704835.2
1708293600000,3680374.0
1708297200000,3722041.3
1708300800000,3709248.7
1708304400000,3714929.1
1708308000000,3678558.2
1708311600000,3701644.3
1708315200000,3662023.1
1708318800000,3669827.3
1708322400000,3682873.9
1708326000000,3700651.8
1708329600000,3688842.3
1708333200000,3693390.1
1708336800000,3710433.4
1708340400000,3726844.8
1708344000000,3710266.0
1708347600000,3701109.8
1708351200000,3850128.9
1708354800000,3824866.6
1708358400000,3817230.2
1708362000000,3818530.8
1708365600000,3837799.4
1708369200000,3865639.5
1708372800000,3868739.3
1708376400000,3850370.4
1708380000000,3848658.7
1708383600000,3846944.0
1708387200000,3860928.8
1708390800000,3848925.2
1708394400000,3868738.0
1708398000000,3877594.0
1708401600000,3882728.2
1708405200000,3920562.2
1708408800000,3929286.6
1708412400000,3884700.3
1708416000000,3902615.1
1708419600000,3929044.6
1708423200000,3876209.6
1708426800000,3877007.1
1708430400000,3888457.7
1708434000000,3892105.2
1708437600000,3919130.7
1708441200000,3876885.6
1708444800000,3749001.5
1708448400000,3727974.0
1708452000000,3794358.7
1708455600000,3781161.0
1708459200000,3808181.1
1708462800000,3834446.4
1708466400000,3812373.9
1708470000000,3762164.1
1708473600000,3706202.5
1708477200000,3683035.9
1708480800000,3677977.5
1708484400000,3685132.2
1708488000000,3736575.4
1708491600000,3733062.5
1708495200000,3726932.2
1708498800000,3747994.1
1708502400000,3760105.6
1708506000000,3765381.5
1708509600000,3792247.5
1708513200000,3869967.7
1708516800000,3884760.9
1708520400000,3841347.9
1708524000000,3810099.9
1708527600000,3821063.8
1708531200000,3728962.1
1708534800000,3706927.8
1708538400000,3721593.6
1708542000000,3726306.8
1708545600000,3708292.4
1708549200000,3693912.1
1708552800000,3626146.2
1708556400000,3579703.1
1708560000000,3590822.4
1708563600000,3593899.6
1708567200000,3594293.0
1708570800000,3596010.4
1708574400000,3600999.8
1708578000000,3616385.6
1708581600000,3612047.0
1708585200000,3647342.0
1708588800000,3630004.0
1708592400000,3653211.3
1708596000000,3611084.3
1708599600000,3592408.8
1708603200000,3592401.2
1708606800000,3588364.6
1708610400000,3583098.7
1708614000000,3625649.6
1708617600000,3611518.5
1708621200000,3630423.2
1708624800000,3631033.1
1708628400000,3628372.9
1708632000000,3658575.9
1708635600000,3609782.0
1708639200000,3573224.6
1708642800000,3578102.5
1708646400000,3584104.5
1708650000000,3616171.9
1708653600000,3620819.3
1708657200000,3626598.1
1708660800000,3615105.7
1708664400000,3638103.0
1708668000000,3628486.6
1708671600000,3720614.7
1708675200000,3672668.0
1708678800000,3672834.0
1708682400000,3690432.2
1708686000000,3735777.2
1708689600000,3785998.8
1708693200000,3749877.4
1708696800000,3721968.0
1708700400000,3702679.2
1708704000000,3732906.4
1708707600000,3694796.9
1708711200000,3695875.0
1708714800000,3697687.7
1708718400000,3703150.2
1708722000000,3708085.8
1708725600000,3696506.2
1708729200000,3735094.8
1708732800000,3751281.3
1708736400000,3737197.5
1708740000000,3728660.1
1708743600000,3721929.7
1708747200000,3801677.1
1708750800000,3800953.2
1708754400000,3832660.7
1708758000000,3834690.3
1708761600000,3855956.0
1708765200000,3850296.7
1708768800000,3946715.9
1708772400000,3949411.8
1708776000000,3941482.2
1708779600000,3922725.3
1708783200000,3949930.8
1708786800000,3918852.4
1708790400000,3917258.1
1708794000000,3963923.3
1708797600000,3899889.1
1708801200000,3867322.2
1708804800000,3853967.9
1708808400000,3844066.6
1708812000000,3888431.1
1708815600000,3894437.9
1708819200000,3904970.3
1708822800000,3869520.3
1708826400000,3882357.4
1708830000000,3897836.7
1708833600000,3866691.5
1708837200000,3832483.8
1708840800000,3841739.8
1708844400000,3853899.6
1708848000000,3814364.3
1708851600000,3804009.1
1708855200000,3814841.2
1708858800000,3829343.0
1708862400000,3854851.3
1708866000000,3850848.6
1708869600000,3852755.5
1708873200000,3882329.8
1708876800000,3849102.3
1708880400000,3847484.8
1708884000000,3873294.4
1708887600000,3872673.6
1708891200000,3874780.7
1708894800000,4037579.6
1708898400000,3983345.2
1708902000000,4008559.5
1708905600000,4025067.2
1708909200000,4066384.4
1708912800000,4076219.6
1708916400000,4025516.8
1708920000000,3996163.2
1708923600000,3964924.5
1708927200000,3958692.1
1708930800000,3962329.1
1708934400000,3982020.5
1708938000000,3982968.7
1708941600000,3877377.5
1708945200000,3881315.3
1708948800000,3931110.0
1708952400000,3977738.0
1708956000000,3959048.2
1708959600000,3930048.5
1708963200000,3828521.3
1708966800000,3886119.0
1708970400000,3980306.2
1708974000000,3945194.1
1708977600000,3983706.2
1708981200000,3985702.6
1708984800000,3933621.0
1708988400000,3961011.5
1708992000000,3980810.2
1708995600000,4004475.6
1708999200000,4050906.7
1709002800000,4200032.4
1709006400000,4087420.0
1709010000000,4023428.0
1709013600000,4020957.0
1709017200000,4009618.0
1709020800000,4027042.0
1709024400000,4102663.3
1709028000000,4050991.4
1709031600000,4143598.9
1709035200000,4092524.0
1709038800000,4062174.5
1709042400000,4087368.5
1709046000000,4036666.1
1709049600000,3984839.4
1709053200000,4005315.5
1709056800000,4153648.6
1709060400000,4176449.2
1709064000000,4138435.1
1709067600000,4124949.5
1709071200000,4141649.7
1709074800000,4150155.1
1709078400000,4250597.59999999
1709082000000,4256569.09999999
1709085600000,4091567.3
1709089200000,4102942.3
1709092800000,4081883.2
1709096400000,4081117.3
1709100000000,4091487.4
1709103600000,4104422.0
1709107200000,4163716.7
1709110800000,4185139.2
1709114400000,4259770.59999999
1709118000000,4290704.4
1709121600000,3989625.8
1709125200000,4063715.6
1709128800000,4144032.2
1709132400000,4083369.8
1709136000000,4105135.4
1709139600000,4318492.4
1709143200000,3989736.7
1709146800000,4056135.3
1709150400000,4002665.2
1709154000000,4117734.2
1709157600000,4274609.4
1709161200000,4401904.3
1709164800000,4492922.2
1709168400000,4541251.7
1709172000000,4587889.4
1709175600000,4583348.0
1709179200000,4553107.0
1709182800000,4565224.3
1709186400000,4550496.0
1709190000000,4509062.2
1709193600000,4543153.7
1709197200000,4627064.0
1709200800000,4534756.9
1709204400000,4598436.3
1709208000000,4617158.4
1709211600000,4548957.59999999
1709215200000,4619816.0
1709218800000,4556631.7
1709222400000,4566677.3
1709226000000,4494072.2
1709229600000,4516548.9
1709233200000,4465420.0
1709236800000,4496738.8
1709240400000,4485241.3
1709244000000,4463127.09999999
1709247600000,4393226.8
1709251200000,4378971.59999999
1709254800000,4464067.7
1709258400000,4630049.3
1709262000000,4593731.5
1709265600000,4596056.5
1709269200000,4643517.4
1709272800000,4626465.2
1709276400000,4610280.3
1709280000000,4589600.9
1709283600000,4606890.0
1709287200000,4626150.4
1709290800000,4611251.2
1709294400000,4708611.2
1709298000000,4679384.9
1709301600000,4724090.4
1709305200000,4667930.9
1709308800000,4660563.4
1709312400000,4663807.59999999
1709316000000,4727667.9
1709319600000,4740677.59999999
1709323200000,4709311.0
1709326800000,4609859.2
1709330400000,4515501.09999999
1709334000000,4477053.2
1709337600000,4440738.2
1709341200000,4379068.09999999
1709344800000,4334801.3
1709348400000,4314726.3
1709352000000,4339298.3
1709355600000,4322694.59999999
1709359200000,4360873.2
1709362800000,4323638.8
1709366400000,4288569.8
1709370000000,4257728.4
1709373600000,4212184.4
1709377200000,4187142.2
1709380800000,4214175.3
1709384400000,4282797.9
1709388000000,4246745.2
1709391600000,4291448.0
1709395200000,4279279.8
1709398800000,4279621.2
1709402400000,4245651.7
1709406000000,4245020.5
1709409600000,4311885.0
1709413200000,4341993.2
1709416800000,4365402.09999999
1709420400000,4352952.5
1709424000000,4360656.0
1709427600000,4318726.59999999
1709431200000,4331440.59999999
1709434800000,4359734.3
1709438400000,4363775.4
1709442000000,4363895.8
1709445600000,4343571.59999999
1709449200000,4354085.3
1709452800000,4295198.4
1709456400000,4297335.7
1709460000000,4281571.8
1709463600000,4249482.9
1709467200000,4239688.0
1709470800000,4341107.3
1709474400000,4355973.3
1709478000000,4386177.9
1709481600000,4424773.59999999
1709485200000,4524556.3
1709488800000,4582330.7
1709492400000,4563485.8
1709496000000,4556224.5
1709499600000,4469243.4
1709503200000,4462222.59999999
1709506800000,4392493.2
1709510400000,4381732.3
1709514000000,4347948.59999999
1709517600000,4318997.3
1709521200000,4304995.8
1709524800000,4295409.3
1709528400000,4292811.09999999
1709532000000,4300194.8
1709535600000,4319032.5
1709539200000,4374491.7
1709542800000,4569349.4
1709546400000,4613258.5
1709550000000,4535586.2
1709553600000,4471784.8
1709557200000,4451995.09999999
1709560800000,4452475.59999999
1709564400000,4462320.2
1709568000000,4546206.4
1709571600000,4447024.9
1709575200000,4308378.5
1709578800000,4427693.3
1709582400000,4364519.59999999
1709586000000,4322808.5
1709589600000,4378379.8
1709593200000,4336896.9
1709596800000,4347451.3
1709600400000,4259843.8
1709604000000,4268209.7
1709607600000,4207820.2
1709611200000,4235393.3
1709614800000,4223016.9
1709618400000,4268829.5
1709622000000,4230846.7
1709625600000,4204577.59999999
1709629200000,4443732.59999999
1709632800000,4449751.3
1709636400000,4295618.9
1709640000000,4229913.4
1709643600000,4220547.3
1709647200000,4185625.8
1709650800000,4258934.59999999
1709654400000,4325905.5
1709658000000,4122165.9
1709661600000,4263602.8
1709665200000,4241523.2
1709668800000,3980936.6
1709672400000,3878787.2
1709676000000,3942966.5
1709679600000,3845019.1
1709683200000,3899850.2
1709686800000,3876659.1
1709690400000,3861707.9
1709694000000,3855604.2
1709697600000,3876846.1
1709701200000,3839682.6
1709704800000,3821439.6
1709708400000,3793692.2
1709712000000,3842209.7
1709715600000,3794499.8
1709719200000,3780346.0
1709722800000,3806725.1
1709726400000,3839741.6
1709730000000,3704928.7
1709733600000,3671833.9
1709737200000,3635714.8
1709740800000,3722355.0
1709744400000,3727141.9
1709748000000,3761044.8
1709751600000,3732257.9
1709755200000,3881314.9
1709758800000,3919130.3
1709762400000,3997245.3
1709766000000,3952269.5
1709769600000,3974393.5
1709773200000,4031109.0
1709776800000,3986015.8
1709780400000,4093538.1
1709784000000,4057128.5
1709787600000,4094810.9
1709791200000,4094035.8
1709794800000,4164801.4
1709798400000,4146673.7
1709802000000,4253726.5
1709805600000,4313721.4
1709809200000,4314814.4
1709812800000,4474805.9
1709816400000,4554005.9
1709820000000,4609239.5
1709823600000,4977616.9
1709827200000,4959377.0
1709830800000,4909440.4
1709834400000,4984617.9
1709838000000,5049847.8
1709841600000,5103087.59999999
1709845200000,5161185.2
1709848800000,5139276.5
1709852400000,5149026.7
1709856000000,5119652.0
1709859600000,5062474.09999999
1709863200000,5037290.2
1709866800000,5055743.7
1709870400000,5051041.3
1709874000000,5030865.5
1709877600000,4898580.8
1709881200000,4917524.59999999
1709884800000,4961147.09999999
1709888400000,4976066.9
1709892000000,4989326.3
1709895600000,5028538.09999999
1709899200000,5053966.9
1709902800000,5054097.09999999
1709906400000,5109741.59999999
1709910000000,5124937.0
1709913600000,4830768.0
1709917200000,4771367.8
1709920800000,4696725.59999999
1709924400000,4644791.2
1709928000000,4640421.3
1709931600000,4648041.5
1709935200000,4596318.59999999
1709938800000,4581751.0
1709942400000,4638450.7
1709946000000,4704238.0
1709949600000,4633124.4
1709953200000,4628768.9
1709956800000,4615126.09999999
1709960400000,4614044.09999999
1709964000000,4635235.3
1709967600000,4635589.8
1709971200000,4628752.59999999
1709974800000,4630829.3
1709978400000,4620870.2
1709982000000,4626266.4
1709985600000,4631149.2
1709989200000,4635320.09999999
1709992800000,4623668.2
1709996400000,4626614.5
1710000000000,4630158.8
1710003600000,4604312.5
1710007200000,4603071.5
1710010800000,4607332.59999999
1710014400000,4590128.3
1710018000000,4590602.7
1710021600000,4573726.0
1710025200000,4587867.7
1710028800000,4589398.7
1710032400000,4561814.59999999
1710036000000,4524100.2
1710039600000,4545825.9
1710043200000,4532839.5
1710046800000,4539484.3
1710050400000,4547439.3
1710054000000,4539143.4
1710057600000,4551522.59999999
1710061200000,4567516.7
1710064800000,4596442.5
1710068400000,4554830.09999999
1710072000000,4535951.3
1710075600000,4572378.0
1710079200000,4534333.2
1710082800000,4527539.7
1710086400000,4550367.09999999
1710090000000,4568763.5
1710093600000,4597966.2
1710097200000,4626433.59999999
1710100800000,4673920.9
1710104400000,4642653.5
1710108000000,4621553.09999999
1710111600000,4462190.9
1710115200000,4550472.5
1710118800000,4415099.09999999
1710122400000,4506515.9
1710126000000,4501540.8
1710129600000,4472968.5
1710133200000,4464908.2
1710136800000,4441915.9
1710140400000,4430303.5
1710144000000,4424405.0
1710147600000,4352486.59999999
1710151200000,4358967.2
1710154800000,4340186.8
1710158400000,4296923.5
1710162000000,4391991.59999999
1710165600000,4336612.2
1710169200000,4360250.5
1710172800000,4352072.59999999
1710176400000,4253238.3
1710180000000,4286610.5
1710183600000,4312202.3
1710187200000,4252693.5
1710190800000,4245327.59999999
1710194400000,4296459.2
1710198000000,4300509.09999999
1710201600000,4396993.8
1710205200000,4343611.8
1710208800000,4342389.3
1710212400000,4376485.5
1710216000000,4359551.0
1710219600000,4392738.2
1710223200000,4362148.59999999
1710226800000,4322720.4
1710230400000,4368471.4
1710234000000,4358313.09999999
1710237600000,4447579.0
1710241200000,4438795.09999999
1710244800000,4411537.2
1710248400000,4439211.3
1710252000000,4432946.09999999
1710255600000,4523385.3
1710259200000,4495348.59999999
1710262800000,4392752.5
1710266400000,4375928.8
1710270000000,4402585.7
1710273600000,4451384.7
1710277200000,4381503.9
1710280800000,4378531.7
1710284400000,4377271.09999999
1710288000000,4348517.9
1710291600000,4321862.5
1710295200000,4320314.3
1710298800000,4333331.9
1710302400000,4356236.9
1710306000000,4373728.7
1710309600000,4407743.8
1710313200000,4426801.7
1710316800000,4420799.09999999
1710320400000,4417808.09999999
1710324000000,4428112.59999999
1710327600000,4377625.0
1710331200000,4483353.0
1710334800000,4477817.59999999
1710338400000,4436399.5
1710342000000,4659011.59999999
1710345600000,4743788.8
1710349200000,4753167.5
1710352800000,4720604.2
1710356400000,4705086.4
1710360000000,4677101.0
1710363600000,4655019.0
1710367200000,4592562.7
1710370800000,4559179.0
1710374400000,4549040.09999999
1710378000000,4529378.59999999
1710381600000,4476366.59999999
1710385200000,4471101.09999999
1710388800000,4500645.0
1710392400000,4501717.0
1710396000000,4479775.59999999
1710399600000,4520500.3
1710403200000,4461268.5
1710406800000,4478358.09999999
1710410400000,4384672.09999999
1710414000000,4458772.9
1710417600000,4397793.3
1710421200000,4317456.8
1710424800000,4529956.8
1710428400000,4575825.7
1710432000000,4453551.2
1710435600000,4542879.5
1710439200000,4372401.09999999
1710442800000,4298542.59999999
1710446400000,4319909.4
1710450000000,4427147.59999999
1710453600000,4431650.0
1710457200000,4427037.5
1710460800000,4548831.09999999
1710464400000,4541110.7
1710468000000,4428529.8
1710471600000,4265848.7
1710475200000,4202657.3
1710478800000,4284950.5
1710482400000,4299294.3
1710486000000,4280782.9
1710489600000,4261038.4
1710493200000,4141986.3
1710496800000,4255972.09999999
1710500400000,4178010.8
1710504000000,4155965.4
1710507600000,4116168.1
1710511200000,4045169.9
1710514800000,4070057.9
1710518400000,4151076.5
1710522000000,4066377.7
1710525600000,4109189.7
1710529200000,4088870.6
1710532800000,4070159.4
1710536400000,4027670.4
1710540000000,4040264.4
1710543600000,4046287.5
1710547200000,3978619.0
1710550800000,3951256.7
1710554400000,3983274.0
1710558000000,4022086.1
1710561600000,4040172.0
1710565200000,4013719.1
1710568800000,4033662.6
1710572400000,3950235.6
1710576000000,3931348.7
1710579600000,3932846.3
1710583200000,3926488.4
1710586800000,3951915.0
1710590400000,3935084.8
1710594000000,3944374.3
1710597600000,3919583.1
1710601200000,3926737.0
1710604800000,3861294.3
1710608400000,3806302.5
1710612000000,3775211.4
1710615600000,3755727.8
1710619200000,3660212.2
1710622800000,3614157.1
1710626400000,3614524.2
1710630000000,3626342.2
1710633600000,3662731.6
1710637200000,3613054.2
1710640800000,3577092.9
1710644400000,3615839.7
1710648000000,3606987.3
1710651600000,3595483.5
1710655200000,3558388.7
1710658800000,3518421.5
1710662400000,3534941.2
1710666000000,3522839.8
1710669600000,3508056.5
1710673200000,3544526.0
1710676800000,3543136.9
1710680400000,3540720.5
1710684000000,3541092.7
1710687600000,3539760.5
1710691200000,3628170.1
1710694800000,3614388.4
1710698400000,3644719.1
1710702000000,3691818.2
1710705600000,3668900.3
1710709200000,3642995.5
1710712800000,3636591.4
1710716400000,3640817.5
1710720000000,3648100.2
1710723600000,3673933.0
1710727200000,3682511.2
1710730800000,3705509.1
1710734400000,3773527.4
1710738000000,3804391.0
1710741600000,3826751.0
1710745200000,3830957.8
1710748800000,3884769.1
1710752400000,3855462.2
1710756000000,3917591.9
1710759600000,3950263.1
1710763200000,3967334.1
1710766800000,3996466.6
1710770400000,3958221.6
1710774000000,3818846.7
1710777600000,3895247.8
1710781200000,3816576.6
1710784800000,3784570.2
1710788400000,3770627.9
1710792000000,3780607.9
1710795600000,3718692.0
1710799200000,3689408.7
1710802800000,3709396.5
1710806400000,3733000.8
1710810000000,3724348.6
1710813600000,3570745.9
1710817200000,3618484.7
1710820800000,3530670.9
1710824400000,3490951.3
1710828000000,3518751.4
1710831600000,3518398.3
1710835200000,3558779.0
1710838800000,3528635.0
1710842400000,3561528.8
1710846000000,3490361.4
1710849600000,3484009.7
1710853200000,3391438.6
1710856800000,3368014.5
1710860400000,3359516.5
1710864000000,3342783.5
1710867600000,3348156.1
1710871200000,3316344.1
1710874800000,3332490.7
1710878400000,3327067.6
1710882000000,3381594.5
1710885600000,3345790.0
1710889200000,3472782.6
1710892800000,3450372.5
1710896400000,3381995.5
1710900000000,3311216.5
1710903600000,3305366.7
1710907200000,3292742.5
1710910800000,3359373.9
1710914400000,3398791.6
1710918000000,3369303.5
1710921600000,3276372.1
1710925200000,3202294.8
1710928800000,3225361.0
1710932400000,3221389.4
1710936000000,3232700.4
1710939600000,3224321.1
1710943200000,3219852.2
1710946800000,3192017.6
1710950400000,3235251.6
1710954000000,3169332.7
1710957600000,3108160.0
1710961200000,3148818.9
1710964800000,3120413.3
1710968400000,3143631.4
1710972000000,3160136.6
1710975600000,3143670.7
1710979200000,3164439.8
1710982800000,3207623.8
1710986400000,3186298.5
1710990000000,3169160.0
1710993600000,3086784.7
1710997200000,3061914.8
1711000800000,3032514.3
1711004400000,3049837.4
1711008000000,3035267.5
1711011600000,3035387.6
1711015200000,3054139.9
1711018800000,3070400.4
1711022400000,3053396.0
1711026000000,3073671.3
1711029600000,3080149.6
1711033200000,3106400.2
1711036800000,3174673.6
1711040400000,3186208.1
1711044000000,3193479.5
1711047600000,3217421.3
1711051200000,3247688.9
1711054800000,3264497.6
1711058400000,3279039.4
1711062000000,3257328.2
1711065600000,3265915.5
1711069200000,3249252.9
1711072800000,3207279.7
1711076400000,3205542.4
1711080000000,3200416.2
1711083600000,3198378.6
1711087200000,3193699.5
1711090800000,3204664.0
1711094400000,3201641.6
1711098000000,3192155.7
1711101600000,3208541.5
1711105200000,3244759.6
1711108800000,3282710.3
1711112400000,3310740.1
1711116000000,3354724.7
1711119600000,3404023.8
1711123200000,3272025.3
1711126800000,3250413.4
1711130400000,3261033.8
1711134000000,3250425.2
1711137600000,3246332.2
1711141200000,3245321.6
1711144800000,3206410.5
1711148400000,3205067.3
1711152000000,3207838.6
1711155600000,3218897.6
1711159200000,3225769.9
1711162800000,3183747.2
1711166400000,3180215.8
1711170000000,3165526.4
1711173600000,3168471.9
1711177200000,3169572.4
1711180800000,3145916.7
1711184400000,3125182.3
1711188000000,3125832.1
1711191600000,3123673.9
1711195200000,3127118.2
1711198800000,3146324.9
1711202400000,3141066.0
1711206000000,3116878.9
1711209600000,3128070.9
1711213200000,3123444.3
1711216800000,3127883.6
1711220400000,3130425.8
1711224000000,3121557.5
1711227600000,3111688.5
1711231200000,3129143.7
1711234800000,3127521.8
1711238400000,3125849.8
1711242000000,3112808.9
1711245600000,3114427.8
1711249200000,3109298.2
1711252800000,3131719.1
1711256400000,3142110.5
1711260000000,3142695.3
1711263600000,3153389.0
1711267200000,3150399.2
1711270800000,3126744.0
1711274400000,3147723.3
1711278000000,3150320.1
1711281600000,3137469.9
1711285200000,3179530.1
1711288800000,3175346.9
1711292400000,3154223.7
1711296000000,3142769.1
1711299600000,3124406.1
1711303200000,3105955.0
1711306800000,3115440.5
1711310400000,3132722.6
1711314000000,3193585.1
1711317600000,3116224.8
1711321200000,3144165.9
1711324800000,3117426.5
1711328400000,3105846.4
1711332000000,3118660.6
1711335600000,3120215.5
1711339200000,3138318.2
1711342800000,3150426.9
1711346400000,3151703.3
1711350000000,3167601.8
1711353600000,3204833.4
1711357200000,3218425.5
1711360800000,3227215.5
1711364400000,3218145.5
1711368000000,3195040.8
1711371600000,3168198.5
1711375200000,3188457.6
1711378800000,3200465.5
1711382400000,3193925.5
1711386000000,3235323.3
1711389600000,3207843.5
1711393200000,3211368.6
1711396800000,3179208.4
1711400400000,3162323.8
1711404000000,3100928.8
1711407600000,3127404.6
1711411200000,3136300.9
1711414800000,3132784.8
1711418400000,3159281.8
1711422000000,3165636.4
1711425600000,3220956.1
1711429200000,3253421.4
1711432800000,3295724.7
1711436400000,3308989.2
1711440000000,3322118.9
1711443600000,3220910.1
1711447200000,3225355.3
1711450800000,3219691.8
1711454400000,3218450.2
1711458000000,3203003.3
1711461600000,3157821.1
1711465200000,3142664.2
1711468800000,3175710.5
1711472400000,3162107.2
1711476000000,3172731.3
1711479600000,3158534.1
1711483200000,3156045.0
1711486800000,3146247.6
1711490400000,3141083.5
1711494000000,3145739.2
1711497600000,3132222.1
1711501200000,3168141.8
1711504800000,3161194.5
1711508400000,3161597.2
1711512000000,3174097.4
1711515600000,3194627.4
1711519200000,3197773.2
1711522800000,3197307.8
1711526400000,3199377.1
1711530000000,3189644.0
1711533600000,3252109.6
1711537200000,3293325.7
1711540800000,3277523.9
1711544400000,3282006.2
1711548000000,3237857.0
1711551600000,3309102.5
1711555200000,3336968.8
1711558800000,3330142.1
1711562400000,3315096.4
1711566000000,3312237.2
1711569600000,3326316.5
1711573200000,3293590.3
1711576800000,3275703.8
1711580400000,3262279.0
1711584000000,3232873.1
1711587600000,3257222.1
1711591200000,3255706.7
1711594800000,3283094.9
1711598400000,3304435.2
1711602000000,3331553.5
1711605600000,3345053.9
1711609200000,3326949.5
1711612800000,3325305.6
1711616400000,3317981.5
1711620000000,3322105.7
1711623600000,3317211.6
1711627200000,3301263.4
1711630800000,3286565.8
1711634400000,3290833.5
1711638000000,3264185.2
1711641600000,3375743.8
1711645200000,3377568.1
1711648800000,3369504.8
1711652400000,3361873.3
1711656000000,3373028.1
1711659600000,3378304.2
1711663200000,3364393.3
1711666800000,3415474.4
1711670400000,3534596.7
1711674000000,3568243.4
1711677600000,3566962.1
1711681200000,3544587.2
1711684800000,3573655.0
1711688400000,3569520.5
1711692000000,3578804.3
1711695600000,3568517.4
1711699200000,3550131.3
1711702800000,3592865.3
1711706400000,3578585.3
1711710000000,3588193.1
1711713600000,3590926.5
1711717200000,3600895.7
1711720800000,3607658.6
1711724400000,3555186.7
1711728000000,3555341.4
1711731600000,3538428.9
1711735200000,3545692.2
1711738800000,3576239.7
1711742400000,3560100.7
1711746000000,3640770.4
1711749600000,3684423.2
1711753200000,3745221.6
1711756800000,3736900.0
1711760400000,3751057.6
1711764000000,3779022.9
1711767600000,3775362.5
1711771200000,3782319.0
1711774800000,3865228.5
1711778400000,3832462.3
1711782000000,3829231.2
1711785600000,3814329.7
1711789200000,3830904.3
1711792800000,3831569.3
1711796400000,3838750.6
1711800000000,3859591.6
1711803600000,3850618.6
1711807200000,3859749.8
1711810800000,3835797.6
1711814400000,3836352.8
1711818000000,3819172.5
1711821600000,3820262.4
1711825200000,3798253.8
1711828800000,3720246.2
1711832400000,3694332.2
1711836000000,3703992.2
1711839600000,3717358.7
1711843200000,3699131.4
1711846800000,3710372.8
1711850400000,3702905.1
1711854000000,3705571.8
1711857600000,3714150.1
1711861200000,3740868.1
1711864800000,3754219.5
1711868400000,3726800.7
1711872000000,3728377.7
1711875600000,3735605.4
1711879200000,3743904.7
1711882800000,3754813.6
1711886400000,3750796.6
1711890000000,3757602.8
1711893600000,3760465.6
1711897200000,3731350.8
1711900800000,3718459.6
1711904400000,3714089.0
1711908000000,3709996.6
1711911600000,3794862.5
1711915200000,3867200.3
1711918800000,3851622.5
1711922400000,3839812.1
1711926000000,3824914.6
1711929600000,3831516.8
1711933200000,3808056.8
1711936800000,3901501.1
1711940400000,3903974.6
1711944000000,3892389.4
1711947600000,3859211.5
1711951200000,3759777.3
1711954800000,3817646.9
1711958400000,3808265.0
1711962000000,3764855.3
1711965600000,3831779.8
1711969200000,3849042.2
1711972800000,3852171.2
1711976400000,3860533.9
1711980000000,3848115.6
1711983600000,3787018.7
1711987200000,3764690.4
1711990800000,3744727.5
1711994400000,3729884.7
1711998000000,3732371.2
1712001600000,3754441.9
1712005200000,3742443.5
1712008800000,3769927.4
1712012400000,3778122.2
1712016000000,3776595.6
1712019600000,3718203.3
1712023200000,3699354.5
1712026800000,3699342.1
1712030400000,3719721.8
1712034000000,3745136.3
1712037600000,3747827.1
1712041200000,3808652.7
1712044800000,3727757.0
1712048400000,3759039.2
1712052000000,3766882.9
1712055600000,3753831.5
1712059200000,3693154.5
1712062800000,3668044.3
1712066400000,3708059.5
1712070000000,3711956.1
1712073600000,3656371.1
1712077200000,3682118.9
1712080800000,3699531.2
1712084400000,3741049.9
1712088000000,3688669.6
1712091600000,3696936.1
1712095200000,3667827.4
1712098800000,3692780.6
1712102400000,3669966.2
1712106000000,3612485.3
1712109600000,3635498.4
1712113200000,3662651.7
1712116800000,3590502.4
1712120400000,3599238.9
1712124000000,3589797.1
1712127600000,3577848.6
1712131200000,3547637.6
1712134800000,3527291.6
1712138400000,3525887.5
1712142000000,3506825.4
1712145600000,3502004.8
1712149200000,3524444.6
1712152800000,3528985.9
1712156400000,3549593.7
1712160000000,3525703.7
1712163600000,3512202.6
1712167200000,3510215.3
1712170800000,3426067.9
1712174400000,3415542.8
1712178000000,3379979.1
1712181600000,3422185.7
1712185200000,3415922.4
1712188800000,3414467.3
1712192400000,3387764.5
1712196000000,3377282.4
1712199600000,3398120.8
1712203200000,3395309.3
1712206800000,3387321.2
1712210400000,3406430.9
1712214000000,3495890.6
1712217600000,3496611.3
1712221200000,3514589.0
1712224800000,3538257.8
1712228400000,3517491.1
1712232000000,3516784.7
1712235600000,3509182.0
1712239200000,3495719.7
1712242800000,3521603.8
1712246400000,3534104.4
1712250000000,3550729.8
1712253600000,3559163.9
1712257200000,3478321.2
1712260800000,3482027.5
1712264400000,3428073.5
1712268000000,3404436.6
1712271600000,3436649.9
1712275200000,3444035.6
1712278800000,3435390.6
1712282400000,3425686.2
1712286000000,3465186.6
1712289600000,3477004.9
1712293200000,3484254.9
1712296800000,3459472.4
1712300400000,3475769.3
1712304000000,3513169.0
1712307600000,3557523.2
1712311200000,3581063.7
1712314800000,3620904.7
1712318400000,3578589.6
1712322000000,3729533.1
1712325600000,3834147.5
1712329200000,3729776.5
1712332800000,3664362.1
1712336400000,3628488.3
1712340000000,3565653.2
1712343600000,3549980.5
1712347200000,3598985.4
1712350800000,3605724.3
1712354400000,3609698.4
1712358000000,3573413.5
1712361600000,3552813.7
1712365200000,3525844.0
1712368800000,3526278.3
1712372400000,3497854.4
1712376000000,3481688.0
1712379600000,3486995.9
1712383200000,3525548.7
1712386800000,3529265.5
1712390400000,3559120.7
1712394000000,3560255.4
1712397600000,3550788.8
1712401200000,3535842.4
1712404800000,3583408.6
1712408400000,3564017.0
1712412000000,3554629.5
1712415600000,3561134.2
1712419200000,3565975.5
1712422800000,3500577.2
1712426400000,3518171.3
1712430000000,3523321.5
1712433600000,3525615.2
1712437200000,3529602.7
1712440800000,3542519.6
1712444400000,3578049.3
1712448000000,3606496.0
1712451600000,3598685.7
1712455200000,3509464.9
1712458800000,3475348.5
1712462400000,3469379.1
1712466000000,3484300.7
1712469600000,3495798.4
1712473200000,3474950.8
1712476800000,3495160.7
1712480400000,3518460.0
1712484000000,3473343.2
1712487600000,3477477.7
1712491200000,3472855.4
1712494800000,3478336.7
1712498400000,3479477.5
1712502000000,3475671.0
1712505600000,3503935.8
1712509200000,3474488.1
1712512800000,3486660.1
1712516400000,3478515.1
1712520000000,3504232.5
1712523600000,3491237.0
1712527200000,3487678.2
1712530800000,3483311.0
1712534400000,3525769.3
1712538000000,3568312.8
1712541600000,3546512.7
1712545200000,3579065.7
1712548800000,3568443.5
1712552400000,3556463.6
1712556000000,3561382.6
1712559600000,3564523.5
1712563200000,3552985.6
1712566800000,3539169.3
1712570400000,3588992.9
1712574000000,3601983.1
1712577600000,3616650.2
1712581200000,3618313.0
1712584800000,3612378.1
1712588400000,3614022.2
1712592000000,3605594.6
1712595600000,3612633.0
1712599200000,3623021.0
1712602800000,3609910.8
1712606400000,3578887.1
1712610000000,3548725.9
1712613600000,3575244.1
1712617200000,3573707.6
1712620800000,3596761.3
1712624400000,3592672.8
1712628000000,3607575.0
1712631600000,3616996.9
1712635200000,3622429.5
1712638800000,3630160.8
1712642400000,3624164.1
1712646000000,3698696.2
1712649600000,3738006.0
1712653200000,3763446.7
1712656800000,3795207.5
1712660400000,3824143.9
1712664000000,3833307.0
1712667600000,3834386.6
1712671200000,3849360.0
1712674800000,3816471.4
1712678400000,3795674.0
1712682000000,3750115.4
1712685600000,3742768.9
1712689200000,3733162.5
1712692800000,3765664.6
1712696400000,3772396.6
1712700000000,3771036.6
1712703600000,3783684.2
1712707200000,3761756.3
1712710800000,3769650.4
1712714400000,3741238.6
1712718000000,3745800.1
1712721600000,3759222.1
1712725200000,3747019.5
1712728800000,3763824.1
1712732400000,3842035.2
1712736000000,3820977.0
1712739600000,3822222.8
1712743200000,3823575.7
1712746800000,3827798.4
1712750400000,3837002.9
1712754000000,3874763.3
1712757600000,3906583.7
1712761200000,3887109.1
1712764800000,3897777.7
1712768400000,3895158.8
1712772000000,3842578.5
1712775600000,3838856.9
1712779200000,3880232.8
1712782800000,3898109.3
1712786400000,3945673.7
1712790000000,3878642.6
1712793600000,3883084.8
1712797200000,3899716.1
1712800800000,3912505.1
1712804400000,3952886.3
1712808000000,3973235.5
1712811600000,3970490.3
1712815200000,3970851.0
1712818800000,3980785.1
1712822400000,3920119.1
1712826000000,3905147.4
1712829600000,3883777.8
1712833200000,3891186.3
1712836800000,3898984.0
1712840400000,3878885.1
1712844000000,3865933.8
1712847600000,3816475.7
1712851200000,3785925.1
1712854800000,3806834.1
1712858400000,3794762.7
1712862000000,3769050.4
1712865600000,3803092.4
1712869200000,3810195.5
1712872800000,3811329.6
1712876400000,3807040.9
1712880000000,3808737.2
1712883600000,3810313.9
1712887200000,3820625.6
1712890800000,3803936.0
1712894400000,3799127.2
1712898000000,3778138.4
1712901600000,3780077.4
1712905200000,3896152.3
1712908800000,3901951.1
1712912400000,3919517.7
1712916000000,3933901.3
1712919600000,3948007.3
1712923200000,3959722.9
1712926800000,3908257.1
1712930400000,3894483.4
1712934000000,3926254.3
1712937600000,3954101.6
1712941200000,4015214.3
1712944800000,3917457.2
1712948400000,3761959.9
1712952000000,3808176.0
1712955600000,3822166.6
1712959200000,3849557.2
1712962800000,3861897.1
1712966400000,3900923.3
1712970000000,3944270.6
1712973600000,3885992.7
1712977200000,3921773.7
1712980800000,3911403.2
1712984400000,3839498.0
1712988000000,3856150.7
1712991600000,3857727.0
1712995200000,3810368.0
1712998800000,3785584.6
1713002400000,3782950.2
1713006000000,3795643.8
1713009600000,3783708.2
1713013200000,3787924.4
1713016800000,3815368.1
1713020400000,3857480.4
1713024000000,3859690.0
1713027600000,3866079.8
1713031200000,3921017.9
1713034800000,3914504.4
1713038400000,3618930.7
1713042000000,3414522.4
1713045600000,3388204.4
1713049200000,3411779.5
1713052800000,3315485.5
1713056400000,3255880.0
1713060000000,3241879.5
1713063600000,3243936.9
1713067200000,3181467.1
1713070800000,3246652.5
1713074400000,3287745.3
1713078000000,3281721.0
1713081600000,3275206.2
1713085200000,3284063.2
1713088800000,3230111.4
1713092400000,3276459.3
1713096000000,3325429.5
1713099600000,3311311.0
1713103200000,3286604.4
1713106800000,3210174.8
1713110400000,3260634.4
1713114000000,3249013.1
1713117600000,3181806.0
1713121200000,3166196.7
1713124800000,3161371.5
1713128400000,3123886.1
1713132000000,3115575.9
1713135600000,3158955.9
1713139200000,3166858.2
1713142800000,3179581.0
1713146400000,3171106.9
1713150000000,3181179.2
1713153600000,3206920.3
1713157200000,3168246.5
1713160800000,3241171.5
1713164400000,3265652.2
1713168000000,3260044.8
1713171600000,3217496.0
1713175200000,3299497.6
1713178800000,3263961.8
1713182400000,3198735.3
1713186000000,3210395.3
1713189600000,3227703.2
1713193200000,3205829.2
1713196800000,3119293.6
1713200400000,3112858.5
1713204000000,3090118.2
1713207600000,3066695.7
1713211200000,3085737.9
1713214800000,3089283.1
1713218400000,3080627.2
1713222000000,3107985.5
1713225600000,3101558.5
1713229200000,3091675.2
1713232800000,3070564.1
1713236400000,3082490.8
1713240000000,3058094.7
1713243600000,3012346.1
1713247200000,2997152.9
1713250800000,3037467.5
1713254400000,3006557.6
1713258000000,3009683.2
1713261600000,3001303.9
1713265200000,2976152.6
1713268800000,2976470.5
1713272400000,3008728.6
1713276000000,3130231.8
1713279600000,3096205.6
1713283200000,3122987.0
1713286800000,3056850.3
1713290400000,3107672.8
1713294000000,3147126.0
1713297600000,3138715.3
1713301200000,3151347.0
1713304800000,3182765.8
1713308400000,3190749.3
1713312000000,3208002.3
1713315600000,3256632.8
1713319200000,3271214.6
1713322800000,3285808.5
1713326400000,3280242.5
1713330000000,3323091.1
1713333600000,3329936.3
1713337200000,3321538.3
1713340800000,3301007.9
1713344400000,3269211.1
1713348000000,3247474.8
1713351600000,3191062.1
1713355200000,3185259.9
1713358800000,3190453.0
1713362400000,3141819.6
1713366000000,3085367.0
1713369600000,3160559.7
1713373200000,3131685.2
1713376800000,3090933.4
1713380400000,3058841.2
1713384000000,3089093.9
1713387600000,3088302.3
1713391200000,3085542.6
1713394800000,3094853.1
1713398400000,3093572.3
1713402000000,3066990.8
1713405600000,3081468.3
1713409200000,3089597.2
1713412800000,3096334.2
1713416400000,3034576.2
1713420000000,2968568.1
1713423600000,2964914.2
1713427200000,2930816.1
1713430800000,2886433.6
1713434400000,2938500.1
1713438000000,2823123.7
1713441600000,2892062.2
1713445200000,2878881.0
1713448800000,2882364.4
1713452400000,2928879.5
1713456000000,2943453.8
1713459600000,2933152.9
1713463200000,2875624.9
1713466800000,2897048.8
1713470400000,3038860.6
1713474000000,3025013.2
1713477600000,2994551.6
1713481200000,2967588.2
1713484800000,2964070.9
1713488400000,2997703.5
1713492000000,3046486.8
1713495600000,3063695.2
1713499200000,3080061.6
1713502800000,3232234.9
1713506400000,3183139.2
1713510000000,3224030.6
1713513600000,3284626.5
1713517200000,3318345.2
1713520800000,3270221.8
1713524400000,3251106.8
1713528000000,3259928.2
1713531600000,3284940.9
1713535200000,3301487.1
1713538800000,3282337.6
1713542400000,3286985.4
1713546000000,3222202.1
1713549600000,3242419.5
1713553200000,3227665.0
1713556800000,3209391.8
1713560400000,3129629.5
1713564000000,3133097.4
1713567600000,3132994.1
1713571200000,3087838.8
1713574800000,3093041.4
1713578400000,3083530.6
1713582000000,3092585.1
1713585600000,3087054.0
1713589200000,3074198.4
1713592800000,3083387.2
1713596400000,3079614.0
1713600000000,3078710.5
1713603600000,3070052.9
1713607200000,3020900.1
1713610800000,3014709.3
1713614400000,3014445.2
1713618000000,2993388.1
1713621600000,2994690.5
1713625200000,3005234.0
1713628800000,3016992.5
1713632400000,3063512.2
1713636000000,3130316.0
1713639600000,3122029.6
1713643200000,3162636.1
1713646800000,3134691.4
1713650400000,3136034.6
1713654000000,3149602.4
1713657600000,3142345.7
1713661200000,3150279.7
1713664800000,3147269.1
1713668400000,3168441.3
1713672000000,3129307.6
1713675600000,3126013.5
1713679200000,3148695.7
1713682800000,3144282.8
1713686400000,3172362.3
1713690000000,3184670.1
1713693600000,3192640.5
1713697200000,3191165.9
1713700800000,3201783.4
1713704400000,3211811.8
1713708000000,3207822.7
1713711600000,3220603.8
1713715200000,3213231.1
1713718800000,3199199.2
1713722400000,3216320.1
1713726000000,3203897.7
1713729600000,3196071.9
1713733200000,3166048.1
1713736800000,3157788.8
1713740400000,3159181.2
1713744000000,3179456.0
1713747600000,3176023.1
1713751200000,3247139.0
1713754800000,3298704.0
1713758400000,3229375.9
1713762000000,3264513.3
1713765600000,3287761.3
1713769200000,3386170.2
1713772800000,3339528.9
1713776400000,3301049.0
1713780000000,3317038.7
1713783600000,3347424.6
1713787200000,3265987.3
1713790800000,3349775.6
1713794400000,3215233.8
1713798000000,3202747.0
1713801600000,3165271.3
1713805200000,3129929.5
1713808800000,3129276.5
1713812400000,3133389.5
1713816000000,3125189.7
1713819600000,3175957.9
1713823200000,3195443.2
1713826800000,3344093.3
1713830400000,3326624.4
1713834000000,3357798.7
1713837600000,3352363.5
1713841200000,3347713.0
1713844800000,3295874.8
1713848400000,3268003.2
1713852000000,3279543.6
1713855600000,3292085.5
1713859200000,3274042.3
1713862800000,3268749.4
1713866400000,3277698.2
1713870000000,3283818.7
1713873600000,3256561.6
1713877200000,3265512.0
1713880800000,3311264.8
1713884400000,3425900.9
1713888000000,3408932.0
1713891600000,3398719.0
1713895200000,3402165.1
1713898800000,3404432.0
1713902400000,3396870.9
1713906000000,3376185.1
1713909600000,3377395.7
1713913200000,3382811.2
1713916800000,3397302.9
1713920400000,3414810.0
1713924000000,3363358.6
1713927600000,3389285.6
1713931200000,3425568.2
1713934800000,3431320.5
1713938400000,3422921.4
1713942000000,3421387.6
1713945600000,3411055.6
1713949200000,3427119.6
1713952800000,3386768.2
1713956400000,3407639.9
1713960000000,3414269.0
1713963600000,3449735.2
1713967200000,3451867.9
1713970800000,3434683.6
1713974400000,3482509.1
1713978000000,3484906.4
1713981600000,3487603.7
1713985200000,3427720.6
1713988800000,3385885.9
1713992400000,3397175.0
1713996000000,3510434.3
1713999600000,3464977.5
1714003200000,3456994.4
1714006800000,3531423.5
1714010400000,3504389.8
1714014000000,3495498.1
1714017600000,3502837.3
1714021200000,3483796.4
1714024800000,3502100.0
1714028400000,3450274.7
1714032000000,3399407.8
1714035600000,3389015.0
1714039200000,3397072.4
1714042800000,3290893.6
1714046400000,3293962.6
1714050000000,3286833.4
1714053600000,3404922.7
1714057200000,3425856.2
1714060800000,3492124.1
1714064400000,3541918.0
1714068000000,3536160.5
1714071600000,3513027.0
1714075200000,3502658.8
1714078800000,3537554.9
1714082400000,3584275.0
1714086000000,3601941.6
1714089600000,3602542.4
1714093200000,3606523.4
1714096800000,3564722.1
1714100400000,3580386.7
1714104000000,3564459.5
1714107600000,3571729.2
1714111200000,3593551.0
1714114800000,3607375.6
1714118400000,3611613.2
1714122000000,3626628.2
1714125600000,3632872.4
1714129200000,3647380.8
1714132800000,3662064.0
1714136400000,3655031.2
1714140000000,3591713.3
1714143600000,3582573.4
1714147200000,3590657.6
1714150800000,3617814.6
1714154400000,3625707.5
1714158000000,3638532.0
1714161600000,3624786.9
1714165200000,3599016.9
1714168800000,3610594.0
1714172400000,3571351.0
1714176000000,3561331.3
1714179600000,3523530.9
1714183200000,3512146.6
1714186800000,3500069.0
1714190400000,3464979.1
1714194000000,3461476.4
1714197600000,3459727.0
1714201200000,3522962.7
1714204800000,3536358.6
1714208400000,3507530.7
1714212000000,3482478.6
1714215600000,3476831.0
1714219200000,3462744.3
1714222800000,3448996.7
1714226400000,3432632.5
1714230000000,3433023.5
1714233600000,3425490.4
1714237200000,3409892.8
1714240800000,3377520.7
1714244400000,3356035.2
1714248000000,3342424.9
1714251600000,3318314.4
1714255200000,3336090.2
1714258800000,3345472.7
1714262400000,3352303.9
1714266000000,3345759.2
1714269600000,3346695.5
1714273200000,3364920.9
1714276800000,3360997.1
1714280400000,3361607.3
1714284000000,3370584.1
1714287600000,3375950.4
1714291200000,3390843.9
1714294800000,3389091.0
1714298400000,3377481.6
1714302000000,3374523.4
1714305600000,3402815.0
1714309200000,3422643.8
1714312800000,3399697.3
1714316400000,3395232.6
1714320000000,3383422.3
1714323600000,3356838.5
1714327200000,3350126.2
1714330800000,3324829.1
1714334400000,3321935.8
1714338000000,3328718.0
1714341600000,3320576.0
1714345200000,3317308.0
1714348800000,3261466.8
1714352400000,3272141.8
1714356000000,3263460.8
1714359600000,3312977.9
1714363200000,3283815.8
1714366800000,3256509.3
1714370400000,3258422.0
1714374000000,3280109.7
1714377600000,3268590.5
1714381200000,3283423.7
1714384800000,3370979.5
1714388400000,3304070.3
1714392000000,3310372.8
1714395600000,3343489.7
1714399200000,3307564.7
1714402800000,3300870.2
1714406400000,3308036.3
1714410000000,3263868.7
1714413600000,3299892.1
1714417200000,3308620.9
1714420800000,3420864.9
1714424400000,3402780.1
1714428000000,3371438.9
1714431600000,3355677.8
1714435200000,3361061.7
1714438800000,3345614.3
1714442400000,3282267.1
1714446000000,3353963.7
1714449600000,3339086.7
1714453200000,3361218.9
1714456800000,3371348.3
1714460400000,3373220.4
1714464000000,3377557.9
1714467600000,3254003.6
1714471200000,3293204.7
1714474800000,3290272.3
1714478400000,3305899.2
1714482000000,3342150.5
1714485600000,3420052.4
1714489200000,3347661.4
1714492800000,3393706.8
1714496400000,3387986.2
1714500000000,3359028.4
1714503600000,3382893.4
1714507200000,3389355.6
1714510800000,3340064.2
1714514400000,3361158.3
1714518000000,3413158.6
1714521600000,3389969.0
1714525200000,3345441.1
1714528800000,3374646.7
1714532400000,3343873.5
1714536000000,3353318.9
1714539600000,3357378.2
1714543200000,3364750.2
1714546800000,3372311.1
1714550400000,3305508.2
1714554000000,3328978.0
1714557600000,3360625.7
1714561200000,3355064.8
1714564800000,3356034.6
1714568400000,3360123.9
1714572000000,3345107.1
1714575600000,3308083.5
1714579200000,3265585.4
1714582800000,3235826.5
1714586400000,3249427.1
1714590000000,3272173.8
1714593600000,3187523.1
1714597200000,3200210.2
1714600800000,3248942.4
1714604400000,3252771.3
1714608000000,3228974.6
1714611600000,3232855.3
1714615200000,3208174.4
1714618800000,3216697.3
1714622400000,3223078.4
1714626000000,3217302.9
1714629600000,3253069.8
1714633200000,3253865.2
1714636800000,3308141.6
1714640400000,3351739.6
1714644000000,3380752.2
1714647600000,3395614.7
1714651200000,3437603.6
1714654800000,3334897.9
1714658400000,3365684.1
1714662000000,3467534.7
1714665600000,3472404.4
1714669200000,3453820.3
1714672800000,3487912.9
1714676400000,3486771.3
1714680000000,3494274.7
1714683600000,3411217.8
1714687200000,3391306.5
1714690800000,3372277.7
1714694400000,3366158.0
1714698000000,3362655.9
1714701600000,3351612.0
1714705200000,3366187.8
1714708800000,3371228.2
1714712400000,3343164.7
1714716000000,3268706.5
1714719600000,3244049.1
1714723200000,3248685.8
1714726800000,3229569.3
1714730400000,3224251.8
1714734000000,3202452.8
1714737600000,3208287.1
1714741200000,3234135.6
1714744800000,3342467.6
1714748400000,3288517.8
1714752000000,3272871.7
1714755600000,3253230.2
1714759200000,3250690.9
1714762800000,3247193.7
1714766400000,3228289.1
1714770000000,3224084.9
1714773600000,3207079.5
1714777200000,3215068.4
1714780800000,3217093.3
1714784400000,3231502.0
1714788000000,3230744.8
1714791600000,3225958.7
1714795200000,3247033.4
1714798800000,3243948.3
1714802400000,3248888.1
1714806000000,3264851.4
1714809600000,3271180.5
1714813200000,3269510.6
1714816800000,3273601.8
1714820400000,3283557.1
1714824000000,3306146.2
1714827600000,3310492.8
1714831200000,3311633.5
1714834800000,3320819.4
1714838400000,3316629.8
1714842000000,3326355.7
1714845600000,3323999.1
1714849200000,3312929.5
1714852800000,3321412.7
1714856400000,3313575.5
1714860000000,3298541.6
1714863600000,3295002.8
1714867200000,3303354.4
1714870800000,3282419.5
1714874400000,3260660.9
1714878000000,3260435.5
1714881600000,3245115.3
1714885200000,3251239.1
1714888800000,3261743.5
1714892400000,3258328.2
1714896000000,3263436.8
1714899600000,3260311.1
1714903200000,3255562.7
1714906800000,3255018.1
1714910400000,3265756.3
1714914000000,3271687.0
1714917600000,3259040.9
1714921200000,3262369.0
1714924800000,3255739.9
1714928400000,3254702.2
1714932000000,3247928.9
1714935600000,3223438.6
1714939200000,3222006.8
1714942800000,3214354.2
1714946400000,3213937.5
1714950000000,3207166.9
1714953600000,3207678.3
1714957200000,3250929.6
1714960800000,3220879.7
1714964400000,3220074.4
1714968000000,3220619.2
1714971600000,3223916.9
1714975200000,3213552.4
1714978800000,3222185.2
1714982400000,3226546.2
1714986000000,3228543.4
1714989600000,3288374.3
1714993200000,3307784.5
1714996800000,3292643.2
1715000400000,3249852.1
1715004000000,3263438.5
1715007600000,3258534.3
1715011200000,3257067.1
1715014800000,3260833.6
1715018400000,3222411.3
1715022000000,3240546.4
1715025600000,3270317.5
1715029200000,3384727.6
1715032800000,3406277.2
1715036400000,3449224.4
1715040000000,3471565.8
1715043600000,3418976.9
1715047200000,3398636.3
1715050800000,3386523.4
1715054400000,3399220.0
1715058000000,3397819.5
1715061600000,3417160.5
1715065200000,3415441.3
1715068800000,3431794.7
1715072400000,3472207.9
1715076000000,3465346.6
1715079600000,3476316.4
1715083200000,3499180.5
1715086800000,3535937.2
1715090400000,3524826.7
1715094000000,3531407.8
1715097600000,3482060.2
1715101200000,3480676.6
1715104800000,3500544.8
1715108400000,3536355.6
1715112000000,3547224.0
1715115600000,3539710.3
1715119200000,3535470.3
1715122800000,3520734.9
1715126400000,3536949.7
1715130000000,3523732.4
1715133600000,3518044.3
1715137200000,3486367.6
1715140800000,3504839.4
1715144400000,3527844.4
1715148000000,3552319.5
1715151600000,3553916.2
1715155200000,3563549.3
1715158800000,3570810.2
1715162400000,3533045.1
1715166000000,3575692.4
1715169600000,3524256.9
1715173200000,3528856.3
1715176800000,3574410.0
1715180400000,3577040.9
1715184000000,3526766.3
1715187600000,3527354.1
1715191200000,3518854.5
1715194800000,3611074.0
1715198400000,3562002.3
1715202000000,3483007.0
1715205600000,3431443.9
1715209200000,3437331.2
1715212800000,3469630.6
1715216400000,3439370.7
1715220000000,3444651.8
1715223600000,3396076.6
1715227200000,3395383.3
1715230800000,3389718.2
1715234400000,3403861.4
1715238000000,3380728.8
1715241600000,3383518.5
1715245200000,3382186.3
1715248800000,3371068.1
1715252400000,3302965.1
1715256000000,3328306.9
1715259600000,3375914.6
1715263200000,3354288.2
1715266800000,3351850.5
1715270400000,3333075.1
1715274000000,3323517.3
1715277600000,3343835.7
1715281200000,3325532.3
1715284800000,3358260.0
1715288400000,3320387.1
1715292000000,3345674.2
1715295600000,3352186.0
1715299200000,3369463.9
1715302800000,3364501.8
1715306400000,3355081.7
1715310000000,3363774.9
1715313600000,3346351.3
1715317200000,3387674.1
1715320800000,3389598.9
1715324400000,3396500.5
1715328000000,3435803.2
1715331600000,3441247.7
1715335200000,3442424.7
1715338800000,3438541.8
1715342400000,3442834.7
1715346000000,3409211.3
1715349600000,3422784.4
1715353200000,3418340.6
1715356800000,3447404.2
1715360400000,3584100.4
1715364000000,3538042.5
1715367600000,3566929.8
1715371200000,3543834.4
1715374800000,3554690.1
1715378400000,3583960.9
1715382000000,3542819.7
1715385600000,3544752.0
1715389200000,3543719.8
1715392800000,3524817.9
1715396400000,3544979.1
1715400000000,3561286.1
1715403600000,3551615.3
1715407200000,3550155.4
1715410800000,3564610.7
1715414400000,3576931.7
1715418000000,3518343.0
1715421600000,3502034.2
1715425200000,3517138.4
1715428800000,3512684.6
1715432400000,3517774.4
1715436000000,3512078.9
1715439600000,3531037.0
1715443200000,3497377.9
1715446800000,3502470.7
1715450400000,3501974.8
1715454000000,3498736.8
1715457600000,3500725.5
1715461200000,3491760.6
1715464800000,3493596.8
1715468400000,3500940.3
1715472000000,3498227.7
1715475600000,3491216.3
1715479200000,3504327.9
1715482800000,3500257.9
1715486400000,3508267.8
1715490000000,3512519.4
1715493600000,3513387.7
1715497200000,3497136.9
1715500800000,3530344.8
1715504400000,3551681.1
1715508000000,3532837.8
1715511600000,3512014.8
1715515200000,3520750.1
1715518800000,3538540.2
1715522400000,3555846.7
1715526000000,3572736.3
1715529600000,3579163.4
1715533200000,3574270.4
1715536800000,3576800.2
1715540400000,3581644.5
1715544000000,3588573.1
1715547600000,3585560.0
1715551200000,3566211.0
1715554800000,3563005.0
1715558400000,3566970.0
1715562000000,3550305.1
1715565600000,3536582.6
1715569200000,3539700.0
1715572800000,3546828.6
1715576400000,3601977.4
1715580000000,3614154.5
1715583600000,3605408.8
1715587200000,3616251.9
1715590800000,3627191.5
1715594400000,3639335.0
1715598000000,3530284.6
1715601600000,3531990.0
1715605200000,3561116.4
1715608800000,3564511.3
1715612400000,3544703.1
1715616000000,3551900.5
1715619600000,3516243.3
1715623200000,3495246.6
1715626800000,3507949.0
1715630400000,3548128.0
1715634000000,3508136.8
1715637600000,3488385.5
1715641200000,3473332.1
1715644800000,3464364.6
1715648400000,3461158.2
1715652000000,3477646.6
1715655600000,3423350.0
1715659200000,3394614.1
1715662800000,3412409.9
1715666400000,3424948.9
1715670000000,3362746.7
1715673600000,3371795.4
1715677200000,3351512.4
1715680800000,3329046.9
1715684400000,3324530.7
1715688000000,3309647.5
1715691600000,3310857.2
1715695200000,3340967.7
1715698800000,3348508.0
1715702400000,3386343.9
1715706000000,3393046.7
1715709600000,3391299.8
1715713200000,3422136.3
1715716800000,3399544.9
1715720400000,3349555.9
1715724000000,3341855.9
1715727600000,3341737.1
1715731200000,3343375.6
1715734800000,3341775.4
1715738400000,3340975.4
1715742000000,3344960.8
1715745600000,3337514.7
1715749200000,3323849.5
1715752800000,3325564.1
1715756400000,3310655.5
1715760000000,3319968.6
1715763600000,3317379.4
1715767200000,3324928.2
1715770800000,3302500.5
1715774400000,3307107.9
1715778000000,3296592.8
1715781600000,3378324.5
1715785200000,3397160.8
1715788800000,3392711.8
1715792400000,3398061.3
1715796000000,3431021.7
1715799600000,3488354.3
1715803200000,3476682.3
1715806800000,3426527.9
1715810400000,3450891.3
1715814000000,3433864.9
1715817600000,3449080.1
1715821200000,3517971.8
1715824800000,3525767.1
1715828400000,3557875.3
1715832000000,3613987.3
1715835600000,3624233.6
1715839200000,3630679.0
1715842800000,3652170.8
1715846400000,3672260.3
1715850000000,3667737.7
1715853600000,3652790.3
1715857200000,3644576.3
1715860800000,3662124.3
1715864400000,3627031.1
1715868000000,3672204.7
1715871600000,3599164.8
1715875200000,3615896.2
1715878800000,3617638.9
1715882400000,3668922.7
1715886000000,3678554.4
1715889600000,3627281.1
1715893200000,3612667.1
1715896800000,3642759.5
1715900400000,3622584.0
1715904000000,3680951.9
1715907600000,3684790.3
1715911200000,3670616.2
1715914800000,3681269.1
1715918400000,3669173.3
1715922000000,3664895.1
1715925600000,3671625.3
1715929200000,3670697.5
1715932800000,3659416.2
1715936400000,3659506.6
1715940000000,3660246.1
1715943600000,3659004.6
1715947200000,3675626.1
1715950800000,3688523.4
1715954400000,3674058.8
1715958000000,3668744.0
1715961600000,3694755.8
1715965200000,3695860.0
1715968800000,3685944.9
1715972400000,3667444.0
1715976000000,3691552.0
1715979600000,3657781.3
1715983200000,3658061.8
1715986800000,3669604.1
1715990400000,3666565.9
1715994000000,3683925.6
1715997600000,3682934.7
1716001200000,3705921.3
1716004800000,3729258.9
1716008400000,3751166.1
1716012000000,3749352.7
1716015600000,3761023.1
1716019200000,3725832.1
1716022800000,3681308.1
1716026400000,3697130.5
1716030000000,3727393.5
1716033600000,3734853.8
1716037200000,3726388.7
1716040800000,3729579.0
1716044400000,3734244.9
1716048000000,3750201.4
1716051600000,3731192.6
1716055200000,3753148.3
1716058800000,3751033.4
1716062400000,3752018.3
1716066000000,3778879.7
1716069600000,3765991.1
1716073200000,3765062.5
1716076800000,3768573.2
1716080400000,3773401.0
1716084000000,3748772.5
1716087600000,3758911.2
1716091200000,3767251.9
1716094800000,3775329.2
1716098400000,3786627.0
1716102000000,3782722.3
1716105600000,3790001.1
1716109200000,3789160.5
1716112800000,3782206.9
1716116400000,3790032.9
1716120000000,3754706.4
1716123600000,3759789.3
1716127200000,3770293.7
1716130800000,3756052.7
1716134400000,3766159.9
1716138000000,3775157.8
1716141600000,3738714.3
1716145200000,3724381.7
1716148800000,3710817.5
1716152400000,3724320.4
1716156000000,3718373.3
1716159600000,3767720.7
1716163200000,3759866.6
1716166800000,3756268.3
1716170400000,3738013.6
1716174000000,3762309.0
1716177600000,3772874.5
1716181200000,3807803.4
1716184800000,3894358.2
1716188400000,3882426.6
1716192000000,3926886.7
1716195600000,3989340.0
1716199200000,3979024.6
1716202800000,3984708.6
1716206400000,3987634.9
1716210000000,3980186.8
1716213600000,4003393.2
1716217200000,3994938.5
1716220800000,4013387.4
1716224400000,4027752.2
1716228000000,4006636.1
1716231600000,3965731.1
1716235200000,4040415.7
1716238800000,3923420.1
1716242400000,3923500.4
1716246000000,3905869.3
1716249600000,3915136.8
1716253200000,3905991.2
1716256800000,3800648.0
1716260400000,3689152.1
1716264000000,3707912.0
1716267600000,3698455.1
1716271200000,3707397.2
1716274800000,3679686.6
1716278400000,3691698.0
1716282000000,3720068.3
1716285600000,3766106.7
1716289200000,3802299.1
1716292800000,3794318.7
1716296400000,3729883.2
1716300000000,3579952.3
1716303600000,3528831.7
1716307200000,3575152.1
1716310800000,3570571.2
1716314400000,3588236.3
1716318000000,3573623.1
1716321600000,3537764.8
1716325200000,3478253.4
1716328800000,3463440.6
1716332400000,3481819.2
1716336000000,3473797.9
1716339600000,3462691.8
1716343200000,3471374.7
1716346800000,3459860.9
1716350400000,3454586.5
1716354000000,3444088.4
1716357600000,3462946.8
1716361200000,3474715.5
1716364800000,3437658.2
1716368400000,3522505.5
1716372000000,3545001.2
1716375600000,3555434.9
1716379200000,3540247.8
1716382800000,3534153.4
1716386400000,3515006.8
1716390000000,3540650.7
1716393600000,3563268.4
1716397200000,3546743.1
1716400800000,3543363.0
1716404400000,3567278.2
1716408000000,3559866.1
1716411600000,3550161.4
1716415200000,3546309.8
1716418800000,3538148.1
1716422400000,3543820.3
1716426000000,3533804.7
1716429600000,3523131.2
1716433200000,3570482.6
1716436800000,3604962.5
1716440400000,3641615.9
1716444000000,3663776.5
1716447600000,3680459.4
1716451200000,3673771.1
1716454800000,3673893.0
1716458400000,3702514.2
1716462000000,3618065.2
1716465600000,3684208.2
1716469200000,3672156.9
1716472800000,3664815.8
1716476400000,3651083.7
1716480000000,3624507.1
1716483600000,3641723.5
1716487200000,3599477.7
1716490800000,3584457.8
1716494400000,3593897.6
1716498000000,3429340.8
1716501600000,3647821.0
1716505200000,3669464.0
1716508800000,3639550.2
1716512400000,3625783.5
1716516000000,3606199.6
1716519600000,3622412.7
1716523200000,3639738.9
1716526800000,3595485.8
1716530400000,3718785.1
1716534000000,3694508.3
1716537600000,3727002.4
1716541200000,3809660.6
1716544800000,3822234.6
1716548400000,3821478.0
1716552000000,3844652.3
1716555600000,3861252.4
1716559200000,3838113.0
1716562800000,3835689.8
1716566400000,3843875.3
1716570000000,3827028.5
1716573600000,3815632.9
1716577200000,3755212.7
1716580800000,3735919.6
1716584400000,3730163.3
1716588000000,3719936.7
1716591600000,3715712.5
1716595200000,3719523.4
1716598800000,3721565.6
1716602400000,3731697.0
1716606000000,3738170.2
1716609600000,3823354.8
1716613200000,3898859.2
1716616800000,3866921.7
1716620400000,3809757.6
1716624000000,3792848.5
1716627600000,3767074.7
1716631200000,3755324.2
1716634800000,3748482.4
1716638400000,3701743.4
1716642000000,3633461.2
1716645600000,3681365.0
1716649200000,3680012.7
1716652800000,3621931.7
1716656400000,3640770.1
1716660000000,3650580.1
1716663600000,3654633.0
1716667200000,3651691.3
1716670800000,3653844.9
1716674400000,3652495.8
1716678000000,3649678.0
1716681600000,3645918.7
1716685200000,3650765.8
1716688800000,3665179.5
1716692400000,3655418.2
1716696000000,3665406.2
1716699600000,3660648.3
1716703200000,3679585.1
1716706800000,3692824.2
1716710400000,3680668.1
1716714000000,3665703.2
1716717600000,3678649.4
1716721200000,3698647.3
1716724800000,3668306.2
1716728400000,3654048.7
1716732000000,3663048.6
1716735600000,3739768.6
1716739200000,3688262.3
1716742800000,3706176.1
1716746400000,3718113.8
1716750000000,3735404.8
1716753600000,3737945.8
1716757200000,3733514.0
1716760800000,3722524.5
1716764400000,3719068.3
1716768000000,3724196.9
1716771600000,3719579.2
1716775200000,3686522.0
1716778800000,3703229.1
1716782400000,3699499.9
1716786000000,3710188.2
1716789600000,3710445.4
1716793200000,3707529.5
1716796800000,3702015.5
1716800400000,3699140.1
1716804000000,3696632.8
1716807600000,3715732.3
1716811200000,3691600.3
1716814800000,3694961.4
1716818400000,3699572.8
1716822000000,3703912.1
1716825600000,3719185.2
1716829200000,3767337.8
1716832800000,3791869.9
1716836400000,3756672.8
1716840000000,3699462.2
1716843600000,3706028.3
1716847200000,3728819.6
1716850800000,3736321.5
1716854400000,3732602.2
1716858000000,3728695.0
1716861600000,3723062.1
1716865200000,3700865.1
1716868800000,3657864.4
1716872400000,3653641.0
1716876000000,3659392.5
1716879600000,3672760.1
1716883200000,3680363.0
1716886800000,3725291.1
1716890400000,3717816.9
1716894000000,3717128.4
1716897600000,3785968.7
1716901200000,3777389.7
1716904800000,3765379.3
1716908400000,3748322.8
1716912000000,3752712.0
1716915600000,3720847.9
1716919200000,3704450.8
1716922800000,3701434.0
1716926400000,3803973.0
1716930000000,3794701.2
1716933600000,3766209.3
1716937200000,3761099.5
1716940800000,3760078.2
1716944400000,3754065.4
1716948000000,3746430.5
1716951600000,3756747.3
1716955200000,3740853.4
1716958800000,3778820.0
1716962400000,3720943.1
1716966000000,3730028.0
1716969600000,3700113.0
1716973200000,3662381.0
1716976800000,3662114.5
1716980400000,3673151.5
1716984000000,3678424.6
1716987600000,3755063.8
1716991200000,3755080.2
1716994800000,3728278.1
1716998400000,3741757.3
1717002000000,3785031.6
1717005600000,3807288.2
1717009200000,3830919.6
1717012800000,3785754.1
1717016400000,3759839.6
1717020000000,3738035.4
1717023600000,3757643.8
1717027200000,3735959.6
1717030800000,3736887.6
1717034400000,3746575.2
1717038000000,3786878.8
1717041600000,3780156.6
1717045200000,3780748.9
1717048800000,3780144.0
1717052400000,3842318.3
1717056000000,3855362.4
1717059600000,3818925.6
1717063200000,3828120.5
1717066800000,3813685.3
1717070400000,3802528.1
1717074000000,3773937.1
1717077600000,3840413.9
1717081200000,3792467.3
1717084800000,3777726.9
1717088400000,3767290.1
1717092000000,3749327.6
1717095600000,3707818.2
1717099200000,3612947.6
1717102800000,3559697.7
1717106400000,3580757.6
1717110000000,3592448.6
1717113600000,3597034.8
1717117200000,3610228.8
1717120800000,3613353.1
1717124400000,3636177.7
1717128000000,3638031.5
1717131600000,3645419.3
1717135200000,3657948.0
1717138800000,3639858.2
1717142400000,3695827.7
1717146000000,3682515.4
1717149600000,3680926.0
1717153200000,3717837.4
1717156800000,3712510.8
1717160400000,3751373.4
1717164000000,3782620.4
1717167600000,3768070.1
1717171200000,3814822.2
1717174800000,3863374.1
1717178400000,3900522.7
1717182000000,3908238.7
1717185600000,3918821.0
1717189200000,3928392.3
1717192800000,3915448.7
1717196400000,3883959.8
1717200000000,3869223.3
1717203600000,3880487.7
1717207200000,3876573.2
1717210800000,3857086.4
1717214400000,3857134.9
1717218000000,3860837.1
1717221600000,3856785.7
1717225200000,3871943.9
1717228800000,3871271.1
1717232400000,3872340.7
1717236000000,3864236.9
1717239600000,3851895.6
1717243200000,3854557.8
1717246800000,3851976.6
1717250400000,3859213.7
1717254000000,3866684.6
1717257600000,3844492.6
1717261200000,3857319.3
1717264800000,3857698.2
1717268400000,3854795.7
1717272000000,3865069.2
1717275600000,3852901.7
1717279200000,3857655.4
1717282800000,3873462.8
1717286400000,3883514.1
1717290000000,3902336.0
1717293600000,3901049.9
1717297200000,3911435.6
1717300800000,3900424.7
1717304400000,3912037.7
1717308000000,3913280.0
1717311600000,3906822.4
1717315200000,3942726.9
1717318800000,3946614.4
1717322400000,3980355.8
1717326000000,4008329.3
1717329600000,3987145.2
1717333200000,4002395.0
1717336800000,4011282.3
1717340400000,4020195.8
1717344000000,4027114.5
1717347600000,4048212.0
1717351200000,4076830.9
1717354800000,4111956.7
1717358400000,4116434.0
1717362000000,4128459.2
1717365600000,4119772.6
1717369200000,4120427.1
1717372800000,4138586.7
1717376400000,4145844.0
1717380000000,4113885.1
1717383600000,4104334.6
1717387200000,4102427.6
1717390800000,4118736.8
1717394400000,4094623.4
1717398000000,4091139.8
1717401600000,4086328.4
1717405200000,4060860.1
1717408800000,4016387.0
1717412400000,4011994.6
1717416000000,4013213.4
1717419600000,3999866.4
1717423200000,4028604.6
1717426800000,4071525.2
1717430400000,4059235.2
1717434000000,4057998.4
1717437600000,4050098.7
1717441200000,4036822.4
1717444800000,4004397.5
1717448400000,3986045.5
1717452000000,3965966.9
1717455600000,3963604.9
1717459200000,3963961.8
1717462800000,3956470.8
1717466400000,3970796.0
1717470000000,3952266.6
1717473600000,3961336.1
1717477200000,3987528.2
1717480800000,3982354.8
1717484400000,3993536.8
1717488000000,3993385.1
1717491600000,3991077.0
1717495200000,4012389.8
1717498800000,4012873.4
1717502400000,4012591.7
1717506000000,3996639.6
1717509600000,3983465.4
1717513200000,4008742.0
1717516800000,4012456.0
1717520400000,4068745.3
1717524000000,4086222.8
1717527600000,4122081.5
1717531200000,4086485.2
1717534800000,4067537.8
1717538400000,4078767.6
1717542000000,4090955.9
1717545600000,4100657.4
1717549200000,4101316.3
1717552800000,4104956.8
1717556400000,4092501.5
1717560000000,4109240.8
1717563600000,4058909.9
1717567200000,4050134.4
1717570800000,4065355.7
1717574400000,4048797.4
1717578000000,3984058.9
1717581600000,3973290.1
1717585200000,3974844.8
1717588800000,3960439.1
1717592400000,3948128.4
1717596000000,3964908.6
1717599600000,3937654.7
1717603200000,3971509.1
1717606800000,3953288.3
1717610400000,3957401.8
1717614000000,3942488.3
1717617600000,3896518.2
1717621200000,3881351.0
1717624800000,3883872.6
1717628400000,3880596.1
1717632000000,3883984.0
1717635600000,3905787.0
1717639200000,3909870.9
1717642800000,3932620.9
1717646400000,3939992.1
1717650000000,3944848.5
1717653600000,3884416.9
1717657200000,3878949.5
1717660800000,3922377.0
1717664400000,3940016.6
1717668000000,3946800.7
1717671600000,3932316.2
1717675200000,3948414.8
1717678800000,3958189.3
1717682400000,3962103.0
1717686000000,3958459.3
1717689600000,3960315.8
1717693200000,3889227.0
1717696800000,3913792.9
1717700400000,3913053.4
1717704000000,3847020.2
1717707600000,3879858.0
1717711200000,3862834.0
1717714800000,3869028.4
1717718400000,3860874.2
1717722000000,3879477.5
1717725600000,3864206.3
1717729200000,3856981.2
1717732800000,3860819.2
1717736400000,3889151.5
1717740000000,3865159.6
1717743600000,3879044.5
1717747200000,3875836.6
1717750800000,3870056.4
1717754400000,3856742.0
1717758000000,3870255.4
1717761600000,3884518.7
1717765200000,3882008.2
1717768800000,3895647.9
1717772400000,3892447.0
1717776000000,3878955.0
1717779600000,3889548.3
1717783200000,3826589.4
1717786800000,3639401.3
1717790400000,3619548.7
1717794000000,3656207.4
1717797600000,3655455.4
1717801200000,3668040.0
1717804800000,3666970.6
1717808400000,3659163.2
1717812000000,3659851.7
1717815600000,3672338.3
1717819200000,3675885.1
1717822800000,3665891.6
1717826400000,3662277.9
1717830000000,3660061.3
1717833600000,3663076.9
1717837200000,3653520.8
1717840800000,3651278.3
1717844400000,3660136.8
1717848000000,3642142.3
1717851600000,3629289.1
1717855200000,3656356.2
1717858800000,3675686.1
1717862400000,3673592.2
1717866000000,3665020.9
1717869600000,3650863.7
1717873200000,3647366.4
1717876800000,3651727.6
1717880400000,3677222.7
1717884000000,3681541.9
1717887600000,3668867.4
1717891200000,3668029.3
1717894800000,3672015.8
1717898400000,3677339.5
1717902000000,3672051.1
1717905600000,3692850.9
1717909200000,3692294.7
1717912800000,3692568.2
1717916400000,3694355.3
1717920000000,3710643.3
1717923600000,3718436.5
1717927200000,3748187.4
1717930800000,3738346.5
1717934400000,3760471.3
1717938000000,3759770.4
1717941600000,3728995.1
1717945200000,3738302.9
1717948800000,3747062.5
1717952400000,3742162.5
1717956000000,3742799.9
1717959600000,3757410.8
1717963200000,3733161.2
1717966800000,3725477.0
1717970400000,3742198.2
1717974000000,3748448.7
1717977600000,3736927.7
1717981200000,3718136.2
1717984800000,3733167.9
1717988400000,3730053.4
1717992000000,3717901.6
1717995600000,3720520.5
1717999200000,3720043.1
1718002800000,3719882.0
1718006400000,3736327.1
1718010000000,3734290.3
1718013600000,3748315.0
1718017200000,3742065.1
1718020800000,3747449.6
1718024400000,3768774.4
1718028000000,3817651.2
1718031600000,3829537.9
1718035200000,3745385.5
1718038800000,3758373.7
1718042400000,3762121.3
1718046000000,3745543.2
1718049600000,3727293.1
1718053200000,3717151.8
1718056800000,3711741.9
1718060400000,3704461.5
1718064000000,3720513.4
1718067600000,3721661.4
1718071200000,3740547.5
1718074800000,3897289.5
1718078400000,3875200.6
1718082000000,3963886.1
1718085600000,3985095.6
1718089200000,3959301.4
1718092800000,4009673.7
1718096400000,4034050.4
1718100000000,4014432.9
1718103600000,4013913.1
1718107200000,4015739.3
1718110800000,3999298.6
1718114400000,3968354.5
1718118000000,3976278.3
1718121600000,3949151.1
1718125200000,3942770.0
1718128800000,3946847.8
1718132400000,3951525.6
1718136000000,3979786.0
1718139600000,3987868.6
1718143200000,4002948.2
1718146800000,3998526.2
1718150400000,4001736.7
1718154000000,3963851.3
1718157600000,3942275.1
1718161200000,3946497.6
1718164800000,3926692.0
1718168400000,3863954.5
1718172000000,3892460.4
1718175600000,3897986.6
1718179200000,3907923.4
1718182800000,3886858.4
1718186400000,3870527.0
1718190000000,3824309.0
1718193600000,3811385.9
1718197200000,3752164.1
1718200800000,3762773.1
1718204400000,3788805.0
1718208000000,3814628.4
1718211600000,3775880.9
1718215200000,3782397.5
1718218800000,3690052.8
1718222400000,3648499.5
1718226000000,3608765.4
1718229600000,3615378.0
1718233200000,3624923.3
1718236800000,3617608.0
1718240400000,3623868.8
1718244000000,3624169.0
1718247600000,3620183.2
1718251200000,3691122.1
1718254800000,3699166.6
1718258400000,3689328.7
1718262000000,3680256.9
1718265600000,3686118.2
1718269200000,3684847.3
1718272800000,3683832.3
1718276400000,3699068.4
1718280000000,3788365.7
1718283600000,3805418.2
1718287200000,3797040.8
1718290800000,3800996.2
1718294400000,3897084.1
1718298000000,3853450.6
1718301600000,3835292.5
1718305200000,3839482.4
1718308800000,3846434.7
1718312400000,3858640.1
1718316000000,3851569.2
1718319600000,3837970.4
1718323200000,3841810.7
1718326800000,3855904.0
1718330400000,3868664.3
1718334000000,3855037.8
1718337600000,3858515.2
1718341200000,3859335.9
1718344800000,3828838.1
1718348400000,3832733.4
1718352000000,3843012.7
1718355600000,3852038.6
1718359200000,3868609.9
1718362800000,3874422.7
1718366400000,3874978.5
1718370000000,3860745.1
1718373600000,3886779.0
1718377200000,3982424.1
1718380800000,4032797.9
1718384400000,3892992.8
1718388000000,3939304.0
1718391600000,3902543.0
1718395200000,3864098.9
1718398800000,3862971.0
1718402400000,3822918.3
1718406000000,3873022.0
1718409600000,3872321.0
1718413200000,3895531.3
1718416800000,3896501.7
1718420400000,3899199.9
1718424000000,3892852.1
1718427600000,3903749.4
1718431200000,3905602.5
1718434800000,3910621.1
1718438400000,3918852.4
1718442000000,3905722.3
1718445600000,3947324.0
1718449200000,3953908.3
1718452800000,3948325.4
1718456400000,3923880.8
1718460000000,3916460.1
1718463600000,3890041.4
1718467200000,3865430.3
1718470800000,3843028.4
1718474400000,3832809.6
1718478000000,3810385.9
1718481600000,3816217.5
1718485200000,3829853.1
1718488800000,3816726.2
1718492400000,3810777.3
1718496000000,3816684.8
1718499600000,3807042.5
1718503200000,3812593.7
1718506800000,3816341.5
1718510400000,3818682.4
1718514000000,3809157.2
1718517600000,3819352.6
1718521200000,3818012.1
1718524800000,3803233.3
1718528400000,3793019.3
1718532000000,3802590.1
1718535600000,3771045.4
1718539200000,3769519.3
1718542800000,3769757.0
1718546400000,3755075.5
1718550000000,3720227.7
1718553600000,3688050.2
1718557200000,3698376.1
1718560800000,3690116.8
1718564400000,3715636.7
1718568000000,3719936.4
1718571600000,3706635.0
1718575200000,3700207.9
1718578800000,3633233.1
1718582400000,3670466.6
1718586000000,3668354.6
1718589600000,3649572.2
1718593200000,3675592.5
1718596800000,3673559.4
1718600400000,3706092.4
1718604000000,3715460.0
1718607600000,3758203.5
1718611200000,3763591.0
1718614800000,3793410.2
1718618400000,3791264.5
1718622000000,3834106.8
1718625600000,3777442.9
1718629200000,3846960.8
1718632800000,3873674.8
1718636400000,3792010.6
1718640000000,3817179.2
1718643600000,3813588.1
1718647200000,3833035.4
1718650800000,3840091.5
1718654400000,3832735.7
1718658000000,3853378.0
1718661600000,3828604.1
1718665200000,3828568.2
1718668800000,3815230.5
1718672400000,3847681.1
1718676000000,3574675.6
1718679600000,3472533.4
1718683200000,3451032.2
1718686800000,3486760.7
1718690400000,3438909.6
1718694000000,3475076.7
1718697600000,3471760.9
1718701200000,3488738.9
1718704800000,3459385.1
1718708400000,3470340.6
1718712000000,3469237.9
1718715600000,3488296.7
1718719200000,3549863.0
1718722800000,3546606.2
1718726400000,3561723.7
1718730000000,3539867.2
1718733600000,3588286.3
1718737200000,3564077.6
1718740800000,3580442.6
1718744400000,3652247.9
1718748000000,3560920.9
1718751600000,3552085.0
1718755200000,3560648.4
1718758800000,3567769.0
1718762400000,3539124.4
1718766000000,3531296.8
1718769600000,3500247.2
1718773200000,3496540.3
1718776800000,3501753.4
1718780400000,3512721.5
1718784000000,3539221.2
1718787600000,3562618.9
1718791200000,3583033.2
1718794800000,3553155.3
1718798400000,3568969.7
1718802000000,3540266.0
1718805600000,3570614.3
1718809200000,3597918.5
1718812800000,3545670.8
1718816400000,3565378.5
1718820000000,3578715.4
1718823600000,3604459.1
1718827200000,3528810.2
1718830800000,3526021.1
1718834400000,3540097.4
1718838000000,3530612.4
1718841600000,3522037.1
1718845200000,3545525.3
1718848800000,3543023.6
1718852400000,3620885.2
1718856000000,3659612.8
1718859600000,3706089.3
1718863200000,3680314.3
1718866800000,3673835.0
1718870400000,3590197.7
1718874000000,3560339.1
1718877600000,3547190.1
1718881200000,3517060.6
1718884800000,3443995.1
1718888400000,3435363.0
1718892000000,3520558.4
1718895600000,3580126.8
1718899200000,3612954.7
1718902800000,3573674.9
1718906400000,3564119.0
1718910000000,3533750.1
1718913600000,3532229.8
1718917200000,3558573.3
1718920800000,3595739.6
1718924400000,3581877.2
1718928000000,3602965.3
1718931600000,3562152.6
1718935200000,3527803.8
1718938800000,3533716.0
1718942400000,3566575.5
1718946000000,3589185.0
1718949600000,3602007.3
1718953200000,3604707.7
1718956800000,3683936.8
1718960400000,3714836.5
1718964000000,3604301.6
1718967600000,3617821.3
1718971200000,3624522.6
1718974800000,3643640.5
1718978400000,3685970.9
1718982000000,3620404.1
1718985600000,3568495.4
1718989200000,3679902.0
1718992800000,3711339.4
1718996400000,3605328.3
1719000000000,3563074.7
1719003600000,3645156.7
1719007200000,3640794.5
1719010800000,3642030.4
1719014400000,3647834.9
1719018000000,3635239.0
1719021600000,3635525.9
1719025200000,3583025.9
1719028800000,3673111.2
1719032400000,3711105.2
1719036000000,3747709.5
1719039600000,3792042.1
1719043200000,3838640.1
1719046800000,3796997.5
1719050400000,3811270.6
1719054000000,3816871.2
1719057600000,3822317.5
1719061200000,3825308.3
1719064800000,3833228.7
1719068400000,3834817.1
1719072000000,3827041.3
1719075600000,3832542.8
1719079200000,3828818.8
1719082800000,3835355.8
1719086400000,3848252.3
1719090000000,3848556.6
1719093600000,3842263.3
1719097200000,3843408.2
1719100800000,3816102.7
1719104400000,3778378.5
1719108000000,3766423.6
1719111600000,3764936.1
1719115200000,3771676.2
1719118800000,3772624.1
1719122400000,3777080.0
1719126000000,3782267.3
1719129600000,3796815.5
1719133200000,3795744.5
1719136800000,3797984.3
1719140400000,3792105.9
1719144000000,3809755.2
1719147600000,3802067.7
1719151200000,3813812.0
1719154800000,3834921.7
1719158400000,3870033.8
1719162000000,3884484.9
1719165600000,3892645.8
1719169200000,3897393.5
1719172800000,3896021.9
1719176400000,3862277.8
1719180000000,3857938.4
1719183600000,3859740.5
1719187200000,3904185.4
1719190800000,3888052.0
1719194400000,3758077.3
1719198000000,3746553.8
1719201600000,3740675.4
1719205200000,3722298.6
1719208800000,3757281.5
1719212400000,3735085.4
1719216000000,3756666.3
1719219600000,3748148.3
1719223200000,3756011.7
1719226800000,3723481.0
1719230400000,3744537.7
1719234000000,3701669.4
1719237600000,3689552.7
1719241200000,3680562.0
1719244800000,3658789.9
1719248400000,3551560.7
1719252000000,3538306.8
1719255600000,3537889.9
1719259200000,3541564.4
1719262800000,3539551.8
1719266400000,3525353.3
1719270000000,3544911.4
1719273600000,3576505.6
1719277200000,3625524.0
1719280800000,3666108.2
1719284400000,3642752.2
1719288000000,3681664.9
1719291600000,3698720.8
1719295200000,3734391.3
1719298800000,3735298.2
1719302400000,3680949.1
1719306000000,3635605.5
1719309600000,3648462.1
1719313200000,3679956.6
1719316800000,3648246.5
1719320400000,3612740.9
1719324000000,3595950.3
1719327600000,3621944.7
1719331200000,3591894.5
1719334800000,3543041.3
1719338400000,3552719.2
1719342000000,3583622.0
1719345600000,3546966.8
1719349200000,3546797.9
1719352800000,3541335.0
1719356400000,3548934.8
1719360000000,3564591.0
1719363600000,3536273.7
1719367200000,3558078.7
1719370800000,3531399.2
1719374400000,3470237.1
1719378000000,3465701.2
1719381600000,3491799.3
1719385200000,3487619.1
1719388800000,3513022.9
1719392400000,3482557.8
1719396000000,3511705.3
1719399600000,3481653.8
1719403200000,3486930.2
1719406800000,3496039.9
1719410400000,3549466.1
1719414000000,3540360.2
1719417600000,3597407.0
1719421200000,3612747.4
1719424800000,3661402.6
1719428400000,3656460.6
1719432000000,3632445.2
1719435600000,3604013.5
1719439200000,3592069.3
1719442800000,3592599.0
1719446400000,3576392.3
1719450000000,3615521.1
1719453600000,3614435.5
1719457200000,3596686.3
1719460800000,3579306.4
1719464400000,3562729.8
1719468000000,3564501.5
1719471600000,3553143.1
1719475200000,3578647.5
1719478800000,3587318.3
1719482400000,3556908.7
1719486000000,3580669.2
1719489600000,3628147.3
1719493200000,3610128.3
1719496800000,3839787.3
1719500400000,3828849.6
1719504000000,3736925.9
1719507600000,3715088.4
1719511200000,3711984.5
1719514800000,3716750.4
1719518400000,3729457.9
1719522000000,3812633.3
1719525600000,3874683.3
1719529200000,3862456.4
1719532800000,3861792.8
1719536400000,3802479.4
1719540000000,3784255.8
1719543600000,3798472.9
1719547200000,3778357.5
1719550800000,3815949.2
1719554400000,3804081.1
1719558000000,3815196.2
1719561600000,3794403.1
1719565200000,3775436.5
1719568800000,3771252.6
1719572400000,3755178.7
1719576000000,3722984.0
1719579600000,3753115.8
1719583200000,3734026.2
1719586800000,3854329.9
1719590400000,3765508.4
1719594000000,3771000.9
1719597600000,3851970.8
1719601200000,3887254.0
1719604800000,3894262.7
1719608400000,3920777.5
1719612000000,3941292.4
1719615600000,3957462.4
1719619200000,3943529.5
1719622800000,3911304.1
1719626400000,3853971.8
1719630000000,3818583.1
1719633600000,3811869.9
1719637200000,3840144.3
1719640800000,3865063.7
1719644400000,3874564.9
1719648000000,3902368.6
1719651600000,3888913.8
1719655200000,3904785.3
1719658800000,3895499.3
1719662400000,3884453.5
1719666000000,3864490.1
1719669600000,3881602.5
1719673200000,3867837.5
1719676800000,3898322.7
1719680400000,3887278.0
1719684000000,3884228.4
1719687600000,3879751.2
1719691200000,3866192.5
1719694800000,3894927.5
1719698400000,3903730.0
1719702000000,3895472.1
1719705600000,3892557.5
1719709200000,3890481.4
1719712800000,3898949.7
1719716400000,3901416.9
1719720000000,3920170.1
1719723600000,3920255.3
1719727200000,3934172.8
1719730800000,3892751.0
1719734400000,3908801.0
1719738000000,3906816.7
1719741600000,3901953.5
1719745200000,3902123.7
1719748800000,3906742.1
1719752400000,3878532.2
1719756000000,3878008.5
1719759600000,3885481.8
1719763200000,3886217.7
1719766800000,3871158.8
1719770400000,3836629.8
1719774000000,3816453.8
1719777600000,3821948.1
1719781200000,3841174.4
1719784800000,3832506.2
1719788400000,3785832.7
